customer_id,signup_date,birth_date,state,income,acquisition_channel
1,2023-06-18,1999-02-12,BA,20031.4,organic
2,2025-10-13,1996-07-02,PR,11413.14,social_media
3,2024-03-09,2002-10-13,SP,23305.63,paid_search
4,2023-01-04,1996-05-11,SP,7208.61,partner
5,2025-06-13,1963-09-28,PE,16891.77,social_media
6,2024-06-05,1964-11-20,CE,17335.77,paid_search
7,2023-11-03,1953-03-12,BA,4223.68,paid_search
8,2023-02-17,1999-08-12,PR,22274.81,referral
9,2024-01-16,2005-11-24,BA,9300.32,referral
10,2025-08-27,2005-12-20,SP,17690.13,social_media
11,2024-01-17,1968-01-06,RJ,1609.84,referral
12,2024-04-14,2002-08-06,RS,20874.32,organic
13,2026-06-08,1996-01-13,RJ,4170.44,referral
14,2025-09-06,1969-01-02,RJ,29436.13,referral
15,2026-01-19,1987-01-29,PE,14335.7,paid_search
16,2023-02-04,1983-09-01,BA,4205.23,social_media
17,2026-03-04,1973-06-19,RJ,21411.84,referral
18,2025-07-13,1996-03-25,RS,14831.92,partner
19,2026-08-07,1963-12-21,SP,16551.49,paid_search
20,2023-03-23,1972-12-30,BA,5698.2,social_media
21,2025-03-25,1984-01-27,PE,5096.25,social_media
22,2025-02-13,1989-05-04,RJ,24426.75,partner
23,2023-04-12,1999-09-26,SP,17561.26,paid_search
24,2025-06-03,1970-05-02,CE,11798.01,referral
25,2026-06-30,1992-10-08,RS,11768.46,organic
26,2025-12-25,1986-11-07,RS,10341.07,organic
27,2023-05-07,1973-05-08,SP,14475.58,organic
28,2024-08-25,2001-07-16,BA,23095.52,paid_search
29,2023-06-20,1987-07-27,PE,28997.91,partner
30,2023-12-23,1999-03-28,RS,20235.38,partner
31,2026-01-02,1965-09-26,BA,3870.06,paid_search
32,2026-07-25,2006-09-12,CE,21965.71,referral
33,2024-01-24,1970-08-06,PE,23709.46,social_media
34,2024-01-18,1988-10-26,RS,2269.77,social_media
35,2024-07-05,1999-01-05,PE,29142.9,organic
36,2024-12-27,1994-10-23,PE,2419.61,referral
37,2023-12-17,1958-03-08,RJ,22027.15,social_media
38,2023-11-24,1967-10-06,BA,18230.2,referral
39,2026-05-24,1974-09-14,BA,19766.54,partner
40,2025-02-08,1968-12-25,RS,9048.57,partner
41,2023-07-22,1995-08-22,RS,3495.35,paid_search
42,2026-05-05,1998-11-30,RS,26206.82,social_media
43,2026-06-19,2000-03-11,CE,5658.65,social_media
44,2024-10-15,1964-11-19,BA,10400.98,referral
45,2025-11-22,1963-06-13,RJ,5112.83,paid_search
46,2023-06-26,2005-02-09,RJ,1969.2,partner
47,2023-02-23,1991-08-14,MG,15484.59,paid_search
48,2024-07-13,1959-05-17,RS,17640.32,referral
49,2026-05-24,1959-08-09,SP,16216.51,paid_search
50,2025-03-18,2007-01-13,CE,10916.54,partner
51,2023-11-06,1995-05-09,SP,10292.64,partner
52,2023-01-11,1994-11-21,RJ,4034.63,social_media
53,2023-02-16,1989-01-26,BA,25307.89,referral
54,2023-01-04,1993-01-19,BA,21204.58,organic
55,2025-05-02,1996-08-30,MG,6267.22,organic
56,2025-06-24,1978-10-14,BA,16299.99,organic
57,2023-03-02,1952-07-15,SP,10182.08,referral
58,2023-02-26,2003-05-10,CE,13112.38,paid_search
59,2023-02-20,1993-10-27,CE,4734.78,referral
60,2025-11-08,1962-02-28,BA,5950.11,organic
61,2026-03-02,1951-12-15,SP,9207.14,partner
62,2025-11-12,1999-11-14,PR,2239.42,referral
63,2024-11-26,2007-12-07,CE,17179.87,organic
64,2023-08-23,1983-01-07,BA,5555.08,social_media
65,2023-10-03,1973-05-27,PR,2885.2,partner
66,2025-08-06,1988-08-25,SP,20433.89,referral
67,2025-07-01,1992-08-13,CE,2248.85,partner
68,2023-03-18,2002-06-20,SP,1670.3,paid_search
69,2025-02-22,1972-04-30,SP,16741.29,paid_search
70,2025-08-22,1990-01-03,RJ,19166.26,social_media
71,2026-01-19,1983-07-30,MG,22809.24,referral
72,2024-11-23,1979-06-21,PR,15605.72,partner
73,2024-10-24,2006-10-04,RS,14074.85,paid_search
74,2024-06-18,1954-12-02,SP,7073.9,partner
75,2023-05-27,1992-05-02,RJ,10420.42,social_media
76,2024-06-17,2000-10-11,MG,20276.46,social_media
77,2024-03-04,1997-09-23,CE,23465.03,social_media
78,2024-05-28,1972-03-30,PR,15050.11,partner
79,2023-01-05,1986-03-02,BA,9898.07,paid_search
80,2023-03-04,1987-12-27,CE,25027.71,paid_search
81,2023-05-29,1986-06-08,BA,2011.41,referral
82,2024-06-09,1991-10-05,RS,16169.54,partner
83,2023-08-28,1983-03-19,MG,8024.88,partner
84,2025-10-04,2006-05-04,CE,15300.63,referral
85,2024-07-05,1969-03-02,CE,23778.72,partner
86,2023-04-20,1969-05-04,RS,18647.98,organic
87,2025-09-03,1979-02-16,PR,22389.94,social_media
88,2026-05-21,1975-05-14,CE,12504.15,organic
89,2025-12-10,1999-06-09,PE,12163.15,partner
90,2024-02-27,1955-10-17,RS,11328.19,partner
91,2024-10-29,1995-05-29,RS,4225.63,partner
92,2023-03-29,2000-03-13,BA,8421.96,referral
93,2023-07-05,1975-11-04,BA,26070.56,organic
94,2024-06-12,1972-11-14,BA,11668.37,partner
95,2025-07-01,1982-11-17,PR,25345.98,social_media
96,2024-10-29,1962-05-17,RJ,3677.98,partner
97,2026-07-26,1984-04-11,PR,14149.31,paid_search
98,2024-12-11,1999-05-19,PE,29673.96,social_media
99,2025-06-27,1979-08-20,RS,14579.81,organic
100,2025-08-17,1971-05-09,BA,26345.78,social_media
101,2025-08-26,1970-07-03,SP,20352.22,social_media
102,2025-11-29,1964-12-21,PE,29425.72,partner
103,2025-07-18,1979-06-04,SP,8209.18,partner
104,2023-11-12,1954-08-10,PR,20841.99,organic
105,2026-07-27,1990-02-17,MG,11164.57,social_media
106,2024-08-12,2006-01-30,RJ,20640.63,paid_search
107,2024-11-10,1956-12-18,PE,27186.47,paid_search
108,2023-09-26,1992-10-08,PR,19887.88,referral
109,2023-04-30,1978-11-29,CE,21196.57,referral
110,2023-01-17,1961-10-14,PR,10855.19,social_media
111,2024-06-11,1979-03-29,RS,7324.17,partner
112,2026-06-30,1976-11-04,BA,28302.26,referral
113,2026-08-19,1987-08-27,RS,17336.6,partner
114,2024-09-28,1991-07-18,RS,17863.5,social_media
115,2023-07-06,2001-01-07,SP,28340.37,organic
116,2025-12-10,1990-05-05,PE,2489.43,referral
117,2025-01-16,1978-12-02,PR,5430.76,partner
118,2023-09-15,1984-02-26,SP,22358.17,referral
119,2024-12-13,1954-02-23,MG,2892.25,partner
120,2023-10-24,1967-09-26,PE,10190.32,referral
121,2024-01-28,1976-11-09,SP,16371.42,organic
122,2025-06-25,1958-12-01,BA,16625.94,social_media
123,2025-01-19,1966-08-02,MG,11300.67,social_media
124,2025-08-06,1968-01-04,SP,15455.84,referral
125,2024-11-02,1984-01-27,CE,26427.77,organic
126,2026-05-02,1983-08-01,MG,20359.94,partner
127,2026-03-21,1972-08-31,BA,22340.21,organic
128,2024-03-25,2001-01-10,PE,15387.56,organic
129,2024-08-23,1958-09-15,PR,2356.76,partner
130,2023-04-05,1978-04-06,PR,22358.26,referral
131,2024-11-02,2005-04-25,CE,16784.85,partner
132,2025-10-09,1976-05-31,CE,18427.72,organic
133,2023-08-12,1989-08-18,SP,25988.49,social_media
134,2025-05-19,1959-10-25,SP,2649.06,organic
135,2023-01-02,1952-03-24,CE,19833.53,partner
136,2025-04-24,1979-08-18,SP,2321.98,partner
137,2023-03-05,1971-01-22,PR,8229.12,social_media
138,2026-03-01,1966-01-20,SP,18100.22,partner
139,2025-08-05,1987-06-18,RJ,25747.03,referral
140,2026-02-14,1997-09-13,CE,22439.5,referral
141,2023-05-21,1963-09-25,RS,20647.55,partner
142,2025-03-15,1976-10-19,BA,2843.6,paid_search
143,2026-05-10,1981-04-26,BA,12160.61,referral
144,2026-07-04,1991-11-29,RS,23350.81,referral
145,2024-03-14,1963-09-14,RJ,22365.76,paid_search
146,2023-11-17,1970-05-01,PE,12417.17,social_media
147,2025-07-06,1982-04-23,CE,24787.1,paid_search
148,2024-04-10,1989-08-24,RJ,18408.74,referral
149,2023-12-27,1951-03-15,BA,3091.82,partner
150,2023-06-09,1966-03-30,RS,12450.91,referral
151,2023-08-27,1966-01-11,RS,10543.4,social_media
152,2024-03-27,1995-07-30,BA,27609.77,social_media
153,2024-09-04,1975-02-07,SP,12465.78,partner
154,2025-10-21,2006-02-16,PE,22541.31,paid_search
155,2023-10-24,2003-03-17,RJ,6756.93,partner
156,2025-10-10,1964-06-30,CE,2011.11,partner
157,2024-02-18,1990-07-16,SP,18694.97,organic
158,2025-10-19,1978-10-25,SP,19503.75,organic
159,2024-04-02,2001-07-03,MG,11376.04,partner
160,2024-07-30,1978-09-09,SP,10471.66,partner
161,2026-02-25,1984-09-23,CE,29436.17,organic
162,2025-11-09,1960-01-07,PR,21471.49,organic
163,2025-07-12,1993-08-08,BA,3797.11,partner
164,2023-03-23,1971-12-25,SP,15433.71,paid_search
165,2025-08-09,1983-04-04,CE,2092.1,paid_search
166,2023-07-20,1997-06-23,BA,1537.27,referral
167,2024-08-06,1983-02-13,MG,17473.95,paid_search
168,2026-08-27,1994-09-22,MG,3984.74,organic
169,2024-10-23,1968-06-11,PR,27864.08,referral
170,2024-10-23,2003-01-20,PE,10070.74,social_media
171,2025-03-26,1951-09-09,SP,1943.41,organic
172,2025-04-14,1967-10-06,PE,21917.39,social_media
173,2026-05-06,1987-04-23,RS,24834.25,partner
174,2024-06-10,1968-10-08,RJ,6742.49,referral
175,2025-07-05,1959-07-24,PE,29686.43,referral
176,2024-04-10,1955-01-22,MG,9497.62,social_media
177,2025-06-23,1988-02-13,PE,16296.04,social_media
178,2025-05-01,1951-11-22,PE,14452.58,social_media
179,2025-06-23,1978-06-30,CE,17548.16,paid_search
180,2023-02-07,2005-07-03,RJ,1670.38,paid_search
181,2023-03-02,1968-10-23,RS,24588.82,partner
182,2024-07-03,1977-12-24,PE,9566.31,partner
183,2024-10-01,1959-08-26,PR,22434.13,partner
184,2023-04-28,1969-01-22,PE,1885.06,partner
185,2025-03-18,1990-01-24,SP,18191.51,partner
186,2023-08-16,1997-09-09,RS,11564.14,paid_search
187,2025-03-13,2002-01-03,PE,5570.05,paid_search
188,2025-03-15,1965-06-23,SP,22665.08,organic
189,2024-07-14,1987-01-01,CE,22412.14,referral
190,2023-02-21,2005-07-15,MG,24255.76,paid_search
191,2024-03-09,1991-01-05,PE,15335.05,organic
192,2023-07-31,1979-05-05,CE,18308.62,referral
193,2023-11-11,1974-01-29,BA,25260.66,organic
194,2025-12-05,1959-08-10,MG,16833.84,social_media
195,2024-10-05,1980-03-12,SP,27459.01,referral
196,2025-02-05,1999-09-05,PE,16614.61,referral
197,2023-01-26,1979-12-26,CE,8184.24,organic
198,2025-06-13,1995-10-04,RJ,21674.74,referral
199,2026-06-03,1985-08-24,BA,3302.08,paid_search
200,2025-09-14,1999-06-27,PE,29694.45,organic
201,2024-11-27,1998-06-06,PR,16866.84,organic
202,2024-11-09,1955-03-23,PR,7627.57,organic
203,2023-12-24,1991-05-03,MG,19582.75,organic
204,2026-08-06,2003-02-13,PR,2997.3,referral
205,2025-06-28,1992-01-07,RJ,29810.56,organic
206,2026-02-21,2002-03-30,RJ,7658.23,partner
207,2023-06-04,1966-10-29,SP,27749.03,referral
208,2025-06-17,1970-10-25,PE,18304.13,social_media
209,2024-11-09,2005-03-06,BA,14359.42,partner
210,2026-03-10,1981-05-13,RJ,10390.84,social_media
211,2025-09-10,1987-04-21,RJ,5169.7,organic
212,2025-04-25,1975-08-23,PR,3199.41,social_media
213,2023-11-14,1989-07-11,PE,8722.03,referral
214,2026-05-29,1981-02-25,MG,24452.31,paid_search
215,2024-01-12,1951-11-11,MG,8277.34,partner
216,2025-12-17,1974-08-23,RS,29918.95,partner
217,2023-09-18,1994-09-19,PE,21358.47,referral
218,2026-04-10,1992-06-17,PR,22578.26,partner
219,2024-02-20,1997-01-03,RS,22139.46,paid_search
220,2023-12-11,1956-03-13,RS,29349.74,social_media
221,2023-08-01,1970-09-23,SP,8345.18,social_media
222,2025-12-22,2005-08-31,CE,12847.51,referral
223,2026-02-05,1989-08-28,PE,19592.62,social_media
224,2023-12-10,1961-02-27,RS,4018.45,social_media
225,2024-07-02,1992-11-02,RJ,4517.94,partner
226,2024-02-05,2003-07-31,PR,23398.22,organic
227,2023-07-10,1995-12-30,MG,12828.15,paid_search
228,2025-03-31,1953-07-16,RJ,18856.08,partner
229,2023-01-30,1982-08-14,SP,29312.01,organic
230,2026-03-26,1980-08-17,CE,21683.16,paid_search
231,2024-01-01,1980-07-21,PR,6625.95,referral
232,2024-02-05,2004-01-09,PE,19146.64,paid_search
233,2024-09-29,1985-07-16,MG,1551.16,social_media
234,2024-05-29,1992-09-16,SP,3889.4,referral
235,2024-04-07,1953-11-18,PE,14000.14,social_media
236,2024-08-19,1952-01-06,RS,25950.33,referral
237,2023-03-08,1980-07-30,RS,26332.79,referral
238,2026-03-08,1989-03-08,MG,23235.43,partner
239,2023-12-31,1961-07-26,BA,24229.15,social_media
240,2026-06-30,1982-11-05,MG,28791.87,social_media
241,2023-04-01,1957-02-23,MG,10417.15,organic
242,2024-06-12,1970-09-23,RJ,11330.34,organic
243,2026-02-13,1969-09-20,RS,7240.21,social_media
244,2026-05-05,1978-12-19,RS,10583.15,referral
245,2026-04-17,1991-12-25,PR,15121.86,organic
246,2023-06-20,1983-06-12,MG,23458.19,organic
247,2024-05-11,1988-05-15,CE,19896.85,referral
248,2024-10-31,1954-11-22,MG,23664.05,partner
249,2025-07-27,1967-05-18,BA,4172.71,social_media
250,2026-04-19,1976-09-17,BA,6034.09,social_media
251,2024-07-22,2006-11-06,RS,13918.22,organic
252,2025-08-18,1956-05-15,SP,24829.79,paid_search
253,2023-01-20,1962-02-25,CE,20016.24,paid_search
254,2024-06-05,1973-05-09,BA,6059.67,paid_search
255,2025-05-20,1953-11-21,CE,22460.62,referral
256,2026-08-05,2003-04-27,PR,22875.92,social_media
257,2024-11-25,2001-11-24,SP,18598.74,social_media
258,2023-02-11,1986-04-15,RS,6257.24,partner
259,2024-10-19,1961-08-29,CE,10772.64,social_media
260,2023-04-30,2003-03-17,CE,25957.36,partner
261,2024-04-04,1987-06-01,PR,26128.34,social_media
262,2026-04-24,1952-10-13,SP,14384.37,referral
263,2024-09-13,1964-11-02,PR,10203.83,organic
264,2023-04-11,1957-12-22,SP,3516.16,partner
265,2024-08-13,1969-01-05,BA,8556.47,paid_search
266,2026-01-29,1994-05-18,SP,19303.78,organic
267,2024-07-27,1989-01-19,BA,29280.72,partner
268,2023-09-29,2004-02-12,RJ,28504.91,organic
269,2026-01-16,1976-09-28,RJ,27980.1,referral
270,2024-10-01,1972-09-24,PR,6114.37,referral
271,2024-09-29,2006-04-24,MG,24893.56,paid_search
272,2026-04-26,1986-07-17,SP,2672.33,paid_search
273,2025-05-03,1994-04-03,CE,26567.06,social_media
274,2023-10-14,1970-07-13,RJ,27433.95,social_media
275,2026-05-12,1972-12-02,BA,4553.15,social_media
276,2023-12-31,1985-02-27,PR,25311.34,social_media
277,2023-03-13,1970-10-16,RJ,12271.33,referral
278,2023-09-30,1997-05-30,CE,29832.41,partner
279,2026-03-28,2002-11-29,PR,12394.61,referral
280,2026-06-17,1966-01-01,RS,17945.34,social_media
281,2023-05-03,1955-10-08,RS,24798.69,paid_search
282,2024-07-20,2003-05-15,MG,14775.49,referral
283,2023-05-17,1984-10-06,PE,25195.53,partner
284,2026-08-07,1974-04-25,BA,23062.75,referral
285,2025-10-19,2006-12-05,SP,24619.08,organic
286,2025-05-17,1955-06-04,RJ,28584.74,referral
287,2023-08-18,1952-11-11,RS,8937.54,referral
288,2023-12-24,1986-03-15,RS,24557.29,partner
289,2024-12-08,1999-09-19,BA,24973.76,partner
290,2025-07-08,1997-02-10,RS,2407.95,paid_search
291,2025-01-16,1974-02-08,RJ,22143.0,social_media
292,2026-05-13,1975-07-14,RS,26058.96,social_media
293,2023-09-06,1964-10-01,CE,28939.41,referral
294,2024-10-14,1968-06-25,PR,21108.62,referral
295,2024-04-12,1962-03-03,RJ,12205.22,organic
296,2024-11-02,1974-11-20,PR,5971.13,partner
297,2026-03-31,1969-08-26,RJ,20680.83,referral
298,2026-02-01,1970-04-26,MG,14014.17,organic
299,2024-07-06,1999-03-13,BA,19567.58,organic
300,2023-10-30,1974-03-27,SP,21402.93,partner
301,2024-07-26,2007-06-15,PE,3104.97,referral
302,2025-08-09,1977-12-27,PE,27245.59,social_media
303,2024-01-15,1999-03-14,RJ,21567.22,social_media
304,2025-10-05,1992-08-22,PR,3448.15,referral
305,2026-01-19,1977-03-21,RJ,25603.16,social_media
306,2024-03-03,1997-04-21,SP,23949.94,referral
307,2026-01-04,2006-12-16,PR,16742.4,partner
308,2023-03-14,1983-04-17,RJ,6909.14,paid_search
309,2025-05-15,1989-07-09,MG,22309.55,referral
310,2024-12-07,2007-11-16,PE,23472.56,paid_search
311,2025-08-29,1959-08-06,SP,16457.38,partner
312,2024-11-22,2001-07-25,RJ,22963.12,partner
313,2024-11-23,2003-01-08,PR,19038.91,referral
314,2025-01-12,1978-04-21,MG,8291.69,social_media
315,2025-08-05,1951-10-15,MG,21354.48,paid_search
316,2024-12-25,2002-03-16,MG,20504.27,social_media
317,2024-03-09,1952-08-12,SP,26261.94,social_media
318,2024-11-06,1975-03-03,MG,11759.38,referral
319,2023-08-29,2003-07-17,SP,16399.42,organic
320,2025-07-30,1955-07-15,PR,5325.85,referral
321,2025-08-01,2001-04-14,RS,15637.74,referral
322,2023-05-20,2000-10-12,CE,25471.37,referral
323,2026-03-26,1954-03-22,PE,9776.27,organic
324,2025-01-11,1978-06-10,SP,4621.25,social_media
325,2026-02-13,1967-04-15,RS,12091.07,paid_search
326,2024-11-22,1975-01-18,PE,17382.87,social_media
327,2024-06-24,2006-09-18,PE,25725.05,referral
328,2024-09-11,1993-01-03,PE,18226.27,organic
329,2024-10-28,1973-09-16,CE,15717.44,referral
330,2025-10-15,1979-06-03,RS,4149.83,partner
331,2024-11-13,1977-09-26,BA,7098.11,paid_search
332,2024-11-19,1958-08-02,BA,27757.07,social_media
333,2023-11-06,1995-01-18,RJ,13971.79,social_media
334,2024-11-01,2007-03-21,BA,24763.47,paid_search
335,2025-02-05,1967-05-05,BA,5840.87,partner
336,2024-03-25,2000-08-05,PR,28436.72,referral
337,2023-09-05,1969-05-11,PE,2169.04,paid_search
338,2024-11-16,1998-07-26,PR,16266.09,social_media
339,2023-09-11,1980-07-23,RJ,20475.17,referral
340,2023-08-18,1986-03-01,BA,22116.99,paid_search
341,2024-08-27,1992-03-21,RS,23132.37,organic
342,2026-04-01,1976-06-11,PE,24799.36,referral
343,2025-04-21,1966-01-18,RS,17022.48,social_media
344,2024-05-07,1993-02-08,RS,29243.87,referral
345,2024-06-09,1952-03-12,PE,27813.27,social_media
346,2024-02-20,1974-04-11,MG,24378.03,organic
347,2024-06-04,1979-07-12,MG,9861.72,social_media
348,2025-07-31,1993-03-21,SP,22728.65,social_media
349,2025-09-13,1960-05-01,CE,8698.31,partner
350,2025-06-16,1967-12-14,MG,1841.43,organic
351,2024-02-11,1984-06-20,SP,7240.62,partner
352,2025-04-14,2003-12-29,PE,29410.68,organic
353,2023-04-01,1951-04-24,SP,14471.71,referral
354,2026-07-14,1961-10-13,PR,26656.1,partner
355,2026-03-19,1991-02-12,PR,2800.13,referral
356,2025-03-30,2002-01-29,RS,26625.17,paid_search
357,2025-11-19,1977-11-11,RS,14582.2,referral
358,2023-07-04,1963-12-12,SP,25604.35,partner
359,2024-06-27,1981-01-20,MG,9489.48,paid_search
360,2023-01-18,1996-10-16,SP,9795.6,paid_search
361,2024-02-13,1977-12-27,BA,3582.41,referral
362,2025-03-27,1989-02-16,SP,24386.09,paid_search
363,2023-01-26,1981-01-03,PR,28697.38,paid_search
364,2023-11-03,2000-03-16,RS,23001.41,partner
365,2025-01-19,1970-02-02,PR,22702.37,referral
366,2024-06-17,2003-01-31,BA,28522.08,social_media
367,2025-02-03,1956-10-04,CE,6251.98,referral
368,2024-12-19,2005-09-11,RJ,11975.05,social_media
369,2024-01-22,1958-03-01,PR,12858.87,referral
370,2023-01-14,1984-03-26,SP,28397.7,paid_search
371,2025-05-17,1998-03-01,PR,4147.83,paid_search
372,2026-08-02,1954-01-16,PR,14266.25,organic
373,2026-02-14,1953-04-15,BA,17456.04,paid_search
374,2026-04-17,1974-02-26,SP,14731.95,organic
375,2025-05-03,1957-10-07,MG,18380.83,paid_search
376,2023-05-02,1952-12-31,BA,23055.56,organic
377,2023-12-15,1994-10-17,MG,6369.99,organic
378,2026-07-05,1962-12-14,RS,7122.33,paid_search
379,2023-06-20,1962-08-07,BA,13006.91,partner
380,2025-09-05,1990-07-25,SP,6323.67,paid_search
381,2023-06-02,2004-11-14,MG,27072.91,referral
382,2025-03-29,2001-07-27,SP,8533.8,paid_search
383,2024-06-20,1962-01-14,RS,28739.08,referral
384,2025-11-16,2004-06-07,PR,5679.57,partner
385,2023-04-09,1994-06-01,BA,15405.81,social_media
386,2023-06-03,1986-11-25,MG,21106.22,organic
387,2025-11-13,2001-09-16,CE,26775.58,social_media
388,2026-02-04,1962-07-20,PR,24103.64,paid_search
389,2024-06-19,1989-06-18,RJ,1552.58,referral
390,2025-11-14,1975-02-24,RJ,16350.2,partner
391,2025-10-28,1985-07-30,BA,2967.73,paid_search
392,2023-11-05,1993-11-03,MG,21040.23,referral
393,2025-12-06,1994-03-17,PE,19300.56,paid_search
394,2026-05-07,1960-11-06,PR,4431.64,organic
395,2025-02-16,1985-06-25,CE,10070.59,partner
396,2023-10-16,1978-11-20,CE,21923.55,social_media
397,2025-04-04,1982-01-31,MG,8030.31,paid_search
398,2024-08-15,1964-04-17,MG,22249.36,referral
399,2024-04-04,1983-12-27,RJ,8047.28,social_media
400,2025-12-10,1955-11-24,BA,19382.07,referral
401,2023-09-11,1995-04-17,PR,23477.81,organic
402,2024-04-11,1996-09-25,PE,20329.86,referral
403,2024-03-24,1956-06-26,SP,28768.5,paid_search
404,2023-10-17,1978-05-09,CE,28866.39,paid_search
405,2023-11-25,1988-06-16,PR,13888.9,organic
406,2025-07-27,1998-03-20,RJ,3207.08,referral
407,2024-03-02,2006-05-07,PR,6957.53,partner
408,2023-01-10,1977-01-31,RJ,17132.86,referral
409,2024-10-12,1994-07-24,SP,3929.11,paid_search
410,2025-03-18,1963-12-07,MG,14965.31,social_media
411,2024-09-06,1994-01-18,CE,7308.35,social_media
412,2023-05-20,1989-07-20,BA,23639.98,referral
413,2026-01-20,1962-04-06,RS,10270.54,referral
414,2023-03-15,1983-05-30,RS,17085.93,social_media
415,2026-05-04,1961-11-03,RS,16868.74,social_media
416,2025-01-10,1967-05-17,SP,19707.7,paid_search
417,2025-03-22,1993-02-23,PR,12355.14,social_media
418,2023-01-20,1955-05-09,CE,28125.61,organic
419,2024-11-06,1958-11-27,MG,19657.42,partner
420,2023-12-26,1963-07-26,SP,8849.34,organic
421,2024-03-25,1960-11-04,PE,29339.9,social_media
422,2025-10-24,1977-01-21,SP,14315.28,paid_search
423,2025-08-23,1981-07-25,SP,12908.97,organic
424,2024-12-21,1986-02-07,PR,15053.5,partner
425,2024-10-31,1980-02-28,SP,5994.02,partner
426,2026-07-11,1957-05-14,PE,23452.54,organic
427,2025-02-01,1983-02-11,MG,22184.48,partner
428,2024-09-06,1989-03-07,SP,17903.69,paid_search
429,2025-04-29,1993-09-17,BA,22315.29,paid_search
430,2023-10-30,1952-12-25,RJ,6147.05,paid_search
431,2024-11-07,1977-03-29,RS,24174.62,referral
432,2026-07-17,1982-06-03,SP,23923.61,social_media
433,2023-08-17,1972-06-20,RJ,6666.34,paid_search
434,2023-06-26,1964-10-11,PR,3233.51,social_media
435,2024-03-27,1954-01-08,BA,20088.32,referral
436,2023-01-24,2003-12-30,RS,25420.65,organic
437,2023-11-10,1998-12-07,RS,21459.48,organic
438,2023-08-15,1956-11-15,CE,8755.37,social_media
439,2025-03-23,1962-07-04,RS,5860.64,referral
440,2026-07-10,1986-10-29,MG,21376.28,social_media
441,2024-05-06,1955-12-12,RJ,6217.86,paid_search
442,2024-05-30,1977-07-26,BA,24921.67,organic
443,2024-07-06,1961-06-05,CE,11526.07,paid_search
444,2024-02-07,1985-10-23,MG,22885.5,paid_search
445,2026-02-25,1974-10-28,BA,6168.14,partner
446,2024-07-26,1959-10-28,CE,20996.57,partner
447,2026-03-08,1960-11-07,BA,11699.9,partner
448,2024-01-01,1988-08-01,RJ,4189.05,partner
449,2026-01-24,1971-06-30,MG,2309.65,paid_search
450,2026-03-10,1969-02-15,MG,8430.28,paid_search
451,2025-12-17,1986-07-14,SP,6590.45,partner
452,2026-07-07,1987-06-26,CE,29423.94,referral
453,2025-07-21,1988-05-15,CE,20040.73,organic
454,2023-06-11,1995-12-07,CE,13671.74,social_media
455,2023-03-31,1967-08-20,SP,8606.61,organic
456,2023-06-16,2002-05-11,RS,14949.51,paid_search
457,2025-03-01,1956-11-20,CE,29107.38,referral
458,2023-03-02,2005-05-12,SP,16783.34,paid_search
459,2024-08-14,1955-06-09,CE,8000.9,partner
460,2024-05-22,1965-11-27,CE,9701.3,paid_search
461,2025-08-26,1999-04-25,PR,7686.6,referral
462,2026-03-21,1988-01-05,PE,28984.54,organic
463,2024-03-12,1964-03-12,RJ,8560.54,referral
464,2026-08-01,1987-07-27,BA,2854.58,social_media
465,2026-03-22,2007-02-22,PE,22723.34,referral
466,2025-02-19,2002-10-19,PR,17359.25,social_media
467,2026-02-02,1984-09-18,RJ,4013.35,organic
468,2024-08-10,1978-03-03,BA,18838.39,social_media
469,2024-08-26,1977-04-26,RJ,20347.6,partner
470,2023-03-05,1970-09-26,SP,29436.24,partner
471,2024-01-31,1989-06-09,RJ,23654.07,social_media
472,2024-04-22,1996-02-20,CE,21763.53,partner
473,2023-03-26,1961-11-23,CE,10913.84,social_media
474,2023-07-18,1995-01-26,CE,22331.52,social_media
475,2023-05-23,1955-05-20,CE,22550.61,organic
476,2025-11-29,1982-07-17,RS,3876.1,social_media
477,2024-11-28,1982-08-16,PR,5733.91,referral
478,2026-05-18,1990-01-01,SP,15012.72,partner
479,2026-07-25,2002-11-22,RJ,25099.36,organic
480,2023-07-25,1973-04-16,CE,15421.31,paid_search
481,2024-09-26,1995-12-26,SP,6389.32,referral
482,2023-09-21,2004-06-18,PR,10411.97,organic
483,2024-11-27,2005-06-19,CE,3047.23,social_media
484,2025-02-23,1972-11-01,RJ,21483.86,paid_search
485,2026-06-28,1962-05-31,CE,16105.37,referral
486,2026-04-24,1964-10-23,PR,16201.27,paid_search
487,2025-11-03,1952-08-01,PE,23153.79,referral
488,2024-01-30,1994-11-10,MG,26806.73,social_media
489,2023-03-22,1977-12-10,RS,2318.52,organic
490,2025-01-13,1960-02-14,RJ,11524.48,social_media
491,2024-12-15,1955-10-30,PR,6631.26,partner
492,2024-11-14,1997-01-08,PR,16416.78,social_media
493,2025-11-19,1960-07-21,BA,18147.6,referral
494,2023-01-04,1987-09-20,RS,29738.07,social_media
495,2023-02-01,1968-06-27,RS,16278.37,referral
496,2024-03-18,1972-09-02,PE,21941.48,referral
497,2023-10-17,1982-05-17,BA,4792.69,social_media
498,2025-08-06,1970-10-06,RS,20516.26,organic
499,2023-02-27,2002-03-01,MG,8079.05,partner
500,2024-08-30,1965-08-01,PR,8807.78,social_media
501,2023-10-01,1984-08-15,RS,12481.77,social_media
502,2024-01-28,1978-07-23,PR,3110.92,referral
503,2023-04-15,1986-05-24,PE,9978.52,referral
504,2025-06-07,1982-03-31,BA,27783.71,partner
505,2023-04-20,1960-10-27,BA,9992.31,partner
506,2024-05-25,1996-04-03,BA,21515.75,paid_search
507,2026-01-29,1971-01-03,RJ,22130.98,social_media
508,2023-05-30,1996-03-06,RJ,28469.35,organic
509,2023-07-08,1958-10-11,BA,6271.17,organic
510,2024-02-08,1969-08-24,CE,7034.37,referral
511,2025-01-07,1994-12-27,CE,27050.9,partner
512,2024-11-11,1968-03-07,PR,15328.4,organic
513,2023-10-22,1999-09-22,PR,21778.91,social_media
514,2023-01-24,1996-12-15,PE,26100.48,organic
515,2025-08-06,2002-03-02,SP,11829.96,paid_search
516,2024-03-20,1968-02-05,PE,14900.91,social_media
517,2023-02-06,1973-11-19,RJ,27634.03,paid_search
518,2025-02-14,1999-05-30,PR,4728.2,organic
519,2025-11-03,1984-06-06,PR,9373.16,partner
520,2024-07-27,1989-10-31,MG,25475.85,partner
521,2023-11-01,1999-05-08,SP,10749.96,paid_search
522,2025-06-04,2000-04-01,BA,25592.14,organic
523,2023-01-03,1988-04-21,PR,22794.55,paid_search
524,2024-09-27,1997-08-30,PE,8667.15,referral
525,2025-01-24,2006-09-25,PR,27657.79,partner
526,2024-08-17,1984-07-27,MG,12885.77,organic
527,2026-07-01,1980-03-06,PE,4411.02,paid_search
528,2025-05-01,1960-03-06,PR,19352.25,paid_search
529,2023-04-26,1977-09-28,PR,14626.46,organic
530,2023-11-25,1970-09-20,BA,3537.25,referral
531,2025-07-02,1992-06-20,RS,3138.22,partner
532,2026-04-19,1974-01-10,CE,24226.04,organic
533,2024-03-01,2007-09-13,PE,21163.61,referral
534,2026-08-20,1968-07-28,PR,5418.26,organic
535,2025-05-08,1963-07-20,CE,5786.58,paid_search
536,2023-04-22,1987-07-08,RJ,24759.71,partner
537,2023-07-18,1972-05-13,RS,2809.91,referral
538,2026-02-04,1992-08-28,CE,19364.3,paid_search
539,2023-09-04,1984-09-24,PR,17598.81,partner
540,2025-05-26,1956-07-25,CE,10297.12,organic
541,2025-07-09,2001-12-18,BA,17067.69,referral
542,2025-04-22,1959-07-22,CE,6944.41,partner
543,2023-01-16,1992-02-14,SP,9723.38,partner
544,2025-09-27,1971-07-08,RJ,11443.45,organic
545,2023-06-03,1958-07-28,MG,12443.17,referral
546,2025-04-04,1999-07-21,PR,6520.43,organic
547,2026-05-12,1965-05-20,CE,6647.99,organic
548,2025-02-21,1977-05-30,BA,9747.04,organic
549,2023-12-23,1994-08-10,PR,7894.54,partner
550,2024-04-20,1970-01-24,BA,5342.61,organic
551,2024-11-17,1990-05-18,CE,22954.86,referral
552,2023-01-16,2007-10-28,RS,10784.82,organic
553,2023-08-31,1996-12-22,PR,1910.89,partner
554,2023-03-18,1961-02-23,CE,29909.68,social_media
555,2024-04-09,2001-07-09,BA,1848.75,organic
556,2023-03-19,1982-09-23,BA,11117.19,organic
557,2026-07-31,2000-12-13,CE,22158.49,organic
558,2023-08-21,1951-06-15,PE,11803.05,paid_search
559,2023-11-14,1980-01-17,MG,15365.29,social_media
560,2024-11-29,1968-11-13,RS,9762.83,social_media
561,2025-07-28,1952-02-21,RJ,29105.35,referral
562,2026-04-25,1983-06-27,BA,16355.96,referral
563,2025-05-08,1951-05-10,PR,12800.59,partner
564,2025-10-09,2000-11-06,SP,5578.16,organic
565,2024-04-23,1969-12-02,CE,26327.94,organic
566,2026-05-22,2000-10-09,RS,22309.67,paid_search
567,2026-06-29,1976-08-14,RJ,10536.55,social_media
568,2023-11-02,2001-02-04,CE,28365.28,paid_search
569,2023-11-17,1961-12-06,RS,15500.12,paid_search
570,2025-07-25,1954-04-26,PE,14304.71,social_media
571,2023-10-13,1965-03-31,RJ,8951.5,paid_search
572,2023-10-19,1995-04-13,BA,24396.04,referral
573,2023-06-15,1961-06-18,BA,26410.59,referral
574,2025-08-02,2004-08-29,MG,22921.83,referral
575,2023-10-20,1994-01-31,SP,23340.33,partner
576,2025-09-22,1997-08-17,MG,9803.18,social_media
577,2024-08-13,1987-08-01,RJ,10264.96,referral
578,2025-12-28,1992-03-13,BA,29656.03,referral
579,2026-02-04,1962-05-07,RS,25723.34,paid_search
580,2025-10-22,1954-09-12,RJ,29209.75,social_media
581,2024-09-26,1969-08-21,RS,9080.27,partner
582,2024-09-11,1988-02-27,SP,5299.97,organic
583,2024-10-27,1977-08-28,SP,21513.3,partner
584,2026-01-16,1999-09-21,BA,10907.05,organic
585,2024-09-03,1987-07-05,BA,2454.72,organic
586,2023-03-28,1983-10-15,RJ,28238.96,organic
587,2025-03-04,1960-03-29,SP,27024.4,partner
588,2023-12-24,1981-11-30,RS,1611.38,paid_search
589,2025-03-26,1988-10-20,RS,3653.14,social_media
590,2026-06-17,1973-08-28,BA,28005.04,organic
591,2025-12-19,1966-08-16,PE,16277.45,social_media
592,2026-07-30,1983-09-06,SP,13695.43,organic
593,2024-04-25,1958-07-16,CE,9784.13,paid_search
594,2024-09-05,1964-08-24,RS,6400.19,paid_search
595,2026-08-04,1984-03-06,CE,19165.57,partner
596,2025-05-21,1977-01-28,SP,5622.45,referral
597,2024-10-31,1968-04-23,PR,5932.93,paid_search
598,2023-09-13,1964-04-22,CE,21220.63,social_media
599,2024-06-12,1991-08-03,BA,8092.07,social_media
600,2024-11-19,1964-06-15,PE,21306.55,paid_search
601,2026-05-29,1998-03-14,BA,28346.23,social_media
602,2023-09-04,2004-02-04,BA,22855.66,paid_search
603,2024-09-06,1954-07-02,PE,8030.96,partner
604,2023-10-31,1986-08-19,RJ,21374.38,partner
605,2025-12-24,1981-12-07,BA,24736.17,partner
606,2026-01-17,1988-10-09,CE,27251.5,social_media
607,2026-06-15,1958-09-28,RJ,23567.73,referral
608,2024-12-24,2005-03-19,BA,5377.27,organic
609,2025-09-25,2003-08-25,PR,10419.59,paid_search
610,2023-06-08,1951-02-20,MG,7701.52,social_media
611,2024-05-01,1984-10-03,SP,5130.35,paid_search
612,2023-01-10,1970-12-19,BA,22569.02,partner
613,2023-01-14,1951-03-15,BA,11797.44,partner
614,2024-07-31,1988-09-18,RJ,13059.49,referral
615,2023-09-23,1999-09-11,CE,11939.17,partner
616,2026-01-03,2002-02-05,BA,3701.12,partner
617,2024-07-22,1988-07-06,PE,28831.24,partner
618,2025-02-03,1990-10-27,PR,5829.48,paid_search
619,2026-02-03,2006-11-04,BA,10954.22,organic
620,2024-04-16,1972-12-08,PE,3768.27,social_media
621,2025-08-14,1957-08-14,SP,4674.96,paid_search
622,2023-06-05,1972-01-17,MG,26829.77,organic
623,2023-12-06,1999-07-12,PR,26445.91,paid_search
624,2024-06-15,1972-05-31,RS,24807.76,referral
625,2024-07-28,1989-07-10,SP,8814.64,paid_search
626,2023-06-06,2001-04-17,SP,22751.49,organic
627,2023-08-27,1965-11-13,BA,8192.17,paid_search
628,2024-04-16,2005-08-21,RS,5927.39,partner
629,2025-07-13,1958-05-18,PE,24337.59,organic
630,2024-05-11,1971-07-26,RS,2441.49,paid_search
631,2024-12-16,1992-09-17,PR,16882.41,partner
632,2023-12-10,1989-12-29,RJ,21889.02,partner
633,2024-10-09,1982-09-05,PR,11604.95,partner
634,2024-04-15,1952-12-05,SP,14825.71,social_media
635,2026-02-10,1986-08-24,MG,7661.71,organic
636,2024-07-14,1996-04-30,PE,2457.61,paid_search
637,2025-09-03,1980-12-04,PR,16568.32,referral
638,2025-11-19,2004-05-23,MG,17003.06,social_media
639,2024-08-30,1980-05-03,BA,27826.76,organic
640,2025-11-25,1997-12-09,BA,7681.01,referral
641,2024-03-28,1983-12-04,MG,25228.14,paid_search
642,2023-09-20,1993-03-07,RS,28877.8,referral
643,2023-09-03,1983-08-10,PR,18066.3,organic
644,2024-07-28,2001-09-30,MG,26376.66,organic
645,2025-02-19,2001-05-11,PE,9974.17,partner
646,2024-07-19,1964-05-26,BA,7047.1,partner
647,2024-12-03,2004-10-14,RJ,29167.29,social_media
648,2025-09-21,1974-08-02,PR,20916.07,social_media
649,2023-08-03,1966-05-17,RS,17769.1,referral
650,2026-02-01,1957-03-02,RS,5434.23,paid_search
651,2023-09-04,1960-02-02,PE,26276.98,partner
652,2023-09-04,1995-03-09,PR,17524.22,partner
653,2026-01-03,1962-04-02,BA,20303.21,partner
654,2024-12-24,2007-12-21,PR,7848.15,referral
655,2024-12-05,2001-02-11,CE,1849.5,paid_search
656,2023-05-08,1976-02-02,BA,20800.29,paid_search
657,2024-04-19,1979-04-16,MG,16145.92,partner
658,2023-08-31,1972-09-10,BA,19177.85,organic
659,2025-10-12,1964-05-05,PE,15491.62,social_media
660,2024-04-18,1981-09-25,SP,15299.67,paid_search
661,2026-03-17,1972-10-21,MG,24367.92,paid_search
662,2025-01-23,1958-05-26,CE,5741.55,partner
663,2025-05-05,1966-04-10,BA,3629.87,social_media
664,2026-05-18,1960-06-11,CE,4976.96,paid_search
665,2026-04-24,1978-02-26,RJ,1780.77,referral
666,2025-06-01,1953-06-10,RS,23511.52,organic
667,2023-09-29,1992-09-12,BA,11206.31,paid_search
668,2023-03-06,2000-09-24,CE,23403.74,social_media
669,2023-07-30,1969-03-25,CE,6977.31,partner
670,2025-03-22,2004-08-20,RJ,1663.4,organic
671,2025-07-15,1969-03-04,RS,7599.25,social_media
672,2025-12-23,1959-03-26,PE,4655.09,paid_search
673,2025-01-11,2005-09-13,CE,11487.65,social_media
674,2026-08-11,1958-05-09,MG,6625.29,social_media
675,2026-07-01,2006-02-19,RS,10671.1,social_media
676,2026-01-30,2006-03-24,RJ,2453.54,social_media
677,2024-09-09,1962-11-05,RS,21144.86,organic
678,2025-04-20,1969-10-09,PR,27496.45,paid_search
679,2023-08-16,1954-10-31,CE,26972.41,partner
680,2024-05-03,1958-04-01,SP,1739.48,partner
681,2026-03-23,1987-12-21,RJ,15191.73,social_media
682,2023-10-25,1974-07-06,RS,3978.53,paid_search
683,2026-07-29,1973-10-04,RJ,5988.32,referral
684,2024-12-25,1977-01-29,SP,29806.62,organic
685,2023-08-12,1992-07-04,MG,8506.38,paid_search
686,2025-08-05,1987-11-21,PR,23550.9,referral
687,2025-08-13,2000-02-03,SP,29515.88,paid_search
688,2025-03-23,1956-03-25,BA,27940.34,referral
689,2026-05-18,1983-04-28,RS,7005.24,referral
690,2024-10-09,2005-04-27,PE,22766.8,paid_search
691,2026-08-19,1994-09-08,PE,17244.54,organic
692,2024-07-12,1992-02-14,SP,1517.41,referral
693,2023-02-03,1993-12-25,RJ,27565.79,organic
694,2023-11-14,1956-11-21,PR,11831.18,partner
695,2023-08-27,2000-04-01,PE,19072.14,partner
696,2025-10-29,1985-03-02,SP,3231.62,referral
697,2023-05-09,1962-01-15,RS,18159.11,paid_search
698,2025-05-07,1980-02-23,PR,6964.8,social_media
699,2024-04-19,1965-11-28,CE,20830.47,referral
700,2024-12-09,1957-05-03,PE,29733.35,referral
701,2024-02-13,1986-01-11,PE,18985.5,paid_search
702,2024-06-05,1981-08-01,PE,9778.09,partner
703,2024-05-23,1962-09-06,RJ,20901.58,social_media
704,2026-03-27,1975-02-27,BA,22684.47,social_media
705,2024-07-22,1970-01-15,PR,25222.04,partner
706,2025-05-01,1987-03-30,RJ,24112.6,social_media
707,2026-06-18,1961-08-02,RS,29043.23,paid_search
708,2024-08-06,1985-10-08,SP,7559.79,social_media
709,2023-06-29,1987-07-06,CE,27247.52,partner
710,2026-02-14,1988-11-25,RJ,19254.64,referral
711,2025-08-28,1988-09-20,RS,21149.22,partner
712,2023-04-28,1963-12-02,BA,4451.23,paid_search
713,2025-01-29,1954-10-15,CE,7922.43,organic
714,2024-02-22,1969-10-19,SP,2549.62,paid_search
715,2023-08-30,1964-04-01,PR,20219.76,paid_search
716,2023-10-28,1979-10-04,PE,7431.32,organic
717,2025-09-26,1986-03-28,RJ,4714.79,referral
718,2024-06-06,1978-03-16,RJ,28726.11,partner
719,2026-06-11,1963-03-16,PE,10605.16,paid_search
720,2023-01-13,1974-12-18,RJ,25998.37,organic
721,2023-07-29,1970-02-15,PE,15796.96,referral
722,2023-12-25,1968-10-21,RS,9331.77,social_media
723,2025-07-13,1998-12-17,BA,17495.41,social_media
724,2025-06-14,1951-03-13,RJ,22150.8,social_media
725,2023-03-29,1991-09-13,RJ,6156.64,social_media
726,2026-04-18,1964-07-08,BA,12060.14,social_media
727,2025-11-12,1979-11-14,PR,22677.99,organic
728,2025-07-13,1956-08-18,CE,13191.84,social_media
729,2025-08-20,1957-03-28,CE,25601.11,referral
730,2025-05-05,1981-07-27,CE,6082.88,social_media
731,2023-03-30,1964-05-01,RS,11334.74,partner
732,2026-05-26,1984-02-22,RJ,25449.97,organic
733,2024-11-14,2006-12-17,CE,20466.64,organic
734,2024-09-03,1964-06-29,MG,19714.48,referral
735,2024-03-02,1986-03-03,SP,10950.96,referral
736,2024-04-24,1990-08-07,PE,3929.72,partner
737,2026-04-22,1986-04-29,RS,3467.19,partner
738,2024-08-26,1986-01-06,PR,29273.29,partner
739,2024-09-15,1996-06-16,RS,20081.4,referral
740,2026-08-19,1953-02-26,PR,25201.02,paid_search
741,2023-06-16,1974-01-03,RS,23658.83,referral
742,2024-09-25,1970-12-21,MG,22814.34,paid_search
743,2026-05-08,1968-11-23,PR,13329.41,social_media
744,2023-11-03,1997-02-15,MG,10761.35,organic
745,2024-02-06,1986-06-07,RJ,14482.01,partner
746,2023-03-25,1957-01-19,RS,22029.31,social_media
747,2023-09-17,1990-09-11,PR,27974.44,referral
748,2025-08-23,1976-06-02,RJ,1586.73,organic
749,2026-08-10,1997-04-28,PR,23599.45,social_media
750,2025-12-08,1999-11-16,SP,10976.85,organic
751,2024-10-10,1954-12-06,PE,14828.24,paid_search
752,2025-07-13,1971-12-09,RS,12741.72,partner
753,2025-02-16,1970-02-24,PR,20956.97,organic
754,2023-03-14,2003-11-16,CE,25543.86,paid_search
755,2025-04-28,1985-03-14,MG,24141.09,paid_search
756,2023-01-11,1956-07-27,PE,21989.41,referral
757,2023-09-20,2004-04-20,PR,21073.87,social_media
758,2026-02-22,1987-08-13,PE,7621.04,paid_search
759,2024-07-15,1970-04-30,RS,18423.16,organic
760,2025-03-11,1966-06-02,SP,15442.3,partner
761,2025-01-26,1986-05-27,BA,12337.12,organic
762,2026-07-14,1978-09-02,RJ,13934.56,organic
763,2024-08-01,1974-08-30,SP,8481.19,referral
764,2025-06-12,1992-01-05,SP,15731.39,social_media
765,2025-11-06,1957-12-23,PE,28541.23,organic
766,2023-12-05,1962-08-13,BA,15407.5,paid_search
767,2026-08-05,2006-03-19,SP,23680.35,organic
768,2023-08-27,1997-10-06,PR,9526.22,organic
769,2025-01-10,1985-09-16,BA,21729.98,organic
770,2025-11-06,2003-08-14,SP,16969.11,partner
771,2023-04-29,1963-01-30,RJ,19813.55,referral
772,2023-06-17,1980-07-30,PR,27585.6,paid_search
773,2023-10-24,1996-11-22,SP,22576.81,organic
774,2024-01-15,1964-01-30,CE,24184.07,social_media
775,2024-07-12,1972-02-28,MG,19923.76,organic
776,2023-05-09,1978-08-21,PE,25447.42,partner
777,2024-03-10,1951-02-01,RJ,11571.02,referral
778,2026-07-22,1977-08-26,MG,19031.74,organic
779,2026-02-18,1996-03-09,PE,23258.06,partner
780,2025-10-31,1992-05-04,RS,17583.6,paid_search
781,2023-04-01,1977-08-17,SP,19613.43,paid_search
782,2024-05-12,1978-03-21,PE,27232.55,referral
783,2025-09-30,1959-01-17,RS,15492.5,organic
784,2025-01-10,1951-09-18,CE,1805.0,paid_search
785,2023-12-01,2000-02-01,BA,6484.07,referral
786,2025-08-30,1962-04-03,RS,12887.76,organic
787,2024-11-14,1975-09-28,SP,25714.95,paid_search
788,2024-11-19,1980-06-07,BA,9596.75,partner
789,2023-10-02,1985-11-13,MG,24939.16,social_media
790,2024-10-21,2003-09-05,MG,15496.58,social_media
791,2025-02-18,1999-10-16,BA,4142.92,social_media
792,2026-05-15,1978-07-01,RJ,8335.14,social_media
793,2024-01-10,1972-05-05,SP,25543.73,partner
794,2024-03-10,2001-04-21,RS,4227.91,paid_search
795,2024-04-26,1966-10-17,PE,26451.49,paid_search
796,2023-07-10,2002-12-08,PE,6531.29,organic
797,2024-12-25,1967-04-26,CE,14268.07,organic
798,2025-07-20,2006-04-25,CE,21987.18,referral
799,2026-04-06,1976-03-29,CE,27872.13,referral
800,2026-07-14,2003-05-02,RJ,11140.22,social_media
801,2024-05-30,1968-05-22,CE,13153.45,referral
802,2025-12-26,1979-03-13,SP,18735.72,organic
803,2024-07-12,1960-06-22,RJ,8918.53,paid_search
804,2023-06-03,1986-09-21,RS,7317.13,social_media
805,2026-05-10,1956-06-10,PE,18566.75,partner
806,2024-11-16,1970-09-19,PR,6597.64,social_media
807,2025-03-02,1969-02-26,RS,3902.14,organic
808,2026-01-20,1987-01-01,RJ,17820.52,organic
809,2025-01-15,2006-06-29,MG,17979.92,organic
810,2023-08-15,1968-10-31,MG,20469.93,paid_search
811,2025-06-21,1994-11-08,BA,11605.24,paid_search
812,2025-03-07,1968-07-05,RJ,27909.1,referral
813,2025-05-10,2002-12-04,PR,10516.83,partner
814,2024-05-09,1974-04-18,SP,29174.35,organic
815,2024-12-23,1973-02-06,PR,2110.77,referral
816,2026-07-06,1968-03-19,PR,6573.03,paid_search
817,2023-10-10,1962-06-21,RS,9347.27,referral
818,2024-09-26,1964-11-28,BA,12423.55,social_media
819,2023-04-30,2007-08-15,RS,18353.15,social_media
820,2025-06-30,1963-12-13,CE,14377.1,paid_search
821,2024-06-16,1993-03-12,SP,12542.22,social_media
822,2024-05-22,2007-07-02,MG,14319.48,paid_search
823,2024-08-30,1986-05-19,MG,18240.14,referral
824,2025-08-28,1999-06-09,MG,19854.43,referral
825,2025-06-21,2000-08-10,PR,23859.87,referral
826,2024-02-06,1979-12-07,CE,13354.76,referral
827,2023-07-02,1994-04-03,BA,25855.91,partner
828,2024-11-01,1951-01-29,SP,11773.11,social_media
829,2026-05-15,2005-07-21,SP,5494.57,referral
830,2026-06-05,2001-08-02,RS,7439.01,paid_search
831,2023-06-22,1952-07-13,MG,24194.41,referral
832,2023-03-26,1978-03-23,PE,21890.75,referral
833,2026-07-25,1979-10-17,PR,3424.6,social_media
834,2026-07-30,1958-11-14,MG,28773.67,paid_search
835,2023-06-17,1992-06-22,PR,3753.28,referral
836,2025-03-01,1980-05-27,PE,20257.61,organic
837,2024-08-21,1996-11-16,BA,13843.55,partner
838,2024-09-17,1982-08-01,PR,24591.79,referral
839,2025-05-08,2003-12-08,MG,16639.94,referral
840,2026-06-09,1971-05-22,PR,18528.75,organic
841,2025-01-30,1991-05-22,SP,8668.79,paid_search
842,2024-06-22,1989-05-16,BA,20286.56,organic
843,2026-01-26,1994-10-30,MG,2991.91,paid_search
844,2025-09-06,2005-09-10,PE,3584.74,organic
845,2025-03-05,1966-01-17,MG,21826.41,referral
846,2023-07-30,1971-01-05,CE,28835.08,social_media
847,2023-05-31,2001-08-08,SP,3300.28,social_media
848,2025-10-29,1986-03-14,SP,22134.65,paid_search
849,2023-10-24,1952-07-13,PR,24553.26,paid_search
850,2026-02-26,2002-06-22,MG,2616.41,paid_search
851,2025-02-24,1977-07-24,BA,1870.8,social_media
852,2025-04-18,1975-11-04,MG,12341.54,paid_search
853,2025-09-09,1967-07-31,RS,16729.51,paid_search
854,2025-06-04,1963-11-26,CE,11721.85,partner
855,2023-04-25,1962-11-13,RS,7186.88,paid_search
856,2025-09-05,1954-08-09,PR,29707.76,paid_search
857,2026-04-06,1954-10-10,MG,16015.19,partner
858,2026-06-23,1953-06-01,PR,7021.47,social_media
859,2025-10-25,1970-07-28,CE,11486.15,referral
860,2025-01-12,1997-09-29,SP,18743.97,partner
861,2026-03-12,1980-12-04,SP,23713.59,organic
862,2023-11-12,1976-09-28,RS,26152.09,partner
863,2024-12-16,1996-06-12,BA,17584.65,organic
864,2026-04-28,1976-06-20,RS,8962.37,social_media
865,2026-03-17,1986-02-08,RS,5392.16,paid_search
866,2024-08-07,1981-07-24,PE,14884.89,paid_search
867,2024-01-11,1957-11-11,SP,16731.73,social_media
868,2023-02-10,1986-03-28,RJ,1541.51,referral
869,2026-03-12,1998-03-05,PE,5399.88,social_media
870,2023-03-20,1998-04-11,RJ,23340.74,paid_search
871,2025-03-11,1980-07-26,MG,4553.13,paid_search
872,2023-09-07,1952-06-02,RS,21867.43,referral
873,2026-01-20,1977-03-30,RS,2337.53,social_media
874,2025-02-28,2004-02-12,SP,20159.19,social_media
875,2023-12-05,2004-03-14,RJ,3288.81,partner
876,2026-04-21,1956-12-15,CE,13302.06,paid_search
877,2024-03-16,1978-03-30,PE,21402.37,paid_search
878,2026-08-03,2004-02-01,PR,13589.04,referral
879,2023-03-18,1956-07-01,PE,28325.87,referral
880,2025-07-22,1982-04-16,PE,4724.74,organic
881,2025-04-04,1976-06-26,RJ,29617.66,social_media
882,2024-10-03,1961-02-16,CE,9196.84,organic
883,2026-07-27,1969-11-16,PE,19794.4,referral
884,2024-06-21,2004-05-30,CE,2107.08,paid_search
885,2023-09-15,2007-11-10,SP,22664.17,social_media
886,2023-07-04,1989-08-07,MG,10476.59,referral
887,2026-04-08,1982-05-19,SP,27939.59,referral
888,2025-07-09,1999-09-16,MG,5218.1,social_media
889,2024-11-14,1962-05-14,PE,16576.43,organic
890,2023-06-30,1958-06-17,BA,23996.61,organic
891,2023-08-10,1995-01-25,SP,8249.36,paid_search
892,2023-09-20,1989-01-11,CE,2533.69,referral
893,2025-04-08,1996-09-08,CE,21603.5,partner
894,2025-05-24,1973-09-27,MG,6303.89,social_media
895,2025-01-05,1953-06-06,PE,2040.5,partner
896,2024-01-15,1985-07-22,SP,18042.27,partner
897,2026-04-18,1983-09-29,RS,15207.26,partner
898,2023-06-14,2004-01-12,BA,18672.5,partner
899,2025-06-01,1957-11-02,CE,21658.65,paid_search
900,2025-07-12,1992-02-01,SP,20424.63,referral
901,2026-04-19,1976-02-19,SP,19916.18,organic
902,2023-10-04,1968-02-18,CE,10617.19,social_media
903,2025-02-28,1968-04-26,PR,16403.15,social_media
904,2023-11-21,1977-12-02,BA,17293.69,paid_search
905,2026-05-21,1987-01-24,RJ,13477.37,referral
906,2025-11-03,1975-01-09,SP,23980.03,social_media
907,2023-02-14,1972-12-04,MG,5899.1,partner
908,2025-11-03,1987-05-14,RJ,27853.85,partner
909,2025-10-04,1955-06-23,PE,10010.36,partner
910,2024-08-02,1993-04-24,PR,14190.11,partner
911,2024-09-16,2003-04-03,RS,4033.32,partner
912,2024-11-01,1978-06-24,BA,3350.27,partner
913,2023-03-28,1966-08-11,CE,3288.14,paid_search
914,2023-10-06,1970-03-25,SP,2527.65,social_media
915,2025-12-04,1969-05-23,PR,15671.96,partner
916,2023-05-13,1994-07-15,SP,16621.94,organic
917,2024-01-20,1951-05-29,RS,11503.39,referral
918,2024-12-16,1962-06-25,BA,15617.34,partner
919,2023-10-17,1981-12-27,MG,14438.77,organic
920,2025-02-26,2000-11-04,PR,11494.66,referral
921,2026-06-25,2003-11-22,BA,13273.17,referral
922,2026-08-07,2005-02-18,PR,20358.33,organic
923,2025-10-13,1999-08-14,RS,28672.46,paid_search
924,2026-06-07,1990-01-01,PR,24050.06,paid_search
925,2023-05-14,1966-04-19,CE,11637.55,referral
926,2023-01-14,1972-04-27,CE,19609.86,paid_search
927,2025-06-13,1983-01-01,CE,22321.9,social_media
928,2026-03-25,1973-02-17,SP,24864.86,organic
929,2025-03-18,2004-01-12,RJ,22447.5,organic
930,2023-03-07,2007-12-10,PE,23250.3,social_media
931,2025-03-23,1965-09-16,PE,8446.18,organic
932,2025-03-27,1957-09-28,CE,11914.27,partner
933,2023-06-06,1955-09-10,PR,26030.1,partner
934,2024-09-11,1954-04-19,SP,28908.48,organic
935,2026-02-12,1960-01-13,MG,16833.54,social_media
936,2024-02-09,1991-03-16,RS,6739.47,social_media
937,2024-11-12,2007-04-16,PR,11217.07,social_media
938,2025-02-03,1973-09-14,SP,11462.21,organic
939,2024-10-03,1986-02-26,CE,9032.29,paid_search
940,2024-11-13,1988-01-14,BA,14717.42,partner
941,2023-10-29,1989-09-08,PR,9383.7,organic
942,2025-02-14,2003-11-21,PR,3824.6,social_media
943,2025-02-27,1952-10-08,RJ,10387.53,referral
944,2023-02-28,1968-06-16,CE,17781.96,social_media
945,2023-09-05,1998-06-25,PE,10425.48,partner
946,2024-07-13,1985-09-20,SP,16623.82,referral
947,2025-12-29,1961-05-23,RJ,2405.99,referral
948,2023-12-01,1959-04-17,SP,27061.33,social_media
949,2024-03-03,1998-04-07,CE,17064.83,partner
950,2025-04-01,1961-12-22,BA,5708.34,partner
951,2026-01-12,1996-08-21,PR,20017.42,paid_search
952,2024-06-07,1970-08-19,RS,24722.27,partner
953,2023-04-10,1964-02-21,PR,25229.92,organic
954,2026-07-01,1979-09-15,BA,2535.87,partner
955,2023-06-27,1955-12-20,PE,13231.52,partner
956,2024-03-14,1976-10-14,PE,5877.43,organic
957,2023-08-24,1977-05-17,BA,17459.51,organic
958,2025-02-20,1998-08-28,MG,11931.59,paid_search
959,2026-02-16,1956-12-25,PE,28114.46,organic
960,2024-06-23,1999-11-27,SP,8055.54,organic
961,2026-06-02,1990-04-20,SP,12597.44,social_media
962,2026-03-02,1976-07-04,BA,12581.45,paid_search
963,2026-04-11,1959-10-10,RS,14680.45,paid_search
964,2023-07-18,1969-08-06,MG,29168.26,referral
965,2026-05-09,1973-03-13,RS,4106.94,organic
966,2023-02-21,1995-01-28,RJ,25423.11,organic
967,2025-06-28,1974-08-28,CE,9205.53,paid_search
968,2023-12-31,1969-10-07,RS,1698.2,paid_search
969,2025-11-01,1977-02-23,SP,9318.12,organic
970,2025-06-26,1953-06-25,RJ,1910.51,partner
971,2023-12-21,1998-05-07,BA,5088.95,organic
972,2025-05-30,1980-09-22,BA,12571.1,social_media
973,2025-04-16,1971-01-03,PR,22633.18,partner
974,2024-12-27,1993-02-02,RJ,4649.48,partner
975,2023-09-10,1993-03-07,SP,9837.7,partner
976,2024-05-26,2000-03-12,PE,16372.2,social_media
977,2026-07-18,1988-07-10,PR,5139.09,social_media
978,2023-02-16,2005-11-19,MG,3126.82,paid_search
979,2023-06-06,1981-07-15,SP,28722.63,organic
980,2024-10-28,1984-06-24,PE,27642.64,social_media
981,2023-05-02,1986-11-23,PE,28846.42,referral
982,2023-01-22,1952-08-04,RJ,28476.13,referral
983,2025-03-17,2004-03-06,RS,23788.09,social_media
984,2023-12-23,1968-09-03,PE,26295.26,paid_search
985,2024-09-18,1994-05-28,RS,12380.35,social_media
986,2024-03-23,1994-02-12,CE,5413.6,referral
987,2024-01-13,1973-12-13,MG,20608.85,social_media
988,2023-08-17,2002-04-30,PE,9662.0,partner
989,2024-08-09,2000-07-20,MG,6902.57,partner
990,2023-10-18,1962-06-18,MG,26524.42,social_media
991,2025-10-18,1999-12-14,MG,22023.05,partner
992,2026-07-21,1977-06-15,RS,10439.11,organic
993,2024-12-12,1984-02-10,PE,21968.32,partner
994,2026-01-26,1956-01-26,RJ,18171.42,organic
995,2023-09-06,1951-05-01,RJ,3324.77,organic
996,2026-01-09,1983-12-25,PR,15591.17,partner
997,2023-06-21,1994-07-23,CE,6902.99,referral
998,2023-07-11,2000-10-24,BA,6525.26,paid_search
999,2026-01-29,1955-04-28,PE,24760.98,social_media
1000,2026-08-15,2004-01-28,RS,7531.92,social_media
1001,2023-05-20,1957-12-11,SP,15213.2,partner
1002,2024-05-28,1983-12-15,RJ,8548.92,referral
1003,2025-09-13,1983-01-29,RS,27151.25,social_media
1004,2026-06-05,1998-10-21,RS,26700.82,paid_search
1005,2025-01-30,1982-07-16,PE,29109.46,referral
1006,2025-12-27,1951-01-09,PE,10072.64,social_media
1007,2023-11-05,1969-02-24,PE,14213.21,paid_search
1008,2023-02-06,1993-06-27,PE,5461.3,organic
1009,2023-03-17,1997-08-19,MG,29472.63,paid_search
1010,2026-03-31,1966-11-08,RJ,25822.63,social_media
1011,2024-01-15,1953-03-13,CE,23453.19,partner
1012,2024-11-18,1997-06-11,SP,7643.05,partner
1013,2023-06-16,1988-03-07,RJ,27364.14,organic
1014,2025-11-23,2007-03-28,RS,19974.57,organic
1015,2026-07-13,1964-12-14,MG,2825.94,paid_search
1016,2023-02-10,1952-05-31,SP,20041.0,social_media
1017,2024-06-03,1968-01-24,PE,13710.82,referral
1018,2024-04-01,1954-08-01,RJ,23491.2,partner
1019,2024-07-18,1960-09-01,PR,9642.13,organic
1020,2025-10-05,1970-03-21,SP,15745.53,social_media
1021,2026-05-24,1991-07-19,RJ,4008.18,partner
1022,2025-04-08,1982-04-05,MG,18081.39,referral
1023,2025-01-20,2002-05-15,PE,14439.77,referral
1024,2023-05-26,1957-06-13,MG,20201.21,organic
1025,2025-04-26,1980-06-19,SP,19611.3,partner
1026,2024-04-07,1976-10-30,PE,8972.99,partner
1027,2025-09-26,1960-10-12,RJ,25067.43,organic
1028,2023-05-27,1977-01-07,BA,24570.98,partner
1029,2026-04-30,1994-06-02,RS,17239.32,social_media
1030,2026-04-22,1992-09-18,RS,4796.14,paid_search
1031,2024-02-06,1981-03-31,PE,6309.24,paid_search
1032,2023-05-08,1993-06-08,CE,5459.46,social_media
1033,2023-03-24,1958-08-01,PE,26203.9,social_media
1034,2023-12-27,1953-05-27,RJ,9324.5,organic
1035,2025-08-12,2006-01-20,MG,17010.27,referral
1036,2023-07-11,1997-02-13,RJ,17000.27,organic
1037,2025-01-15,1995-04-20,BA,5119.98,partner
1038,2025-04-20,2005-12-28,CE,15588.69,referral
1039,2023-09-05,1998-12-25,SP,7229.55,referral
1040,2025-06-11,2007-03-15,RS,5503.14,paid_search
1041,2023-07-03,1962-02-16,RJ,26775.13,partner
1042,2023-11-16,1997-05-25,MG,9747.4,paid_search
1043,2024-06-13,2004-01-12,BA,1634.41,organic
1044,2023-01-07,1959-01-20,CE,20800.82,referral
1045,2026-02-27,1983-09-25,RJ,8890.74,referral
1046,2023-03-22,1991-10-26,RJ,2390.32,organic
1047,2026-09-01,1992-11-16,PE,16437.8,social_media
1048,2025-03-29,1975-07-18,BA,14854.77,referral
1049,2026-06-13,1974-05-11,RS,23810.5,social_media
1050,2025-05-18,1994-09-05,RS,12749.09,referral
1051,2023-10-11,1989-06-25,RJ,3872.11,partner
1052,2024-09-30,1961-05-17,RJ,11095.64,partner
1053,2026-02-19,1962-01-26,PR,12722.11,paid_search
1054,2023-11-23,1991-05-01,PE,4381.12,referral
1055,2025-10-04,1994-06-26,SP,16168.95,referral
1056,2025-10-07,1979-01-14,CE,15782.97,social_media
1057,2026-03-18,1985-06-08,SP,3645.62,partner
1058,2024-08-04,1963-11-10,CE,23994.62,partner
1059,2023-05-08,1977-10-20,SP,15402.44,partner
1060,2024-11-17,2007-03-25,BA,17736.46,paid_search
1061,2023-03-18,1998-10-15,BA,28690.41,social_media
1062,2023-04-18,1982-07-05,MG,21801.85,partner
1063,2026-06-20,1993-10-26,RS,20901.04,referral
1064,2023-05-29,1994-01-24,BA,7183.33,organic
1065,2025-06-03,2006-08-09,SP,4172.21,referral
1066,2024-12-19,1980-06-14,RJ,5620.76,paid_search
1067,2024-08-08,1971-05-06,BA,11631.12,paid_search
1068,2025-04-28,1964-09-19,RS,12206.16,social_media
1069,2026-08-16,1979-02-24,BA,20150.55,organic
1070,2026-02-11,1991-05-10,SP,28710.92,organic
1071,2024-06-28,1984-11-24,CE,14057.28,social_media
1072,2024-11-11,1958-04-18,RJ,14530.52,social_media
1073,2023-03-21,1956-09-20,BA,19536.33,referral
1074,2025-06-08,1955-05-13,RJ,23167.75,referral
1075,2026-04-23,2007-11-11,PE,18835.02,organic
1076,2024-01-19,2004-07-14,CE,10257.39,referral
1077,2024-01-30,1970-09-13,PE,7482.47,organic
1078,2024-05-24,2003-02-07,MG,22164.61,paid_search
1079,2026-03-20,1989-02-24,PR,23632.17,paid_search
1080,2024-10-19,1990-10-31,PE,6744.49,partner
1081,2023-02-09,1970-01-07,PR,16587.18,social_media
1082,2023-04-17,1971-08-24,PE,11045.14,paid_search
1083,2023-10-07,1981-02-08,CE,27759.68,referral
1084,2023-05-17,1957-07-17,PE,28514.13,referral
1085,2025-05-27,1980-03-12,CE,20117.32,referral
1086,2024-03-15,1995-02-23,MG,2280.57,partner
1087,2023-10-15,1998-07-22,CE,11835.31,organic
1088,2024-06-28,1995-08-09,PR,16375.2,referral
1089,2025-12-17,1964-08-09,PR,7003.82,paid_search
1090,2025-09-16,1959-10-01,BA,15616.51,social_media
1091,2023-08-25,2000-04-10,SP,14348.54,referral
1092,2025-03-15,1972-05-23,PR,18361.12,referral
1093,2025-03-04,1983-12-04,BA,11938.15,partner
1094,2025-09-30,1992-06-15,PR,9978.65,social_media
1095,2025-11-18,2006-11-03,PR,20650.36,referral
1096,2025-06-22,1981-05-10,RJ,7493.85,partner
1097,2023-08-02,1998-09-08,BA,11250.36,partner
1098,2023-12-02,1962-10-25,MG,5184.63,partner
1099,2025-12-12,2003-09-29,SP,10328.57,referral
1100,2025-03-05,1978-04-09,PR,5229.95,referral
1101,2025-12-11,2001-09-17,MG,9890.83,referral
1102,2024-07-13,1968-11-21,SP,7982.01,paid_search
1103,2023-12-22,2001-10-21,PE,12609.66,paid_search
1104,2025-11-23,1956-11-09,PR,24504.49,social_media
1105,2024-06-07,2003-03-26,RS,23044.03,social_media
1106,2026-02-17,1991-08-05,RS,2921.22,partner
1107,2023-05-31,1989-06-02,PE,5573.38,referral
1108,2024-10-30,1981-04-15,RS,10159.51,partner
1109,2025-05-15,2005-06-14,CE,28741.95,partner
1110,2025-04-04,2006-10-26,MG,6615.35,referral
1111,2026-01-19,1976-08-30,RJ,14996.11,partner
1112,2024-04-04,1962-11-23,RS,15665.29,referral
1113,2026-07-10,2003-05-03,BA,8949.72,referral
1114,2026-06-11,2000-10-23,PE,15148.97,referral
1115,2024-10-09,1970-10-24,RS,3523.76,organic
1116,2023-09-17,1984-10-29,SP,11938.2,paid_search
1117,2023-01-06,1973-03-29,PR,13821.56,social_media
1118,2025-01-04,1988-04-02,BA,23490.02,social_media
1119,2024-10-11,1951-11-05,BA,7667.69,partner
1120,2023-07-22,1985-01-22,RS,11500.86,paid_search
1121,2024-11-19,1978-05-11,CE,24667.95,referral
1122,2024-10-27,1987-03-09,BA,2535.85,organic
1123,2024-09-02,1987-06-25,MG,4614.03,social_media
1124,2023-03-27,2007-07-28,MG,21594.06,referral
1125,2023-10-03,1973-06-03,BA,17857.23,organic
1126,2023-11-01,1979-11-26,CE,2241.04,social_media
1127,2025-06-10,1998-03-21,RJ,10189.6,organic
1128,2023-06-27,2006-03-08,SP,18987.31,partner
1129,2026-05-11,1979-07-29,PR,25322.24,referral
1130,2026-07-03,1957-01-24,PE,19901.33,organic
1131,2025-12-19,1951-12-30,RS,1915.69,referral
1132,2026-04-17,1966-11-27,RJ,14058.72,paid_search
1133,2024-08-30,1986-02-09,RS,17525.62,social_media
1134,2025-11-15,1995-11-22,PE,15799.95,organic
1135,2025-01-07,1977-07-09,SP,13480.49,paid_search
1136,2024-07-01,1978-08-01,BA,29817.87,organic
1137,2025-12-25,1985-02-03,CE,25320.89,paid_search
1138,2026-03-26,1966-07-02,BA,6593.78,referral
1139,2024-05-26,2006-07-04,CE,16710.86,paid_search
1140,2023-10-21,1956-08-25,SP,7065.04,partner
1141,2023-09-22,1989-03-31,MG,23611.2,organic
1142,2023-10-15,1993-01-11,RS,1675.44,partner
1143,2023-02-18,1962-03-16,RJ,19098.63,partner
1144,2026-03-07,2002-01-15,SP,19737.32,organic
1145,2024-02-22,1974-04-30,RS,9051.02,paid_search
1146,2025-03-15,2007-04-06,PR,3827.16,organic
1147,2025-08-17,1998-11-14,RJ,10081.47,partner
1148,2026-08-12,1999-02-13,MG,24596.59,social_media
1149,2024-10-25,1964-11-11,RJ,18093.81,organic
1150,2023-03-11,1973-12-19,CE,13570.88,paid_search
1151,2024-09-02,1984-07-17,RS,4179.11,referral
1152,2024-09-03,2005-11-03,PE,8410.19,paid_search
1153,2023-11-10,1955-06-25,RJ,2788.79,organic
1154,2024-08-26,1957-06-18,SP,3827.87,partner
1155,2023-04-18,2006-03-15,RS,8175.18,partner
1156,2025-09-24,1967-12-26,PR,2378.48,social_media
1157,2025-08-11,1999-11-07,MG,26376.87,referral
1158,2025-12-29,1993-01-02,SP,17209.27,partner
1159,2026-02-17,2007-04-16,PE,26731.07,paid_search
1160,2023-07-06,1954-04-22,SP,11577.97,referral
1161,2025-01-06,1973-07-06,MG,13218.76,social_media
1162,2023-02-07,2005-11-08,BA,8344.02,paid_search
1163,2026-04-08,1985-06-04,BA,28838.13,social_media
1164,2024-04-30,1956-12-03,BA,16082.21,paid_search
1165,2023-09-29,1969-04-06,PE,29731.17,partner
1166,2024-05-28,2002-06-24,BA,24622.86,paid_search
1167,2024-12-27,1996-05-19,RJ,24008.79,organic
1168,2024-01-06,1966-04-23,PE,19296.89,organic
1169,2025-11-25,1970-10-23,RS,15589.73,paid_search
1170,2023-02-06,2006-02-13,PE,21513.65,organic
1171,2023-05-22,2006-06-23,BA,3740.25,paid_search
1172,2024-02-27,1959-04-15,RJ,9088.75,partner
1173,2025-05-26,1969-03-13,BA,15986.34,referral
1174,2025-04-07,1987-11-27,MG,11091.83,referral
1175,2026-06-09,1983-02-12,CE,7728.37,partner
1176,2023-01-30,1994-09-12,RS,21108.87,referral
1177,2023-07-10,2003-11-26,SP,5890.81,social_media
1178,2025-03-17,1985-05-20,PE,5692.87,referral
1179,2023-03-11,1983-12-03,PE,14451.71,referral
1180,2025-10-24,1964-07-28,SP,13825.96,paid_search
1181,2025-04-15,1963-06-17,BA,21298.07,referral
1182,2023-04-18,1978-03-01,PR,22607.87,partner
1183,2023-11-14,1974-10-19,SP,2180.86,referral
1184,2025-07-08,1957-11-27,PR,8240.18,paid_search
1185,2023-01-06,1978-05-19,MG,15796.97,partner
1186,2023-11-17,1996-02-16,RS,1734.7,paid_search
1187,2024-12-17,1955-06-03,BA,19208.6,social_media
1188,2024-05-18,1983-08-26,PE,16845.72,partner
1189,2025-07-24,1952-08-09,PE,14374.13,partner
1190,2024-01-29,1977-03-06,PR,24731.71,referral
1191,2026-07-20,1987-10-25,CE,25945.16,organic
1192,2024-07-21,1979-11-28,MG,15410.21,social_media
1193,2024-03-03,1995-07-01,RJ,19300.57,referral
1194,2024-02-04,1994-04-25,BA,1841.69,social_media
1195,2023-01-18,1961-09-16,RS,12693.97,referral
1196,2024-02-05,1959-09-19,RJ,24827.79,referral
1197,2023-01-26,2007-03-20,RJ,7938.5,referral
1198,2023-03-08,1990-01-18,CE,22231.53,social_media
1199,2024-11-03,1975-11-04,CE,14365.98,social_media
1200,2024-11-01,1991-01-12,RJ,17065.95,partner
1201,2025-02-16,1986-09-07,RJ,14621.11,partner
1202,2025-08-23,1985-02-16,SP,5918.42,partner
1203,2025-11-26,1975-10-14,PR,10716.02,social_media
1204,2023-05-12,1994-10-28,RJ,4033.6,social_media
1205,2023-09-20,1973-07-14,MG,27346.83,referral
1206,2023-11-19,1991-08-02,RS,27047.49,paid_search
1207,2023-07-11,1993-03-25,PR,26961.85,partner
1208,2025-04-10,1965-06-26,PR,15389.86,referral
1209,2024-09-30,1998-05-13,CE,2664.24,organic
1210,2025-03-28,2006-04-01,RJ,2278.46,organic
1211,2023-09-01,1977-07-14,MG,21473.51,referral
1212,2023-10-23,2006-07-25,RJ,14466.22,partner
1213,2024-03-30,1965-11-02,PR,11952.47,organic
1214,2023-06-19,1989-06-08,PR,15371.78,social_media
1215,2023-10-19,1970-02-05,PR,9481.5,social_media
1216,2025-10-27,1978-12-28,BA,6685.1,organic
1217,2023-02-12,2000-04-07,RJ,19650.32,social_media
1218,2024-04-27,1999-03-12,CE,11630.09,partner
1219,2025-09-29,1975-11-07,SP,24615.09,partner
1220,2024-04-29,2007-11-06,PR,14309.07,referral
1221,2026-05-07,1970-11-18,SP,19263.96,partner
1222,2023-12-28,1988-07-14,RS,20088.7,referral
1223,2023-07-14,1971-04-01,RJ,5877.93,social_media
1224,2023-10-15,1976-09-06,SP,18916.32,referral
1225,2025-06-29,1951-11-18,RS,18305.27,social_media
1226,2026-07-17,1962-07-16,BA,28295.73,social_media
1227,2023-02-28,1994-10-08,PE,21008.74,partner
1228,2025-05-20,1983-09-03,PR,1705.71,paid_search
1229,2023-12-27,1980-07-30,CE,6817.61,referral
1230,2024-08-19,2001-01-31,PR,7195.49,partner
1231,2024-01-16,2001-08-01,RJ,19216.74,organic
1232,2025-12-26,1995-10-06,RS,2655.51,partner
1233,2025-06-03,2006-10-07,SP,1747.89,social_media
1234,2025-02-22,1966-08-30,SP,29111.41,organic
1235,2024-02-28,1990-11-21,MG,13601.16,referral
1236,2024-06-06,2001-07-11,RS,6024.46,referral
1237,2023-02-08,1963-08-01,CE,11447.39,social_media
1238,2025-01-02,1961-06-11,PE,2533.12,social_media
1239,2023-06-04,1975-01-30,MG,14466.96,paid_search
1240,2025-12-09,1954-10-28,BA,16287.85,paid_search
1241,2026-05-14,1974-01-27,PR,22529.68,paid_search
1242,2024-11-22,1996-10-29,BA,26679.53,social_media
1243,2025-06-02,1987-05-23,RS,5665.03,partner
1244,2024-09-06,1977-10-03,RS,12073.95,social_media
1245,2025-12-05,1960-08-05,SP,10937.4,paid_search
1246,2024-06-30,1970-05-13,RJ,24172.96,referral
1247,2024-03-23,1961-05-23,CE,6496.65,referral
1248,2024-07-27,2001-08-28,CE,28640.56,social_media
1249,2025-05-28,1988-02-17,PR,14502.77,partner
1250,2025-08-02,2002-10-09,SP,15396.68,referral
1251,2026-06-12,2003-01-10,CE,16658.8,referral
1252,2023-05-06,1995-04-29,PE,16804.64,social_media
1253,2025-04-07,1992-12-01,RJ,6306.1,social_media
1254,2025-06-29,1996-01-02,PE,27671.63,social_media
1255,2023-07-21,1967-03-15,MG,7161.74,social_media
1256,2024-07-15,1970-11-07,PE,21978.02,organic
1257,2024-11-15,1998-08-01,PR,20321.19,organic
1258,2023-06-06,1971-08-16,RJ,15016.86,social_media
1259,2025-06-21,1966-07-14,PE,11714.14,social_media
1260,2024-12-03,1979-01-23,RJ,18492.72,organic
1261,2024-03-31,2007-06-12,RS,15718.55,paid_search
1262,2024-04-06,1954-10-01,CE,22271.96,organic
1263,2025-12-04,1990-10-08,MG,10986.97,paid_search
1264,2024-06-21,1957-10-25,MG,7972.62,paid_search
1265,2023-12-06,1999-03-10,MG,1814.12,social_media
1266,2026-06-26,1975-01-19,CE,4468.77,paid_search
1267,2025-04-11,1972-12-25,PR,18241.65,referral
1268,2023-08-29,1954-03-25,CE,29950.4,partner
1269,2024-12-08,1962-08-10,MG,11536.55,organic
1270,2023-12-02,1957-08-10,SP,3545.85,partner
1271,2023-09-13,1983-12-28,SP,20585.03,referral
1272,2025-05-18,1988-08-09,SP,4236.79,organic
1273,2023-03-30,1967-09-07,RJ,6554.98,referral
1274,2026-08-15,1999-08-17,BA,1984.4,organic
1275,2025-06-05,1984-03-20,BA,28265.56,paid_search
1276,2023-12-19,1967-12-08,PR,24012.75,organic
1277,2026-01-25,1988-02-15,RJ,13655.29,referral
1278,2025-02-21,2001-09-04,RJ,21637.76,social_media
1279,2025-07-13,1989-02-14,PE,10255.97,partner
1280,2023-04-08,2007-03-17,CE,23253.01,organic
1281,2026-06-12,2007-10-25,PE,21316.41,referral
1282,2025-08-26,1996-10-18,BA,12227.83,partner
1283,2023-03-31,1991-03-05,SP,4828.48,referral
1284,2025-04-30,1959-08-30,BA,10279.77,partner
1285,2026-04-19,1995-03-25,MG,25617.8,referral
1286,2023-08-28,2000-12-18,RS,9782.26,partner
1287,2026-06-29,1990-05-11,CE,27971.17,paid_search
1288,2025-01-02,1964-02-28,RJ,29418.5,referral
1289,2023-09-12,1983-05-22,PE,20565.89,social_media
1290,2023-08-31,1965-02-20,CE,11605.9,organic
1291,2023-09-14,1963-03-30,PR,5844.11,referral
1292,2023-11-03,1952-05-10,SP,1540.66,paid_search
1293,2025-01-14,1970-03-15,PE,28018.03,referral
1294,2026-05-27,1988-03-11,PE,8044.18,referral
1295,2026-01-12,1969-03-21,RJ,21939.43,social_media
1296,2023-07-29,1965-01-05,RS,28928.29,paid_search
1297,2025-03-28,1979-09-24,MG,1856.54,referral
1298,2025-05-19,2005-01-16,BA,20799.14,social_media
1299,2025-04-21,1977-03-09,BA,2908.38,paid_search
1300,2025-04-10,1958-01-31,RJ,23416.57,social_media
1301,2023-08-05,1963-03-21,CE,7474.33,referral
1302,2026-02-19,1990-01-19,PR,18239.32,partner
1303,2025-09-21,1951-02-06,RJ,16270.94,referral
1304,2026-08-19,2004-07-12,MG,8732.86,referral
1305,2024-05-22,2004-03-10,CE,26830.27,organic
1306,2025-02-02,1951-08-27,MG,1771.88,social_media
1307,2025-06-24,1958-02-21,RJ,22779.75,referral
1308,2024-01-10,1963-03-25,BA,18950.17,social_media
1309,2026-05-25,1965-12-10,CE,25526.59,partner
1310,2026-01-15,1977-07-22,PE,5424.8,paid_search
1311,2025-04-26,2002-09-15,BA,25626.93,organic
1312,2025-08-19,1960-12-29,CE,5834.25,paid_search
1313,2025-07-11,1957-06-01,PR,14499.39,referral
1314,2023-06-12,1974-01-03,SP,3952.0,paid_search
1315,2026-02-13,1986-12-23,CE,19910.43,social_media
1316,2026-03-08,1991-11-24,RJ,16650.47,organic
1317,2024-08-18,1967-05-10,RJ,23316.79,organic
1318,2023-11-03,1965-08-17,PR,29877.82,referral
1319,2023-03-14,1995-02-19,MG,11472.94,organic
1320,2024-09-08,1982-12-14,RS,14719.87,social_media
1321,2026-07-19,1963-03-24,PR,9239.15,referral
1322,2023-11-14,1953-03-04,PE,29903.91,partner
1323,2024-04-11,1998-06-08,SP,16292.51,paid_search
1324,2023-04-08,1951-11-07,CE,23828.35,social_media
1325,2024-04-22,1965-02-04,RS,28813.6,social_media
1326,2026-04-30,2007-01-24,PR,10936.41,referral
1327,2024-11-30,1973-11-12,BA,10612.2,referral
1328,2026-06-13,1990-08-06,SP,22932.68,social_media
1329,2024-05-10,1995-03-03,SP,25185.36,paid_search
1330,2026-07-03,1984-03-03,BA,5322.93,referral
1331,2024-04-21,1987-10-16,MG,18792.99,paid_search
1332,2024-09-26,1978-04-01,RJ,9591.77,partner
1333,2026-01-09,1992-05-13,PR,12202.96,organic
1334,2025-07-21,1976-05-16,BA,26073.33,referral
1335,2024-02-22,1981-09-26,CE,19250.69,referral
1336,2025-12-09,1989-03-24,MG,3197.9,referral
1337,2025-09-15,1955-05-10,RJ,14975.49,referral
1338,2024-06-28,1988-01-06,MG,27870.64,social_media
1339,2025-10-24,1952-01-31,CE,28525.02,social_media
1340,2024-11-18,1959-01-09,CE,10478.25,partner
1341,2023-03-11,1978-09-19,RJ,24546.03,organic
1342,2026-06-10,1964-02-14,PR,20949.18,organic
1343,2025-02-26,1998-10-01,MG,11506.54,organic
1344,2024-07-11,1998-03-01,MG,20636.35,paid_search
1345,2026-02-19,1968-03-15,SP,26679.63,organic
1346,2025-03-01,1969-12-09,PR,17516.55,partner
1347,2023-08-20,1995-02-28,PE,25642.5,partner
1348,2024-02-20,1984-01-19,SP,26475.93,partner
1349,2024-04-19,1991-09-07,PE,28951.43,referral
1350,2025-06-12,1987-07-14,MG,14334.31,referral
1351,2025-09-24,1955-06-30,RJ,20753.46,partner
1352,2024-01-28,1967-08-15,BA,12688.39,organic
1353,2025-05-10,1978-01-11,SP,24889.16,referral
1354,2023-10-30,2004-12-30,SP,7398.55,organic
1355,2025-09-30,1993-10-20,BA,7173.93,social_media
1356,2025-12-20,1965-08-14,RS,25249.8,organic
1357,2026-01-26,1991-06-28,BA,17066.4,referral
1358,2023-07-01,1954-05-11,RJ,5363.04,referral
1359,2026-05-19,1995-09-10,MG,6207.17,social_media
1360,2025-04-10,1983-06-09,RS,12960.96,paid_search
1361,2023-01-26,1970-04-09,MG,15736.24,paid_search
1362,2026-05-02,1973-12-23,BA,26609.06,partner
1363,2023-06-26,1951-10-22,CE,19600.13,referral
1364,2025-08-06,2000-12-10,CE,9861.62,paid_search
1365,2023-03-03,1998-10-24,RS,28069.48,referral
1366,2024-10-16,1979-02-25,PE,12629.02,social_media
1367,2026-07-19,2007-12-23,CE,16757.97,organic
1368,2024-12-07,1958-01-10,MG,4832.79,paid_search
1369,2025-03-28,2003-10-12,SP,23465.47,partner
1370,2023-07-13,1969-12-05,PR,7606.97,partner
1371,2025-02-13,1967-12-19,CE,2393.91,organic
1372,2024-08-11,1958-11-20,SP,2090.67,partner
1373,2024-04-21,1975-01-20,PR,23638.85,partner
1374,2023-04-13,1962-09-07,SP,21338.79,paid_search
1375,2024-03-31,1991-05-28,SP,18672.79,referral
1376,2024-08-20,1972-02-20,PE,5892.37,paid_search
1377,2023-04-30,1965-06-08,SP,28988.34,partner
1378,2023-01-28,1964-07-05,BA,25727.7,partner
1379,2025-06-20,1994-05-16,RS,15377.62,partner
1380,2023-10-02,1970-10-07,SP,13536.93,social_media
1381,2024-12-02,1982-11-18,MG,8968.07,social_media
1382,2024-06-10,1965-08-16,PR,21618.47,paid_search
1383,2023-05-14,1976-07-12,BA,4926.22,referral
1384,2024-11-18,2007-02-07,MG,2584.72,partner
1385,2026-07-05,1976-09-14,RJ,15250.63,organic
1386,2024-10-27,1992-12-19,RS,14038.39,organic
1387,2023-10-07,1976-06-23,CE,25280.71,organic
1388,2024-08-15,1980-12-18,PR,19344.2,partner
1389,2025-07-01,1975-06-23,PR,17408.55,organic
1390,2026-05-07,1954-04-21,RJ,8199.57,organic
1391,2023-08-09,1967-12-19,RJ,28516.5,social_media
1392,2023-11-05,1969-12-26,MG,10287.79,organic
1393,2023-09-26,1954-10-08,BA,23800.51,social_media
1394,2024-05-21,2002-05-29,PE,2278.51,referral
1395,2023-11-13,1956-11-07,SP,22561.36,paid_search
1396,2025-04-30,1993-02-04,RJ,25506.74,social_media
1397,2023-05-20,1986-02-08,RS,23984.38,referral
1398,2023-08-27,1953-12-31,PR,6223.12,paid_search
1399,2025-03-26,1967-12-21,PE,24741.66,organic
1400,2023-07-16,1952-08-14,SP,25493.85,partner
1401,2024-09-14,1960-02-05,BA,6514.05,social_media
1402,2025-07-08,2002-07-23,BA,3112.26,partner
1403,2023-08-30,1967-02-13,PR,2087.52,referral
1404,2025-02-25,1998-12-14,PE,20319.72,referral
1405,2024-01-12,1984-09-09,CE,7671.11,referral
1406,2023-06-29,2003-04-20,CE,9198.87,social_media
1407,2024-05-05,1959-03-25,BA,5990.95,organic
1408,2024-07-12,1996-01-26,CE,11131.8,paid_search
1409,2025-01-23,1998-09-10,PR,11223.39,social_media
1410,2025-11-02,2002-02-17,CE,10615.51,partner
1411,2024-02-03,1989-06-02,PE,5449.36,social_media
1412,2024-09-11,1992-11-20,SP,12625.93,partner
1413,2025-09-16,1967-11-04,PE,24540.78,referral
1414,2024-05-15,1998-03-03,PE,12727.61,paid_search
1415,2025-09-30,2005-01-25,PR,10962.77,social_media
1416,2026-02-15,2006-12-14,CE,26471.07,organic
1417,2024-12-24,1963-04-13,SP,9165.5,organic
1418,2024-07-16,2001-02-03,RS,4641.09,paid_search
1419,2025-07-05,1982-04-28,SP,21792.66,social_media
1420,2023-06-29,1982-08-27,BA,12592.44,referral
1421,2024-12-15,1993-07-16,SP,27100.65,partner
1422,2025-10-18,2007-02-17,PE,9886.02,partner
1423,2025-12-25,2002-10-12,SP,13525.19,organic
1424,2025-03-15,1973-08-14,BA,14327.2,organic
1425,2024-05-24,1967-05-27,SP,13446.03,referral
1426,2026-07-07,1987-04-20,PE,4910.13,partner
1427,2026-04-16,2000-06-05,RJ,11569.8,referral
1428,2026-06-24,1973-12-07,SP,8553.47,referral
1429,2025-03-28,1979-02-05,SP,22421.19,referral
1430,2024-08-16,1980-07-10,CE,12323.47,paid_search
1431,2024-11-06,2007-06-19,PR,8786.34,referral
1432,2023-12-26,1988-01-01,PR,18802.16,partner
1433,2023-10-12,1993-12-06,BA,11055.92,social_media
1434,2023-05-16,1980-02-23,PR,6814.79,social_media
1435,2023-04-15,1995-12-16,RS,12703.08,organic
1436,2025-09-01,1951-09-10,PE,18113.89,organic
1437,2026-02-06,1977-07-06,CE,24918.19,social_media
1438,2023-05-28,1991-10-21,BA,11797.28,social_media
1439,2024-06-11,1981-03-23,BA,18802.93,organic
1440,2025-05-20,1970-08-15,MG,19268.08,paid_search
1441,2024-03-02,1972-07-31,PR,25558.8,partner
1442,2023-12-10,1993-02-05,RJ,4300.91,referral
1443,2024-06-20,1964-02-23,SP,29925.84,referral
1444,2026-02-24,1962-01-29,PE,22377.1,paid_search
1445,2026-08-11,1958-01-29,PR,25418.96,paid_search
1446,2025-04-04,1994-03-08,BA,9197.93,organic
1447,2023-05-11,1992-05-21,CE,3923.58,organic
1448,2023-04-08,1973-07-17,RS,10127.93,partner
1449,2023-04-07,1989-12-12,CE,7685.51,organic
1450,2024-01-28,1977-06-04,RS,16535.28,referral
1451,2025-10-10,1993-07-21,SP,17746.74,organic
1452,2023-02-03,1991-09-20,SP,25506.54,partner
1453,2023-07-13,1966-08-23,RS,16214.38,referral
1454,2025-10-24,1994-08-08,MG,14198.08,referral
1455,2025-03-16,1982-09-20,SP,5066.62,organic
1456,2023-05-14,2005-01-12,RJ,15478.14,paid_search
1457,2025-05-22,1979-01-09,BA,26325.61,partner
1458,2024-08-31,1991-09-08,SP,20744.17,organic
1459,2025-05-07,1994-01-01,BA,19276.67,partner
1460,2024-07-06,1978-11-10,RS,16823.26,partner
1461,2023-04-12,2004-08-03,PR,2597.33,partner
1462,2026-06-02,1964-05-25,CE,3375.88,partner
1463,2026-03-21,1957-07-10,PR,24823.39,partner
1464,2025-12-21,1973-02-04,BA,10179.26,referral
1465,2024-04-30,1958-08-12,PR,4314.89,organic
1466,2024-03-12,1983-05-24,RJ,26622.67,paid_search
1467,2024-12-13,1964-01-11,PE,13982.01,partner
1468,2023-08-30,1962-03-15,SP,10195.12,organic
1469,2025-12-18,1967-07-17,MG,22255.13,paid_search
1470,2026-05-19,1955-08-12,PE,28287.86,partner
1471,2024-01-29,1975-06-02,MG,16657.18,referral
1472,2025-11-25,1993-12-23,PE,11517.51,partner
1473,2026-08-25,1997-05-08,MG,20599.59,paid_search
1474,2023-07-24,1968-02-11,PE,13644.14,paid_search
1475,2025-04-07,1964-01-18,CE,21119.67,social_media
1476,2023-09-26,1969-11-17,MG,25000.41,social_media
1477,2024-09-01,1955-02-06,BA,16393.15,social_media
1478,2023-08-21,1973-11-26,CE,20404.91,referral
1479,2025-05-26,1988-10-21,BA,20058.53,organic
1480,2024-07-06,1977-01-10,CE,26930.85,organic
1481,2026-07-10,1978-05-21,MG,24432.78,paid_search
1482,2026-06-14,1979-04-01,RS,21831.64,referral
1483,2024-09-29,1976-03-28,PR,26295.47,social_media
1484,2023-05-14,1967-09-12,SP,10252.57,organic
1485,2025-07-07,1997-04-03,SP,19737.16,referral
1486,2023-02-16,1954-04-10,BA,10829.1,social_media
1487,2025-01-18,1997-04-27,PE,13577.28,referral
1488,2026-03-27,1968-04-07,CE,11122.04,partner
1489,2026-03-26,1965-03-09,BA,14968.04,social_media
1490,2023-06-15,1980-10-14,RS,16244.52,social_media
1491,2024-06-08,1959-08-27,CE,28672.58,partner
1492,2023-10-28,1983-01-18,MG,21015.97,referral
1493,2026-01-22,1987-09-28,RS,12351.62,partner
1494,2023-12-11,2006-04-12,CE,3172.87,paid_search
1495,2023-06-30,1968-03-23,PE,17400.51,paid_search
1496,2023-11-26,1954-08-15,BA,3966.84,partner
1497,2024-01-10,1977-06-11,RS,17086.0,partner
1498,2024-12-04,1972-03-13,RJ,15259.67,paid_search
1499,2025-08-23,1992-09-02,BA,4062.64,organic
1500,2026-07-22,1974-09-01,PE,29878.91,social_media
1501,2025-02-10,1971-12-22,CE,23784.29,paid_search
1502,2026-02-27,1961-12-14,SP,21972.06,organic
1503,2025-07-15,1966-05-06,BA,8467.63,social_media
1504,2023-06-05,2001-03-06,RJ,25664.79,partner
1505,2025-04-07,1957-03-25,RS,6252.27,partner
1506,2025-10-11,1964-10-17,BA,29980.32,referral
1507,2025-10-02,1991-09-14,CE,14681.8,partner
1508,2025-11-23,1959-01-25,PR,13809.1,referral
1509,2025-08-13,1964-11-19,SP,10154.99,referral
1510,2026-05-02,1951-12-27,PE,15175.12,partner
1511,2026-04-19,1971-09-12,PR,8379.83,organic
1512,2023-11-15,2005-11-21,RS,20967.32,referral
1513,2025-01-09,1976-06-22,PE,24371.02,paid_search
1514,2025-01-25,2001-01-16,SP,16873.23,referral
1515,2024-08-07,1974-10-24,PR,11070.34,referral
1516,2024-07-19,1971-08-07,CE,21748.26,paid_search
1517,2023-12-13,1988-06-02,RJ,2106.42,referral
1518,2026-08-27,1992-05-07,CE,15090.78,social_media
1519,2023-12-13,1997-09-13,SP,11131.18,social_media
1520,2025-10-28,1987-05-16,SP,9824.33,partner
1521,2024-01-19,1952-03-18,SP,27947.36,social_media
1522,2023-06-19,1956-11-02,PE,22873.53,referral
1523,2026-05-01,1975-06-29,PE,11030.14,social_media
1524,2024-01-20,2005-07-02,PR,26857.25,partner
1525,2025-10-02,1953-11-20,RS,25214.61,partner
1526,2024-07-18,1985-10-21,RJ,23218.91,social_media
1527,2024-07-19,1989-12-25,CE,29478.35,referral
1528,2026-02-03,2001-05-14,PR,4310.72,referral
1529,2024-02-27,1991-03-05,PR,1832.95,social_media
1530,2023-02-01,1983-02-25,SP,15290.36,partner
1531,2025-03-12,1988-12-31,SP,15642.52,paid_search
1532,2023-01-21,1975-10-28,BA,18652.12,paid_search
1533,2024-11-30,1982-03-14,CE,13448.96,social_media
1534,2025-04-18,1978-05-17,PE,8295.28,organic
1535,2025-11-26,1970-12-11,BA,25248.08,partner
1536,2026-06-14,1974-06-06,RS,20876.37,partner
1537,2023-01-08,1974-02-26,SP,12887.03,social_media
1538,2023-03-19,1952-03-24,RJ,20509.0,referral
1539,2025-04-25,1986-11-16,MG,9001.28,partner
1540,2024-05-25,1953-12-09,RS,15519.81,referral
1541,2024-08-06,1990-10-26,BA,7974.07,social_media
1542,2025-08-14,1960-02-10,RJ,13710.77,paid_search
1543,2026-06-12,2006-01-23,SP,17147.07,social_media
1544,2024-10-01,1986-10-18,RS,9209.26,social_media
1545,2025-09-24,1965-05-12,PE,13897.86,partner
1546,2025-03-03,1992-08-06,CE,3214.36,partner
1547,2026-03-04,2005-12-03,CE,11278.43,paid_search
1548,2023-07-22,1992-05-07,RJ,16653.96,paid_search
1549,2025-12-08,1965-12-15,RJ,25557.43,paid_search
1550,2023-10-16,2002-07-29,SP,24369.0,paid_search
1551,2024-02-26,1982-05-11,PE,14887.75,partner
1552,2023-01-06,1984-08-25,PR,16559.61,organic
1553,2024-05-06,1960-07-04,RJ,13285.96,social_media
1554,2025-09-11,1954-12-19,SP,2913.81,partner
1555,2025-10-04,2006-02-16,PR,21294.23,paid_search
1556,2026-07-19,1963-10-28,RJ,27954.86,organic
1557,2023-08-03,2001-08-08,PE,17831.77,social_media
1558,2026-05-20,2005-09-08,CE,24667.06,social_media
1559,2026-05-14,1955-03-19,SP,10327.97,paid_search
1560,2024-05-04,1965-12-27,BA,2695.98,social_media
1561,2023-04-25,1998-06-16,PE,22507.15,social_media
1562,2024-02-29,1990-09-23,RS,9329.35,referral
1563,2023-11-26,1990-01-23,PE,23909.14,paid_search
1564,2025-02-07,1978-03-26,CE,26678.93,organic
1565,2026-02-03,1993-11-06,SP,21357.68,referral
1566,2024-05-31,1960-08-14,PE,2025.8,referral
1567,2025-06-29,1967-11-04,BA,10219.05,partner
1568,2025-05-20,2003-12-07,RJ,19159.96,paid_search
1569,2026-06-06,1996-04-16,CE,6119.16,social_media
1570,2023-10-13,1986-11-29,MG,10862.01,social_media
1571,2024-02-26,1967-11-11,PR,8177.16,referral
1572,2023-04-15,1992-10-24,MG,21198.69,referral
1573,2024-09-13,1971-02-28,RJ,5932.47,paid_search
1574,2026-07-16,1953-06-06,PR,14873.97,social_media
1575,2023-02-14,1969-02-08,SP,13264.83,social_media
1576,2026-03-30,1965-07-06,RS,28150.22,paid_search
1577,2026-04-16,1992-09-24,RJ,13612.39,paid_search
1578,2026-08-05,1972-09-21,RS,28596.74,organic
1579,2025-04-25,1958-08-20,CE,7536.23,social_media
1580,2023-12-14,1979-02-27,RJ,4124.27,paid_search
1581,2023-09-05,1993-05-24,RS,18877.96,social_media
1582,2024-02-08,1973-02-02,CE,9626.26,paid_search
1583,2024-01-18,2007-06-21,RJ,4757.47,paid_search
1584,2023-10-19,1995-03-08,CE,26985.86,paid_search
1585,2025-12-04,1957-10-10,CE,22989.18,organic
1586,2025-05-19,1952-03-30,RJ,11755.87,organic
1587,2025-09-20,1967-08-24,PE,28183.78,paid_search
1588,2024-04-30,1969-09-02,RS,2156.9,referral
1589,2026-02-05,1968-05-19,RJ,12402.45,paid_search
1590,2025-05-04,1957-03-17,CE,16871.76,referral
1591,2023-03-17,1967-04-25,RJ,14741.89,partner
1592,2025-05-24,1981-04-27,CE,7124.8,paid_search
1593,2023-04-17,1952-04-29,CE,25570.89,partner
1594,2023-01-21,1954-06-14,PR,5658.6,referral
1595,2024-10-22,1991-12-20,PR,19083.42,organic
1596,2023-06-05,1989-03-20,RS,20180.75,partner
1597,2025-12-30,2006-11-02,MG,2925.07,referral
1598,2025-05-21,1978-03-19,MG,14155.73,referral
1599,2024-01-13,1977-01-27,PE,1609.09,referral
1600,2024-11-30,1970-01-23,RS,24760.23,organic
1601,2024-01-07,1999-10-15,RS,8165.6,referral
1602,2024-10-28,1987-01-29,BA,7777.7,paid_search
1603,2026-02-08,1974-12-12,BA,23366.54,referral
1604,2025-07-16,1963-10-26,RS,27058.55,organic
1605,2024-03-22,1968-04-29,SP,16270.26,referral
1606,2024-10-07,1990-12-19,RJ,8933.85,paid_search
1607,2023-07-05,2005-01-21,SP,11977.07,social_media
1608,2024-01-08,1977-10-19,PE,18608.51,organic
1609,2025-03-19,1995-08-30,PR,24412.64,partner
1610,2023-08-16,2003-11-14,RJ,2963.4,paid_search
1611,2024-03-06,1975-06-16,BA,13367.16,social_media
1612,2023-06-25,1984-04-09,PR,3798.92,organic
1613,2023-06-15,1992-01-31,MG,24200.35,organic
1614,2023-05-18,1979-08-07,SP,4698.46,organic
1615,2024-06-09,1953-03-06,RS,22199.36,social_media
1616,2023-08-14,1955-10-15,RS,14180.06,referral
1617,2026-08-04,1960-01-25,MG,18472.03,paid_search
1618,2023-02-14,1963-12-19,RS,28028.54,organic
1619,2024-11-29,1957-03-06,RJ,24238.75,organic
1620,2025-12-19,1975-03-24,BA,17607.96,organic
1621,2024-05-10,1994-11-19,BA,27945.56,partner
1622,2025-10-20,1952-06-25,PR,2738.31,referral
1623,2023-08-02,2001-07-16,MG,28160.47,referral
1624,2023-11-10,1969-06-11,SP,12631.14,organic
1625,2024-10-11,1953-01-13,MG,12861.57,partner
1626,2023-06-28,1951-10-15,MG,26572.3,partner
1627,2024-10-05,1981-12-01,PR,11122.7,partner
1628,2023-12-07,1992-01-07,PR,12735.97,referral
1629,2026-03-23,1965-10-31,RJ,7652.73,referral
1630,2026-03-13,1982-04-02,BA,19306.8,social_media
1631,2023-02-17,1981-03-13,SP,10324.91,organic
1632,2026-05-23,1998-05-30,PR,29441.84,partner
1633,2024-01-12,2002-05-09,PE,20312.66,organic
1634,2024-03-26,2003-10-28,MG,11625.55,paid_search
1635,2023-02-19,1953-03-14,PE,23872.91,organic
1636,2024-09-05,2005-08-10,BA,13199.45,referral
1637,2024-04-01,1980-08-07,PR,10938.56,partner
1638,2024-12-31,1981-05-20,RS,7410.85,organic
1639,2024-07-21,1988-10-09,RJ,28777.75,organic
1640,2024-06-08,2001-03-03,MG,14775.94,referral
1641,2026-08-09,1984-01-01,BA,16765.45,partner
1642,2024-09-21,1970-10-24,PE,22315.46,paid_search
1643,2026-08-18,1962-12-31,RS,12941.14,paid_search
1644,2025-10-08,1978-08-17,BA,8083.49,social_media
1645,2024-11-25,1978-05-26,PE,14890.03,organic
1646,2026-06-10,1995-03-16,BA,5844.35,social_media
1647,2025-04-08,2003-01-15,RS,25876.72,organic
1648,2024-12-30,1983-09-17,MG,13274.77,social_media
1649,2023-10-16,1956-09-05,RJ,5645.62,referral
1650,2026-08-20,1954-06-25,SP,16450.2,paid_search
1651,2026-03-03,1990-04-21,RS,10824.4,social_media
1652,2025-01-31,1998-12-02,BA,6607.81,paid_search
1653,2025-03-02,1979-02-27,RJ,10361.49,paid_search
1654,2023-01-03,1956-04-01,CE,14069.56,social_media
1655,2025-06-15,1979-12-02,CE,12352.43,partner
1656,2023-10-14,1968-03-07,PE,8847.9,paid_search
1657,2026-05-11,1988-01-01,RJ,18729.67,organic
1658,2026-05-16,1991-11-10,PE,22667.81,organic
1659,2026-02-07,1959-11-11,MG,25534.36,paid_search
1660,2024-11-25,1962-08-28,SP,7916.89,paid_search
1661,2023-02-11,2000-01-07,CE,2757.73,referral
1662,2024-05-08,1994-12-21,RJ,29341.63,paid_search
1663,2025-06-20,1963-10-11,MG,28126.41,partner
1664,2025-05-07,1985-06-20,BA,29855.73,referral
1665,2026-07-05,1992-05-21,RJ,28492.44,referral
1666,2025-03-01,2007-07-14,MG,28760.61,paid_search
1667,2024-04-07,1961-04-02,BA,7486.71,organic
1668,2025-06-28,1974-06-09,PR,23853.97,paid_search
1669,2026-06-21,1955-07-02,CE,27253.41,referral
1670,2024-10-16,1988-01-23,PR,1909.62,social_media
1671,2024-12-30,1978-09-22,RS,13446.04,social_media
1672,2023-05-15,1989-09-30,PE,20210.05,referral
1673,2023-12-13,1976-05-10,BA,28564.94,social_media
1674,2025-08-25,1987-03-17,BA,25166.01,referral
1675,2026-02-02,2005-04-25,PE,6821.22,organic
1676,2023-06-18,1969-02-22,PE,9165.81,referral
1677,2024-10-09,1951-03-30,MG,5541.02,social_media
1678,2024-06-06,1970-07-16,MG,25512.6,referral
1679,2023-11-23,1960-10-21,PE,28760.6,paid_search
1680,2024-04-06,1976-12-03,SP,8581.17,organic
1681,2025-08-24,1994-09-16,MG,25890.13,referral
1682,2024-03-26,1961-01-05,RS,27102.9,social_media
1683,2025-03-11,1999-04-29,BA,1978.15,partner
1684,2026-06-13,1978-12-11,PR,14298.68,referral
1685,2024-07-17,2006-12-16,PR,23165.53,paid_search
1686,2024-06-11,1998-11-01,PE,18299.26,paid_search
1687,2024-06-04,1986-08-29,RJ,15679.93,partner
1688,2026-05-22,1995-11-09,CE,8042.76,partner
1689,2025-02-17,1954-12-20,RS,27628.19,referral
1690,2025-02-05,1999-06-26,RS,19227.3,paid_search
1691,2025-05-27,1999-09-28,RJ,19532.14,social_media
1692,2024-11-04,1979-07-11,PE,6536.09,social_media
1693,2026-05-18,2003-12-30,RS,18884.11,partner
1694,2023-06-27,1996-05-07,MG,20650.71,partner
1695,2025-03-26,1988-05-22,RJ,20385.99,social_media
1696,2026-07-01,1977-12-06,BA,13306.91,organic
1697,2024-12-30,1959-10-20,BA,23484.25,referral
1698,2023-08-31,1970-05-26,PE,18079.66,paid_search
1699,2026-04-03,1959-08-22,CE,29872.42,paid_search
1700,2024-08-14,1963-10-11,RS,18102.24,paid_search
1701,2026-03-04,1965-01-27,RJ,8936.73,social_media
1702,2025-03-07,1977-03-18,RJ,2442.92,partner
1703,2024-04-26,1962-07-28,PE,15364.73,paid_search
1704,2024-04-09,1951-01-21,PR,16942.16,organic
1705,2023-07-08,1963-07-11,SP,10848.5,social_media
1706,2023-09-09,1972-07-14,RS,3627.92,partner
1707,2025-08-08,1957-01-08,PR,22160.25,paid_search
1708,2025-10-21,1992-04-10,CE,28527.68,partner
1709,2024-08-15,1993-03-19,BA,11462.37,organic
1710,2025-02-01,1953-12-13,RS,18404.24,social_media
1711,2026-04-28,1959-03-26,RS,21009.58,paid_search
1712,2026-03-08,1963-01-11,RS,28794.14,paid_search
1713,2026-02-12,1972-08-12,PE,5871.97,paid_search
1714,2024-05-24,1990-12-19,RS,15872.61,social_media
1715,2026-06-30,1982-12-09,PR,5151.19,partner
1716,2025-07-26,1960-11-14,PR,23309.05,referral
1717,2024-10-31,1960-01-07,BA,13630.98,partner
1718,2023-12-24,1966-08-23,RS,5498.14,social_media
1719,2023-04-05,1990-12-19,SP,13108.52,partner
1720,2025-07-08,1968-11-04,RS,27778.01,paid_search
1721,2024-10-01,1980-07-19,PR,26034.94,social_media
1722,2024-08-05,1974-11-19,CE,11166.89,partner
1723,2023-01-05,1996-06-16,PE,29541.93,paid_search
1724,2026-07-12,1983-12-01,RS,23393.65,paid_search
1725,2025-12-26,1967-06-24,PE,18939.87,social_media
1726,2023-04-20,1963-12-26,CE,27784.65,social_media
1727,2025-05-01,2002-01-15,RJ,25275.62,social_media
1728,2025-04-23,1984-07-16,BA,6257.14,organic
1729,2024-06-07,1992-03-21,CE,28184.2,partner
1730,2026-05-05,1991-06-04,PE,11350.02,organic
1731,2026-01-26,1961-09-11,PE,9773.48,organic
1732,2026-06-07,1980-06-22,RJ,15048.91,referral
1733,2024-11-26,1994-10-29,PE,2826.17,partner
1734,2024-09-01,1969-01-24,RS,16248.34,partner
1735,2023-05-06,1971-04-11,BA,5685.32,referral
1736,2023-02-27,2007-10-27,RS,23401.02,social_media
1737,2025-08-22,1965-06-28,SP,5386.21,referral
1738,2026-05-02,2004-12-14,MG,21709.9,organic
1739,2023-01-02,1984-05-04,CE,23319.28,partner
1740,2024-09-30,1981-01-31,RJ,7980.64,partner
1741,2026-05-20,1980-10-19,PR,8805.82,social_media
1742,2024-10-14,1989-04-19,PE,6271.03,organic
1743,2026-05-16,1990-03-22,PE,9120.81,social_media
1744,2025-12-03,2001-06-05,RS,14979.45,paid_search
1745,2025-11-02,1992-02-05,RJ,17303.99,social_media
1746,2025-01-26,1983-05-21,PE,2433.78,referral
1747,2023-11-26,1966-05-16,BA,9788.27,organic
1748,2026-06-25,1964-11-12,SP,5257.98,paid_search
1749,2025-06-18,1958-03-12,RJ,14333.27,referral
1750,2023-07-02,2004-03-16,RS,16119.85,paid_search
1751,2025-01-08,1965-07-16,RJ,11707.57,paid_search
1752,2025-05-30,1992-11-13,BA,28739.25,social_media
1753,2023-06-25,1979-05-14,MG,10151.69,social_media
1754,2023-12-16,1959-12-17,PE,9167.55,social_media
1755,2025-06-16,1965-04-01,PR,4579.37,organic
1756,2026-04-30,2001-11-11,RS,5778.97,social_media
1757,2023-05-02,1965-12-30,PE,29851.81,partner
1758,2025-04-24,1967-05-08,CE,19549.58,referral
1759,2024-05-19,1967-07-28,CE,14649.95,social_media
1760,2025-01-17,1982-12-05,SP,6658.52,partner
1761,2026-08-29,1977-01-16,MG,19470.8,partner
1762,2024-01-18,1960-05-16,RJ,11842.74,referral
1763,2026-04-01,1963-11-16,BA,17863.27,partner
1764,2024-11-05,2002-01-19,PR,18843.88,paid_search
1765,2025-10-20,1977-09-04,MG,28990.53,organic
1766,2026-04-19,1988-10-07,PE,7734.73,partner
1767,2024-01-16,1968-04-17,BA,22095.36,partner
1768,2023-10-13,1992-11-30,SP,14665.05,social_media
1769,2023-11-19,1985-06-24,PE,2842.23,social_media
1770,2026-01-27,1977-12-20,RJ,3076.85,referral
1771,2024-03-11,1957-08-22,BA,18030.47,referral
1772,2023-03-13,1976-01-28,CE,5743.05,partner
1773,2025-02-22,2007-02-01,RS,28611.7,organic
1774,2025-02-25,2001-03-26,MG,17622.62,referral
1775,2026-02-20,1999-09-24,RJ,15382.25,social_media
1776,2023-10-27,1959-06-14,PR,24882.16,referral
1777,2024-11-28,1992-01-27,PR,19195.82,social_media
1778,2024-10-21,1963-06-26,RJ,2121.51,social_media
1779,2024-10-15,1957-08-12,PR,25130.87,partner
1780,2026-06-26,1972-04-25,RJ,5688.02,organic
1781,2023-07-20,1982-12-05,PE,21586.52,organic
1782,2025-10-16,1991-09-20,CE,2331.21,partner
1783,2025-04-13,1975-08-05,RS,15281.64,partner
1784,2023-10-13,1964-02-21,PR,19378.59,paid_search
1785,2024-07-16,1981-12-05,CE,15812.13,social_media
1786,2023-09-17,2002-01-14,RJ,13200.1,organic
1787,2023-10-06,1977-06-27,PE,9405.27,social_media
1788,2025-10-31,1982-01-08,RS,11985.17,referral
1789,2024-10-02,1989-04-01,PR,9220.03,paid_search
1790,2024-01-16,1973-05-08,PE,29087.35,paid_search
1791,2026-07-13,1954-07-06,PR,10526.36,referral
1792,2024-01-25,1997-08-30,MG,13702.07,referral
1793,2025-12-26,2004-04-22,MG,3327.52,partner
1794,2023-11-02,2004-11-02,PE,10779.81,social_media
1795,2024-11-20,1997-06-20,CE,25218.9,social_media
1796,2023-03-20,1994-12-08,RJ,17419.81,referral
1797,2025-03-02,1953-05-02,CE,6839.48,referral
1798,2025-05-11,1966-12-17,RS,9203.73,social_media
1799,2023-09-01,2003-06-05,RS,8650.73,paid_search
1800,2026-01-19,1953-10-09,CE,26885.39,paid_search
1801,2026-07-26,1972-11-12,MG,16871.13,referral
1802,2024-06-01,2000-02-03,MG,25974.7,partner
1803,2023-08-10,1957-08-25,PR,11656.92,organic
1804,2026-01-16,1981-01-27,MG,18006.98,partner
1805,2025-07-14,1982-01-30,PE,24525.45,organic
1806,2023-01-19,1984-05-22,SP,29389.98,partner
1807,2023-02-13,1974-01-18,PR,16098.24,paid_search
1808,2023-02-27,1975-10-22,RJ,27831.82,social_media
1809,2023-03-25,1956-10-10,PE,16100.08,paid_search
1810,2024-07-06,1983-09-28,SP,5576.51,partner
1811,2023-02-21,1974-05-03,RJ,6942.68,partner
1812,2026-04-07,1953-04-13,MG,14539.37,organic
1813,2023-06-09,1986-04-25,RS,29319.43,social_media
1814,2026-07-09,1964-04-08,RJ,9082.84,social_media
1815,2024-10-17,1951-03-03,PR,3487.39,paid_search
1816,2026-08-06,1968-06-11,RJ,5430.42,organic
1817,2026-08-21,1951-10-03,RJ,8211.79,paid_search
1818,2024-10-15,1961-08-05,PE,28306.44,organic
1819,2023-05-11,1983-04-05,MG,24376.11,partner
1820,2025-09-22,1967-03-30,SP,10263.44,referral
1821,2025-10-05,2000-08-02,BA,18094.39,social_media
1822,2023-08-02,1988-10-04,BA,17285.02,partner
1823,2025-08-27,1990-02-14,PR,23096.02,social_media
1824,2026-05-27,1999-07-27,MG,20166.39,referral
1825,2024-09-06,1993-06-12,PR,6330.86,paid_search
1826,2024-10-26,1964-08-19,CE,13339.0,referral
1827,2023-07-14,1982-06-09,BA,18567.32,paid_search
1828,2023-03-01,2002-09-16,PR,17969.33,paid_search
1829,2024-09-22,1963-08-11,RS,29659.25,referral
1830,2026-03-13,2007-10-12,RJ,19009.13,organic
1831,2023-09-26,1983-10-09,BA,29338.32,organic
1832,2025-02-01,1977-12-30,RJ,15169.9,social_media
1833,2024-09-08,1999-01-23,PE,22660.58,organic
1834,2024-02-23,1989-11-09,BA,14819.0,paid_search
1835,2026-04-06,1987-11-03,SP,23781.14,organic
1836,2025-12-03,1961-06-16,SP,12668.57,referral
1837,2023-05-18,1982-07-09,PR,23103.11,organic
1838,2023-01-15,1963-12-06,RJ,7107.8,organic
1839,2024-01-19,1973-11-10,SP,29116.2,referral
1840,2025-08-27,1981-10-18,CE,10971.19,social_media
1841,2024-03-02,1986-10-05,PR,16643.83,social_media
1842,2026-02-22,2001-07-29,RJ,2460.3,partner
1843,2024-10-03,1999-05-10,PR,14502.59,partner
1844,2024-02-15,2001-05-23,RJ,11878.54,referral
1845,2026-02-03,1995-06-24,SP,10002.23,referral
1846,2025-12-26,2003-08-15,SP,9786.26,social_media
1847,2025-11-05,1986-03-18,MG,10962.3,partner
1848,2024-05-01,1979-10-02,PE,27597.58,social_media
1849,2025-11-24,1986-02-01,SP,20564.39,paid_search
1850,2023-06-29,1955-08-05,CE,9707.42,organic
1851,2025-08-28,1982-04-06,CE,22634.32,social_media
1852,2025-05-11,1970-04-10,RJ,5130.72,referral
1853,2024-08-17,1989-03-10,SP,24218.32,referral
1854,2024-04-30,2007-05-02,SP,18361.57,organic
1855,2024-02-07,1996-07-08,SP,7376.81,organic
1856,2025-12-31,2000-09-22,PR,2078.61,social_media
1857,2023-10-09,2007-11-29,PR,4852.49,partner
1858,2023-12-19,2001-10-21,MG,1775.58,organic
1859,2023-07-27,1989-02-07,SP,14542.54,social_media
1860,2026-03-11,2004-03-31,PE,22793.61,partner
1861,2023-10-16,1967-03-24,MG,16475.58,paid_search
1862,2024-05-09,1983-06-13,CE,29418.92,paid_search
1863,2024-08-15,1983-06-22,CE,8632.59,organic
1864,2025-10-17,1985-09-10,PE,4476.69,organic
1865,2023-01-23,1953-06-09,CE,25548.85,organic
1866,2026-07-20,1982-05-13,RJ,20821.47,organic
1867,2025-04-07,1980-04-16,PE,13369.18,organic
1868,2023-12-19,1963-10-12,RJ,22343.42,referral
1869,2024-08-15,1992-09-13,PR,5160.47,partner
1870,2025-09-23,1953-01-24,MG,26385.45,partner
1871,2023-05-24,2001-09-14,PE,3626.96,social_media
1872,2026-06-30,1991-03-27,RS,16769.25,organic
1873,2025-05-20,1955-02-22,CE,25840.52,partner
1874,2023-07-10,1984-06-21,PE,15022.16,social_media
1875,2025-10-24,1969-05-29,SP,19818.33,paid_search
1876,2023-03-09,1962-02-09,PR,26343.82,partner
1877,2025-04-19,1971-09-04,MG,4618.67,paid_search
1878,2024-09-18,1956-04-22,CE,18765.75,partner
1879,2024-02-09,1991-05-20,BA,28438.22,organic
1880,2026-01-19,1978-01-27,CE,15932.92,organic
1881,2026-06-21,1997-12-05,SP,20923.94,social_media
1882,2024-03-23,1975-07-20,RS,24857.68,partner
1883,2026-05-03,1983-01-13,SP,11889.19,paid_search
1884,2023-12-30,2004-11-08,PR,9428.32,social_media
1885,2024-05-30,1990-10-22,BA,22587.73,referral
1886,2024-08-12,2004-04-07,PR,22700.33,organic
1887,2023-04-15,1998-05-13,PR,12000.89,organic
1888,2023-01-18,1995-04-05,SP,26934.64,organic
1889,2025-09-29,2001-06-16,MG,22621.49,referral
1890,2026-06-21,1989-07-28,MG,29744.76,partner
1891,2023-04-11,1965-11-11,PE,4183.46,organic
1892,2024-01-08,1954-12-03,MG,20700.2,partner
1893,2023-05-07,1982-06-29,PE,18213.85,social_media
1894,2024-11-28,1970-05-04,RJ,22851.68,referral
1895,2025-09-28,1999-12-05,PE,12035.62,social_media
1896,2025-12-21,2003-08-26,RJ,6382.66,partner
1897,2025-08-18,1965-08-18,SP,6552.55,paid_search
1898,2024-06-08,1966-12-08,PR,14341.57,partner
1899,2024-12-22,1982-12-17,BA,12891.32,referral
1900,2025-09-13,1995-12-02,SP,25249.65,partner
1901,2024-05-04,1966-05-02,CE,10559.85,referral
1902,2024-06-20,1960-08-07,BA,16328.58,social_media
1903,2024-09-08,1998-06-04,RS,14859.5,paid_search
1904,2025-04-15,1985-11-05,SP,22414.14,referral
1905,2024-07-04,1955-10-31,PR,17805.12,social_media
1906,2025-07-12,1997-01-10,PR,17995.29,partner
1907,2025-05-07,1972-07-02,MG,11292.26,paid_search
1908,2024-07-28,1954-07-23,RJ,13402.04,organic
1909,2023-02-27,1963-11-20,RJ,11904.7,organic
1910,2024-02-24,1963-11-22,PR,17202.61,social_media
1911,2025-01-18,1963-02-01,SP,28338.21,referral
1912,2025-04-12,1953-04-22,RJ,2992.41,organic
1913,2025-01-13,1965-08-06,PR,13067.7,organic
1914,2024-06-16,1951-04-02,BA,28958.02,referral
1915,2026-09-01,1969-07-20,BA,24452.38,referral
1916,2024-12-22,1989-11-30,RJ,11122.08,social_media
1917,2025-02-12,1978-12-07,RS,19436.56,paid_search
1918,2025-09-21,1956-06-26,MG,13590.04,referral
1919,2025-03-15,1992-10-08,CE,22751.35,social_media
1920,2024-10-02,1978-12-22,PR,29045.85,partner
1921,2023-11-09,2004-10-04,PR,5429.43,partner
1922,2023-03-24,1984-01-22,MG,18387.62,referral
1923,2023-10-10,1960-08-18,PE,22734.03,referral
1924,2023-08-04,1978-12-30,PR,7742.48,social_media
1925,2026-01-09,1971-09-12,SP,13431.35,referral
1926,2024-01-13,1983-04-26,RJ,7792.01,social_media
1927,2025-06-12,1962-02-12,MG,28488.89,paid_search
1928,2023-07-06,1976-04-23,CE,22177.98,social_media
1929,2026-06-15,1996-12-29,BA,15844.44,organic
1930,2024-07-05,1953-12-08,RJ,28502.35,organic
1931,2024-03-10,1953-07-14,PE,19875.46,paid_search
1932,2025-11-05,1964-12-06,CE,22490.94,organic
1933,2024-08-01,1977-10-24,PR,21055.08,referral
1934,2025-12-03,1965-11-14,RJ,16502.94,organic
1935,2024-10-03,1961-05-24,RJ,6671.49,social_media
1936,2024-08-21,1972-08-02,PR,9578.48,partner
1937,2026-02-08,1955-11-28,BA,28929.61,partner
1938,2024-05-28,1988-12-17,RS,17061.17,paid_search
1939,2024-04-25,1968-10-21,MG,27348.11,organic
1940,2024-01-17,1959-12-26,SP,22077.86,referral
1941,2024-12-03,1979-09-08,BA,9622.03,paid_search
1942,2023-04-29,1958-09-22,SP,4825.48,organic
1943,2024-04-24,1952-08-30,SP,29555.68,social_media
1944,2024-05-03,1971-11-18,SP,9814.82,partner
1945,2026-06-11,1982-02-16,PE,12292.47,referral
1946,2023-01-20,1974-04-28,SP,5230.38,paid_search
1947,2025-03-18,2006-01-15,PR,21424.38,paid_search
1948,2024-04-06,1984-04-25,RS,23135.12,paid_search
1949,2023-07-16,1961-01-09,RJ,27354.99,partner
1950,2026-01-28,2006-02-20,PE,3547.9,organic
1951,2025-01-16,1968-08-11,PR,12370.31,partner
1952,2023-01-21,1993-06-24,SP,24676.52,social_media
1953,2025-09-21,1969-01-30,RS,19125.82,partner
1954,2023-05-30,1980-10-06,RS,22273.04,partner
1955,2023-08-06,1987-07-17,PE,28549.89,organic
1956,2023-03-16,1984-12-31,MG,3368.96,organic
1957,2024-07-20,1955-06-07,PR,11131.84,paid_search
1958,2026-01-09,2003-07-24,CE,17047.1,organic
1959,2025-09-19,2007-10-26,BA,20363.88,partner
1960,2024-09-12,1969-12-11,RS,11764.94,partner
1961,2025-07-10,1991-04-15,PE,17479.15,social_media
1962,2025-04-11,1975-09-13,PE,27758.29,social_media
1963,2026-06-15,1978-10-15,RS,3206.19,organic
1964,2024-07-06,1968-06-27,BA,28353.64,organic
1965,2024-04-19,1998-06-13,PR,22085.64,social_media
1966,2024-04-08,2006-03-08,PR,3951.19,social_media
1967,2024-06-06,2005-11-25,PE,14123.07,social_media
1968,2023-11-23,1998-10-11,MG,19262.67,social_media
1969,2023-02-09,1970-08-03,PE,21028.28,social_media
1970,2024-07-09,1957-12-23,PE,12953.61,social_media
1971,2026-08-23,1953-03-09,CE,23281.16,paid_search
1972,2024-09-26,1966-09-05,PR,27323.31,social_media
1973,2023-11-17,1962-01-05,PE,21969.53,referral
1974,2025-08-18,1967-03-04,BA,20924.97,organic
1975,2026-02-04,1957-07-04,RJ,7126.24,referral
1976,2024-07-24,1958-10-11,SP,8328.29,referral
1977,2024-12-05,1979-11-03,RS,17709.77,referral
1978,2023-07-12,1998-08-05,RS,19804.47,referral
1979,2024-03-30,1969-12-21,PR,1574.48,referral
1980,2026-05-04,1960-07-08,CE,13220.27,paid_search
1981,2025-06-12,1967-03-22,RJ,8798.85,organic
1982,2025-01-05,1962-03-07,SP,16749.56,referral
1983,2025-07-06,1965-11-23,PR,24078.55,referral
1984,2026-07-11,1968-02-01,CE,9892.77,organic
1985,2023-11-05,1985-11-08,PR,17015.84,referral
1986,2023-03-09,1993-12-14,PE,16319.77,organic
1987,2025-03-23,1960-01-13,SP,17214.99,social_media
1988,2026-01-26,1960-05-11,SP,27097.09,referral
1989,2023-09-25,1952-08-30,PR,13474.57,organic
1990,2025-06-22,1982-04-14,RJ,29753.28,paid_search
1991,2024-08-31,1988-04-26,BA,22591.97,referral
1992,2026-08-30,1986-05-24,SP,24051.14,referral
1993,2023-12-14,1969-03-30,RJ,26643.24,paid_search
1994,2024-05-26,1958-11-26,RS,4268.41,referral
1995,2023-02-20,1982-05-31,BA,2830.14,paid_search
1996,2023-11-16,1958-03-06,PE,12468.54,social_media
1997,2026-04-14,1955-03-31,RJ,20709.29,organic
1998,2024-12-28,1979-02-12,RS,18813.37,social_media
1999,2026-01-30,1956-05-12,MG,11031.1,social_media
2000,2024-02-26,1970-07-07,RJ,9782.4,social_media
2001,2023-01-11,1968-05-28,CE,28900.73,referral
2002,2024-12-10,1963-09-11,RJ,27180.41,partner
2003,2025-12-25,1971-08-18,SP,11874.49,social_media
2004,2023-09-15,1955-06-13,RS,23505.62,social_media
2005,2025-01-30,1983-04-21,CE,24759.2,organic
2006,2025-09-16,1979-12-21,RJ,3856.6,organic
2007,2025-12-16,1952-02-07,RS,8791.92,paid_search
2008,2025-03-07,1982-12-13,PE,1514.1,social_media
2009,2023-01-15,1954-08-01,PE,24834.44,organic
2010,2025-11-16,1984-10-02,PR,5180.45,paid_search
2011,2025-09-10,1968-06-09,CE,6841.33,referral
2012,2023-06-09,1978-09-23,PR,2991.02,partner
2013,2026-06-28,1955-07-02,RJ,27322.27,social_media
2014,2024-08-03,1981-06-15,CE,7483.74,paid_search
2015,2024-06-09,1982-02-21,PE,28674.24,referral
2016,2025-08-30,1960-09-08,RJ,2769.46,social_media
2017,2024-03-21,1971-04-16,MG,16775.15,social_media
2018,2024-12-22,1956-10-30,MG,18329.39,organic
2019,2026-04-09,2005-02-10,SP,19015.03,partner
2020,2026-05-30,1997-10-21,PR,20336.44,partner
2021,2023-03-26,1978-08-27,RS,9099.49,partner
2022,2026-04-04,1987-11-11,PR,11304.85,social_media
2023,2025-12-02,1988-06-23,BA,19643.67,referral
2024,2025-03-15,1967-05-12,RJ,15665.48,social_media
2025,2024-07-05,1956-01-10,PR,25774.46,social_media
2026,2024-07-27,2003-06-22,BA,25552.1,social_media
2027,2023-01-16,1970-08-28,RJ,24112.92,paid_search
2028,2025-07-22,1978-08-09,PR,27247.82,social_media
2029,2026-06-09,1962-02-13,BA,9813.63,referral
2030,2026-08-07,1974-02-13,RJ,26718.86,paid_search
2031,2025-12-04,1971-10-09,CE,28028.25,partner
2032,2024-06-08,2004-12-26,RJ,16426.09,organic
2033,2025-12-08,1962-10-20,RS,25980.52,referral
2034,2023-04-10,1968-04-25,PE,25215.87,social_media
2035,2025-11-02,1974-07-25,CE,18081.83,paid_search
2036,2024-01-02,1960-11-15,SP,24320.08,social_media
2037,2026-01-06,1952-02-08,MG,14683.36,social_media
2038,2025-11-07,1958-04-04,PR,2373.4,social_media
2039,2026-02-06,1980-04-02,CE,21484.64,social_media
2040,2024-09-10,1968-06-11,BA,20883.81,social_media
2041,2026-06-15,1951-08-31,PR,4655.34,partner
2042,2024-07-18,1998-12-03,MG,24952.78,social_media
2043,2023-09-09,1952-12-31,BA,13757.49,social_media
2044,2023-08-20,1977-03-30,CE,29551.13,partner
2045,2024-01-04,1964-10-23,SP,15087.91,referral
2046,2025-07-31,1973-07-22,MG,22758.63,referral
2047,2023-05-21,1971-05-25,SP,8951.41,social_media
2048,2025-10-22,1985-01-20,PE,13937.49,paid_search
2049,2025-04-27,1976-09-21,MG,4391.0,social_media
2050,2024-03-07,1985-10-26,RJ,28047.59,paid_search
2051,2025-05-23,1964-11-04,SP,15849.86,paid_search
2052,2023-11-14,1986-04-14,RJ,12989.96,partner
2053,2023-08-22,1990-05-15,RS,22052.04,social_media
2054,2023-07-26,1987-11-19,PE,25775.28,paid_search
2055,2023-01-24,1986-05-15,BA,15847.93,organic
2056,2023-05-22,1962-04-28,BA,12403.37,paid_search
2057,2025-11-15,1984-03-19,RS,1677.88,organic
2058,2025-04-29,1980-03-16,SP,8235.24,paid_search
2059,2026-05-19,1999-09-27,PR,28168.16,partner
2060,2024-12-10,1968-01-15,MG,8062.52,organic
2061,2025-04-24,1961-04-23,PR,29807.98,organic
2062,2026-04-26,1991-11-27,PE,24746.7,partner
2063,2024-08-23,1982-12-01,PR,24597.74,social_media
2064,2023-04-06,1959-12-03,SP,5247.84,partner
2065,2023-01-05,2004-03-21,RJ,7958.02,referral
2066,2026-08-24,1977-01-17,PE,28086.9,social_media
2067,2024-03-08,1979-06-17,SP,7941.04,partner
2068,2024-04-23,2003-06-16,MG,23226.23,social_media
2069,2025-05-05,1955-04-08,PE,28715.39,paid_search
2070,2024-11-20,2004-08-03,PE,9077.91,social_media
2071,2026-03-13,1998-09-23,RS,11405.75,organic
2072,2024-05-12,1980-04-21,MG,21456.2,organic
2073,2026-04-17,1957-12-20,PE,19300.47,partner
2074,2026-07-12,1982-10-01,SP,23194.23,organic
2075,2024-04-27,1998-08-20,MG,28595.46,social_media
2076,2024-04-25,1960-01-16,SP,2893.97,paid_search
2077,2024-10-21,2003-05-04,RJ,6818.65,referral
2078,2023-01-31,1959-01-19,RJ,27340.07,paid_search
2079,2023-10-29,1986-06-19,PR,11070.14,partner
2080,2025-05-23,1997-12-06,MG,13076.35,referral
2081,2025-10-26,2000-02-14,RS,25657.01,partner
2082,2023-01-20,1977-10-26,SP,21096.12,referral
2083,2024-04-25,1961-07-31,BA,20069.04,partner
2084,2023-10-05,1978-05-03,SP,1514.57,partner
2085,2023-06-24,1964-11-07,PR,5803.03,paid_search
2086,2024-06-24,1977-06-03,BA,18475.83,social_media
2087,2023-11-04,1982-01-09,MG,18638.47,referral
2088,2025-12-26,1962-08-08,CE,9937.49,social_media
2089,2024-01-05,1974-05-15,CE,22133.36,partner
2090,2025-04-22,1968-07-24,PE,17288.91,referral
2091,2025-07-27,1960-03-04,BA,29786.08,organic
2092,2025-04-13,1952-12-11,PR,23605.46,organic
2093,2025-08-02,1951-04-14,SP,22835.09,social_media
2094,2024-05-06,1995-12-06,MG,7886.31,social_media
2095,2024-12-19,1995-08-06,MG,14298.92,social_media
2096,2023-04-01,2007-09-19,PE,14477.32,organic
2097,2024-07-18,1951-10-09,RS,3769.51,partner
2098,2025-12-22,1971-08-04,CE,9967.64,paid_search
2099,2026-07-13,1988-03-10,PE,14357.87,organic
2100,2026-05-28,2006-03-08,RJ,9669.74,organic
2101,2025-08-26,2001-02-24,PR,15061.16,organic
2102,2025-02-17,1952-10-30,BA,25550.25,organic
2103,2024-06-22,1992-04-25,PR,8509.67,referral
2104,2023-03-28,1974-04-03,PE,23260.92,partner
2105,2023-02-15,1998-06-29,RJ,26575.18,organic
2106,2024-05-05,2003-07-11,RS,5912.45,referral
2107,2025-12-31,1999-07-13,BA,3545.82,paid_search
2108,2025-10-31,1990-10-01,PR,14825.43,partner
2109,2024-06-18,1999-10-04,RJ,27523.0,social_media
2110,2025-04-15,1951-09-25,MG,5187.6,social_media
2111,2026-02-24,1998-05-06,RS,24373.82,paid_search
2112,2024-05-13,1964-09-02,RS,23618.61,paid_search
2113,2026-01-31,1953-11-07,MG,22736.39,paid_search
2114,2026-08-27,1957-06-28,CE,2165.81,organic
2115,2026-08-14,1990-02-18,PR,25563.22,organic
2116,2026-08-07,1974-08-10,PR,21063.9,referral
2117,2023-04-01,1973-02-09,SP,8733.32,paid_search
2118,2026-05-23,2007-09-28,PR,7851.17,partner
2119,2026-08-29,2001-12-29,BA,16712.48,partner
2120,2025-02-19,2001-04-12,CE,6076.18,referral
2121,2025-03-24,1970-05-25,SP,20183.89,organic
2122,2023-06-06,1951-10-16,MG,18635.27,social_media
2123,2025-01-29,1960-10-24,RJ,9959.95,partner
2124,2023-01-20,1959-12-17,PE,12161.99,social_media
2125,2025-06-26,1997-06-24,PE,28673.53,organic
2126,2025-06-12,1961-09-05,MG,24191.25,paid_search
2127,2024-11-30,1965-07-23,PR,4885.77,social_media
2128,2023-02-07,1958-08-10,BA,29691.7,referral
2129,2026-03-14,1957-08-17,MG,11338.44,partner
2130,2026-07-29,1968-06-28,CE,23262.91,referral
2131,2023-06-10,1967-03-23,MG,14233.38,social_media
2132,2023-03-15,1988-08-27,PR,22576.79,social_media
2133,2025-03-20,1965-01-29,SP,8039.7,referral
2134,2026-05-19,1999-07-10,SP,13741.21,referral
2135,2024-10-25,1958-09-02,RJ,4592.25,paid_search
2136,2023-12-12,1962-04-20,CE,4068.07,paid_search
2137,2023-01-24,1989-11-14,PR,5783.77,paid_search
2138,2023-08-02,1991-10-11,RS,4335.53,organic
2139,2023-09-03,1977-08-17,MG,16257.39,paid_search
2140,2023-05-03,1991-01-22,PE,9092.07,paid_search
2141,2023-09-15,1974-03-12,MG,17255.34,paid_search
2142,2026-05-29,1990-10-12,PE,6285.92,social_media
2143,2025-03-05,1978-06-23,PR,28046.72,paid_search
2144,2026-02-13,1955-01-30,PR,20429.65,paid_search
2145,2024-07-22,1990-10-30,SP,3599.48,paid_search
2146,2023-05-30,1963-10-18,PE,3119.89,social_media
2147,2024-07-25,2000-02-07,RJ,17739.68,organic
2148,2023-04-21,1985-04-05,RS,8632.1,organic
2149,2025-10-13,2003-12-06,PR,8311.27,partner
2150,2025-05-01,1975-04-08,MG,28240.25,paid_search
2151,2024-06-14,1982-01-12,CE,17273.61,paid_search
2152,2023-02-21,1980-12-22,CE,13329.45,social_media
2153,2024-11-16,1983-09-17,BA,3612.76,referral
2154,2024-06-07,1953-02-05,SP,8775.05,social_media
2155,2025-08-03,1971-07-09,RJ,15344.62,organic
2156,2023-06-28,1995-03-18,BA,17318.93,referral
2157,2025-06-20,1990-09-17,BA,12385.58,paid_search
2158,2024-05-09,1989-01-04,SP,16075.45,organic
2159,2024-01-07,1951-07-01,BA,8741.02,paid_search
2160,2024-05-06,1954-05-01,CE,18945.87,social_media
2161,2025-12-07,1984-11-02,PR,21278.57,social_media
2162,2023-03-22,1972-01-15,PR,19445.78,paid_search
2163,2023-07-28,1971-06-24,RS,6889.29,referral
2164,2023-11-03,1979-09-13,CE,21189.33,organic
2165,2023-11-26,1982-07-02,SP,23742.39,partner
2166,2024-03-29,1994-03-18,BA,10262.42,paid_search
2167,2025-04-23,1963-04-17,RJ,1700.01,referral
2168,2026-02-15,1966-07-26,SP,18487.74,partner
2169,2023-07-27,1988-04-20,CE,8564.21,social_media
2170,2023-09-25,1964-10-12,MG,13918.54,organic
2171,2024-08-17,1982-02-23,BA,6273.98,organic
2172,2026-05-03,1986-12-11,CE,17282.29,referral
2173,2024-11-30,1984-05-20,PE,9136.11,referral
2174,2024-12-04,1951-06-04,SP,21689.63,paid_search
2175,2024-02-04,1973-05-09,PR,9141.69,paid_search
2176,2026-05-15,2004-12-29,MG,27675.22,paid_search
2177,2023-12-19,1972-08-09,BA,20729.06,partner
2178,2023-11-30,1984-10-05,RS,27255.75,referral
2179,2023-08-17,1988-11-10,RS,6304.58,organic
2180,2025-06-15,2006-03-25,PE,29708.18,paid_search
2181,2023-02-26,2007-10-07,MG,19711.17,paid_search
2182,2026-07-15,1961-06-04,BA,14758.53,referral
2183,2024-05-24,1989-09-06,PE,4490.56,social_media
2184,2024-02-28,1951-10-22,MG,25836.58,social_media
2185,2025-07-01,1989-01-11,SP,23004.66,referral
2186,2025-03-14,1993-04-16,RS,7670.26,partner
2187,2024-03-09,2001-08-13,PE,17767.02,social_media
2188,2024-06-12,1972-06-21,MG,1523.92,paid_search
2189,2025-01-04,2007-07-19,PE,6985.46,paid_search
2190,2025-10-17,1996-12-13,CE,6747.0,partner
2191,2024-11-08,1978-01-13,PR,3641.56,organic
2192,2025-10-28,1970-05-18,BA,19420.82,partner
2193,2023-05-04,1965-10-21,BA,8069.34,organic
2194,2023-04-16,1961-01-20,BA,17034.79,partner
2195,2025-04-05,1982-02-27,CE,1516.37,organic
2196,2026-02-18,1997-05-04,RS,23864.23,referral
2197,2023-02-06,1975-04-18,RJ,23176.24,paid_search
2198,2023-08-09,2001-10-29,SP,19373.45,social_media
2199,2025-11-21,1992-06-04,SP,27701.2,referral
2200,2025-02-19,2000-02-11,PE,5062.06,organic
2201,2026-06-14,1983-11-01,BA,22511.42,partner
2202,2024-03-13,1972-07-18,SP,25549.96,paid_search
2203,2024-11-06,1980-01-05,PR,19246.3,organic
2204,2026-07-20,1997-02-03,PE,13906.47,referral
2205,2023-08-10,1951-04-12,BA,14334.02,social_media
2206,2023-08-20,1962-05-18,RS,10598.81,organic
2207,2025-08-06,1986-07-14,RS,29924.92,social_media
2208,2025-10-07,2007-08-20,CE,27030.37,referral
2209,2023-10-14,2004-05-31,PR,28400.86,paid_search
2210,2023-10-17,1962-06-21,PE,13764.77,organic
2211,2025-11-30,1988-11-18,PE,28701.71,organic
2212,2026-02-19,2006-05-16,PR,24003.31,organic
2213,2023-04-08,1987-06-03,BA,29954.67,social_media
2214,2025-01-07,1952-12-01,PR,12717.33,paid_search
2215,2024-04-28,1954-03-10,CE,5476.91,partner
2216,2024-03-09,1972-02-24,RJ,22108.09,paid_search
2217,2024-10-28,1983-04-20,RS,14837.73,referral
2218,2023-08-16,1967-05-29,PE,22535.46,social_media
2219,2024-03-21,1973-02-22,PE,20450.67,organic
2220,2025-06-02,1989-03-25,PE,22442.1,paid_search
2221,2024-12-11,1965-02-11,CE,8833.18,organic
2222,2023-07-29,1997-09-22,RJ,24155.22,organic
2223,2024-10-09,1955-07-17,MG,27921.72,paid_search
2224,2024-05-07,2004-03-29,RJ,19636.25,partner
2225,2024-04-19,1993-09-17,RS,20272.57,organic
2226,2026-02-19,2007-12-22,PE,20623.49,paid_search
2227,2025-06-29,1989-01-28,PR,12961.26,partner
2228,2024-11-24,1995-01-14,CE,19516.16,referral
2229,2025-01-09,1961-07-07,PR,19859.18,partner
2230,2026-01-02,1994-03-13,PE,20778.25,partner
2231,2023-09-27,1975-07-09,PR,26160.89,partner
2232,2025-08-06,1992-05-25,BA,14781.46,social_media
2233,2026-02-28,1960-11-26,BA,15047.48,organic
2234,2026-05-13,1959-01-05,MG,11110.34,organic
2235,2026-02-05,2002-08-25,MG,29950.05,partner
2236,2026-08-12,1984-09-01,PE,14912.93,referral
2237,2023-08-13,1953-08-19,BA,25830.33,partner
2238,2025-04-10,1955-01-20,PR,22724.68,organic
2239,2025-06-11,1997-05-30,PE,2085.76,referral
2240,2025-04-08,1983-03-27,SP,22869.68,organic
2241,2024-03-21,1957-12-08,RS,4923.51,social_media
2242,2025-07-23,1977-03-08,RS,5371.45,organic
2243,2026-02-09,1952-08-16,RJ,26127.4,organic
2244,2023-05-25,1971-11-06,CE,2231.58,paid_search
2245,2024-11-17,2004-11-24,RJ,25780.62,paid_search
2246,2023-07-22,1981-04-28,PR,21061.15,referral
2247,2026-05-06,1961-08-17,PR,23557.24,organic
2248,2026-05-20,1967-01-09,RJ,25855.73,referral
2249,2026-03-21,1964-08-17,PR,5424.87,referral
2250,2023-01-28,1971-11-28,PR,23119.79,social_media
2251,2023-04-02,2006-09-26,PE,17297.88,referral
2252,2023-11-07,1951-08-10,SP,10702.41,social_media
2253,2025-05-25,1953-07-12,CE,18645.2,referral
2254,2024-01-05,1979-11-27,MG,22063.86,partner
2255,2023-08-31,1954-06-29,SP,21724.74,partner
2256,2026-08-18,1952-02-25,PR,19507.78,social_media
2257,2024-05-20,1991-02-18,CE,12625.91,social_media
2258,2025-09-03,2003-12-29,SP,13433.63,organic
2259,2024-11-17,1952-11-29,SP,15817.67,organic
2260,2023-10-15,2007-09-14,PR,8912.06,paid_search
2261,2023-03-24,1984-10-01,SP,18825.33,social_media
2262,2026-02-28,1995-08-01,PR,19132.47,social_media
2263,2025-09-23,1995-02-28,CE,9878.68,paid_search
2264,2026-05-08,1981-06-13,PR,16423.33,partner
2265,2024-12-22,1980-09-07,MG,3636.93,partner
2266,2025-09-04,1998-08-17,RJ,27070.75,organic
2267,2025-05-02,1951-07-01,PE,18802.01,organic
2268,2024-02-26,1997-03-18,RJ,7127.09,social_media
2269,2026-07-02,2006-08-18,BA,28379.11,referral
2270,2025-11-27,1952-06-14,BA,24255.31,organic
2271,2023-02-06,1961-03-12,CE,1672.19,partner
2272,2023-11-05,1979-01-31,PE,22847.3,partner
2273,2023-12-09,1979-10-27,BA,27421.52,organic
2274,2024-03-25,1960-10-08,CE,9804.01,organic
2275,2025-03-29,1958-02-11,RS,17063.1,partner
2276,2024-05-17,1965-04-30,CE,26172.53,referral
2277,2026-08-24,1960-03-09,BA,28758.97,referral
2278,2025-09-08,1953-09-21,PR,28049.64,referral
2279,2026-01-11,1995-03-27,CE,19264.88,referral
2280,2026-04-24,1976-12-10,SP,21053.23,referral
2281,2026-01-07,1956-03-28,RJ,4251.73,referral
2282,2025-10-26,1982-02-06,PR,23849.88,organic
2283,2025-01-30,1980-09-20,SP,12429.87,organic
2284,2025-10-03,1986-08-02,BA,23986.58,referral
2285,2023-07-02,1974-05-11,RS,18554.1,social_media
2286,2023-10-21,1982-10-30,PR,11675.35,paid_search
2287,2024-11-17,1984-01-09,CE,28781.65,referral
2288,2025-10-18,1986-02-27,PE,11369.79,organic
2289,2025-05-30,1974-01-14,PE,13914.63,referral
2290,2024-06-19,2003-11-16,RS,13522.75,paid_search
2291,2023-09-01,2004-12-24,RS,21943.25,organic
2292,2025-12-17,1952-08-18,RJ,25875.76,paid_search
2293,2026-08-02,1994-03-25,MG,29383.71,paid_search
2294,2024-09-29,1991-08-15,CE,4063.66,social_media
2295,2024-10-06,1967-04-18,RS,29091.83,social_media
2296,2025-02-02,1970-11-21,RS,7134.25,referral
2297,2025-10-01,1973-05-27,PR,6990.92,partner
2298,2024-01-19,1989-01-29,BA,26745.01,referral
2299,2025-10-12,1972-01-27,PR,28295.79,paid_search
2300,2026-08-23,1985-09-02,MG,28383.91,partner
2301,2023-09-07,1995-05-14,RS,3765.05,paid_search
2302,2024-06-23,1959-05-08,RJ,25345.99,paid_search
2303,2024-04-18,1978-07-04,CE,6701.33,paid_search
2304,2025-12-29,1996-05-03,PE,10648.22,referral
2305,2026-04-13,1978-04-06,RS,19860.02,referral
2306,2023-09-04,1953-01-16,RJ,26585.57,partner
2307,2026-03-08,1962-09-30,CE,14245.6,partner
2308,2025-11-13,1957-06-27,RJ,11300.32,partner
2309,2025-12-02,1978-12-09,SP,28178.69,social_media
2310,2026-09-01,1967-03-15,SP,29653.28,organic
2311,2026-08-02,1963-11-28,SP,13818.51,paid_search
2312,2023-02-05,1955-08-09,RS,28566.74,organic
2313,2026-04-04,1996-12-22,CE,3693.12,paid_search
2314,2024-04-12,1998-09-09,SP,12814.33,referral
2315,2023-01-03,1994-03-12,PE,12499.65,referral
2316,2023-06-05,1968-01-27,PR,16922.05,social_media
2317,2024-01-12,2001-02-25,PE,18349.63,organic
2318,2026-08-21,1996-03-09,CE,7006.28,paid_search
2319,2024-05-04,1970-12-19,CE,29821.57,partner
2320,2025-04-19,2007-11-26,MG,4291.56,organic
2321,2026-01-31,1978-04-06,RJ,16311.47,paid_search
2322,2024-03-09,1988-02-06,BA,27329.0,social_media
2323,2026-07-04,1962-04-30,PE,13126.86,paid_search
2324,2023-12-19,1991-11-08,PR,14303.72,paid_search
2325,2026-03-18,1967-11-21,CE,27882.45,social_media
2326,2024-11-06,1959-06-29,SP,27772.38,partner
2327,2023-07-01,1966-06-28,PR,10095.82,organic
2328,2023-09-06,1992-06-28,PR,26800.31,organic
2329,2026-01-27,1981-03-29,BA,16657.22,referral
2330,2026-07-10,2005-12-22,PR,13533.82,partner
2331,2025-05-08,1971-12-26,BA,24845.55,referral
2332,2023-09-25,1998-03-24,SP,27635.13,partner
2333,2023-03-24,1958-04-19,PE,8369.58,partner
2334,2026-07-26,1979-12-18,MG,8872.71,organic
2335,2026-03-16,1982-08-29,BA,20919.32,organic
2336,2024-04-03,1954-12-16,BA,1819.54,paid_search
2337,2023-08-17,1961-04-07,BA,3680.02,partner
2338,2025-11-17,1973-10-12,SP,19633.5,partner
2339,2023-07-24,1990-06-28,PR,2224.31,social_media
2340,2025-07-22,1977-11-25,SP,27967.74,referral
2341,2024-03-10,1954-09-01,RJ,24219.4,paid_search
2342,2026-04-20,1954-09-17,PR,22438.58,partner
2343,2023-12-30,1965-01-26,RJ,17114.17,partner
2344,2024-08-15,1992-12-15,CE,8290.5,partner
2345,2026-03-07,1975-08-25,PE,26440.14,paid_search
2346,2025-09-25,1960-05-21,SP,25682.79,organic
2347,2025-07-29,1995-01-09,CE,5509.17,partner
2348,2026-01-10,2006-08-10,CE,9283.35,organic
2349,2024-09-03,1957-03-21,SP,27064.59,partner
2350,2025-05-25,1980-03-07,PR,10819.22,paid_search
2351,2026-01-02,1966-04-25,BA,28645.54,social_media
2352,2023-04-13,1993-10-23,BA,14383.95,paid_search
2353,2025-01-23,2002-12-03,RS,3724.31,social_media
2354,2025-06-16,1981-12-28,MG,6081.38,referral
2355,2025-07-10,1989-04-18,SP,9953.0,organic
2356,2023-11-14,1967-10-14,CE,25184.95,paid_search
2357,2024-11-28,1977-03-17,RJ,20085.62,partner
2358,2024-03-07,2003-06-01,BA,29411.48,referral
2359,2023-04-04,1975-08-08,MG,4714.27,organic
2360,2024-03-26,1973-05-20,PE,17399.25,organic
2361,2024-10-14,2005-05-26,RS,3076.41,organic
2362,2026-01-10,1979-11-21,PR,4930.5,social_media
2363,2026-07-07,1989-07-15,CE,2759.13,partner
2364,2024-01-19,1994-08-28,MG,29773.92,social_media
2365,2024-01-09,1960-08-25,RS,14986.34,paid_search
2366,2025-04-27,1992-07-24,MG,8376.39,referral
2367,2024-12-12,1981-05-14,MG,6276.0,paid_search
2368,2023-12-24,1970-01-17,SP,21149.41,social_media
2369,2025-06-14,2004-11-27,MG,28911.38,partner
2370,2024-03-06,1978-04-13,CE,6352.29,referral
2371,2025-08-28,1978-06-26,PR,3159.88,social_media
2372,2025-05-04,1997-10-05,MG,25677.22,paid_search
2373,2023-01-21,1995-04-15,MG,29649.89,paid_search
2374,2026-04-14,1981-07-29,BA,7023.87,organic
2375,2023-05-12,1969-12-24,BA,21139.26,paid_search
2376,2024-06-13,1976-06-01,PE,4207.67,social_media
2377,2025-05-25,1972-10-26,CE,25349.31,paid_search
2378,2023-10-05,1951-02-13,MG,14613.95,organic
2379,2023-01-10,1965-10-04,PE,23749.05,organic
2380,2023-02-27,1996-06-18,RJ,29868.64,referral
2381,2023-01-12,1984-06-06,CE,25222.52,referral
2382,2025-12-01,1979-06-13,RJ,29335.0,organic
2383,2026-04-29,2002-03-15,MG,11137.87,referral
2384,2026-02-21,1994-10-23,BA,12872.87,social_media
2385,2023-01-13,1979-09-28,RJ,14976.76,referral
2386,2025-03-10,1966-04-03,RJ,2161.54,organic
2387,2024-05-17,1960-07-15,MG,21414.62,social_media
2388,2024-07-01,1955-06-23,MG,22284.96,social_media
2389,2025-12-12,1989-06-21,SP,22641.97,referral
2390,2025-01-17,1964-06-29,PE,10545.94,paid_search
2391,2024-04-02,1952-04-13,RS,23402.86,social_media
2392,2023-05-17,1967-09-22,BA,6007.79,social_media
2393,2023-01-08,2007-06-29,PR,25701.21,partner
2394,2024-03-29,1972-03-28,MG,25913.65,referral
2395,2026-07-28,2003-06-20,MG,28083.09,organic
2396,2023-10-15,1983-04-25,RS,7114.28,referral
2397,2025-05-08,1977-02-15,RS,15307.07,partner
2398,2025-07-07,1975-10-05,PR,21921.34,partner
2399,2024-11-27,1965-04-14,RJ,5371.92,social_media
2400,2023-08-01,2005-05-29,PR,14315.04,paid_search
2401,2024-05-20,1972-02-04,RS,9189.29,organic
2402,2026-04-27,1969-03-06,BA,18898.83,referral
2403,2025-11-18,2003-09-23,BA,14914.51,paid_search
2404,2023-05-02,1965-02-28,CE,8871.23,organic
2405,2023-04-29,1974-09-18,PR,10660.97,paid_search
2406,2024-08-01,1978-09-12,PR,24763.18,partner
2407,2025-04-30,1958-02-03,CE,9886.26,referral
2408,2025-11-26,1954-09-08,SP,5735.21,referral
2409,2026-03-06,1965-07-07,SP,6106.21,paid_search
2410,2023-02-12,1961-10-20,MG,3630.26,organic
2411,2024-08-01,1984-04-12,BA,8035.88,partner
2412,2023-07-15,1991-01-09,PE,25531.13,social_media
2413,2023-10-06,1991-02-12,SP,12126.34,organic
2414,2024-07-21,1984-08-09,RJ,16960.38,social_media
2415,2025-08-01,1955-04-20,RJ,17966.43,partner
2416,2024-06-17,1962-03-18,MG,15289.35,social_media
2417,2024-01-09,1975-06-26,BA,6756.9,paid_search
2418,2024-03-04,1995-08-27,PR,3876.31,referral
2419,2023-04-14,1957-09-01,CE,12811.77,referral
2420,2024-04-06,2001-11-24,SP,19882.14,organic
2421,2023-12-26,1962-11-26,BA,20341.99,partner
2422,2024-03-09,1999-11-04,MG,20471.31,referral
2423,2024-08-15,2005-01-03,RJ,21041.68,referral
2424,2026-03-26,1976-09-25,PR,7553.02,partner
2425,2026-05-17,1968-12-18,MG,17384.81,partner
2426,2024-11-04,1994-08-15,RS,28328.09,referral
2427,2025-07-22,1988-07-18,RJ,27377.25,partner
2428,2025-07-04,1955-10-11,MG,16040.35,partner
2429,2023-05-11,1975-09-11,CE,29656.36,social_media
2430,2026-03-31,1989-08-10,RJ,22673.14,partner
2431,2024-07-17,1979-05-29,BA,17867.48,social_media
2432,2023-06-15,2007-07-03,PR,9086.24,paid_search
2433,2025-12-24,1980-11-05,MG,14742.54,partner
2434,2023-06-17,1959-05-26,PE,18785.95,organic
2435,2023-06-30,1977-07-03,RS,25333.48,partner
2436,2023-01-08,1971-07-13,RJ,27544.24,referral
2437,2026-04-02,2003-06-30,MG,29668.51,referral
2438,2024-12-08,1970-01-31,MG,23283.63,paid_search
2439,2024-03-12,2003-12-08,RS,12069.96,organic
2440,2025-03-15,1987-10-14,SP,2075.03,organic
2441,2024-11-03,1952-12-06,MG,15869.29,organic
2442,2023-08-02,1959-12-02,MG,6536.98,referral
2443,2023-02-13,1984-06-08,SP,18111.2,social_media
2444,2025-08-24,1955-04-11,PE,8397.16,referral
2445,2024-07-31,1984-04-22,PR,29735.5,social_media
2446,2026-02-24,1957-08-24,PE,27999.63,partner
2447,2025-02-14,1959-12-21,PR,25755.51,organic
2448,2023-12-20,1995-08-02,BA,8634.82,organic
2449,2024-10-23,1981-06-19,PR,16466.99,social_media
2450,2023-02-21,1967-07-31,SP,22995.32,social_media
2451,2026-04-20,2000-04-12,PE,17596.31,organic
2452,2024-03-20,1996-03-28,RS,2135.91,paid_search
2453,2023-06-26,1988-09-01,PR,20456.88,referral
2454,2023-10-07,1992-02-17,RJ,29803.02,referral
2455,2024-08-28,2003-03-28,RS,24321.75,social_media
2456,2023-11-26,1974-02-06,RS,4191.33,partner
2457,2023-11-30,1966-04-20,PR,25176.19,paid_search
2458,2026-01-20,1974-02-25,RJ,8969.69,referral
2459,2023-08-11,1963-05-15,PR,15715.22,referral
2460,2024-01-26,1998-06-21,SP,26476.02,referral
2461,2026-06-05,1967-12-10,PR,9592.37,referral
2462,2025-07-06,1966-01-29,PE,2147.44,social_media
2463,2023-08-07,1965-06-12,RS,4506.69,organic
2464,2025-01-29,1989-11-07,RJ,6306.6,paid_search
2465,2024-09-21,1979-11-21,CE,20474.88,partner
2466,2024-04-19,1962-07-10,MG,18140.2,social_media
2467,2025-03-15,1957-06-12,RS,6654.7,organic
2468,2024-04-03,1963-01-24,SP,29849.03,organic
2469,2025-11-08,1999-06-13,MG,10142.45,referral
2470,2023-03-22,1990-10-23,CE,11883.08,organic
2471,2026-05-19,1986-05-29,RJ,15601.58,organic
2472,2026-08-12,1986-03-03,RJ,3141.5,partner
2473,2023-05-27,1958-02-11,PR,10575.69,social_media
2474,2023-03-21,1975-04-05,MG,19606.42,organic
2475,2024-10-04,2005-07-08,SP,24838.23,paid_search
2476,2026-04-30,1972-11-23,BA,16038.8,social_media
2477,2024-12-07,1982-03-03,PE,8951.33,social_media
2478,2026-07-21,1976-01-26,BA,10180.31,organic
2479,2026-06-20,1975-05-29,RS,26216.29,social_media
2480,2023-12-07,1969-12-16,MG,15156.68,partner
2481,2024-09-24,1998-12-23,MG,22266.52,organic
2482,2026-01-04,1977-02-16,BA,9921.34,social_media
2483,2025-12-05,1960-04-01,BA,17683.72,referral
2484,2024-04-03,1961-01-14,BA,7505.16,organic
2485,2023-07-27,1989-05-06,RJ,8877.86,partner
2486,2023-03-13,1954-02-12,MG,24882.59,organic
2487,2024-05-30,1999-08-23,BA,4881.64,partner
2488,2024-03-07,1995-02-06,RJ,27214.74,paid_search
2489,2023-07-01,1970-01-09,MG,27207.71,partner
2490,2025-05-03,2003-12-09,CE,11761.9,social_media
2491,2025-07-27,1988-10-14,RJ,26808.71,paid_search
2492,2025-07-10,1982-01-12,SP,13557.22,partner
2493,2024-02-01,1998-03-05,RJ,18167.54,social_media
2494,2023-12-04,1951-12-16,BA,5817.82,social_media
2495,2025-03-10,1989-11-21,PR,11944.68,paid_search
2496,2026-02-16,1962-03-08,BA,10082.96,referral
2497,2025-06-12,1968-01-26,PE,2606.03,organic
2498,2023-06-10,1960-01-23,PR,1567.58,organic
2499,2026-07-10,1959-12-04,MG,8601.69,social_media
2500,2023-04-27,1985-12-13,RJ,2221.28,organic
2501,2025-01-17,1992-09-30,MG,22420.95,partner
2502,2023-11-08,1952-03-13,CE,27406.12,paid_search
2503,2023-10-10,1996-08-20,RJ,24821.59,paid_search
2504,2025-09-14,1960-03-15,RJ,16294.76,partner
2505,2026-05-10,1951-06-25,RS,1640.08,partner
2506,2026-04-12,1973-07-23,BA,8181.16,organic
2507,2024-02-19,1995-01-01,PR,23783.5,partner
2508,2025-02-12,1961-10-13,BA,22406.36,referral
2509,2025-10-16,1970-11-26,RS,23305.98,partner
2510,2026-05-21,2005-12-18,MG,6305.3,organic
2511,2026-03-10,1955-03-18,CE,27608.67,paid_search
2512,2024-05-09,2002-04-25,SP,27601.08,partner
2513,2025-04-28,1985-02-21,RJ,19932.37,partner
2514,2023-09-12,1991-02-25,CE,14116.38,paid_search
2515,2025-01-08,1988-11-08,BA,7912.11,referral
2516,2023-04-02,1996-10-21,RS,15615.34,social_media
2517,2025-09-27,1998-06-01,SP,18405.64,paid_search
2518,2025-10-27,1974-07-14,RJ,6243.38,organic
2519,2024-06-21,1995-09-19,PE,4266.96,paid_search
2520,2024-02-15,1984-11-16,RS,2760.21,organic
2521,2025-07-20,2005-08-02,MG,13515.35,partner
2522,2024-08-25,1954-09-05,CE,10209.74,organic
2523,2023-07-21,1973-05-25,SP,10719.97,partner
2524,2026-04-10,1965-10-21,SP,3167.04,referral
2525,2024-04-17,2007-01-28,PR,10305.98,partner
2526,2025-10-18,1969-09-14,PE,20063.1,organic
2527,2025-03-19,1993-02-23,BA,27172.94,referral
2528,2025-10-05,1996-10-28,PR,21506.4,paid_search
2529,2026-01-27,1962-03-02,PR,16770.78,referral
2530,2023-06-06,1983-01-04,RS,6576.49,social_media
2531,2025-05-22,2006-02-06,SP,10695.03,social_media
2532,2025-03-22,1979-04-25,SP,27166.31,referral
2533,2023-09-15,1954-10-21,MG,24325.1,paid_search
2534,2023-05-16,1962-11-24,MG,15741.16,partner
2535,2024-09-22,1972-12-23,SP,3310.48,organic
2536,2025-12-12,1987-10-30,MG,26853.02,paid_search
2537,2026-08-30,1979-03-02,PR,2133.67,social_media
2538,2025-04-02,1971-10-03,CE,24211.53,referral
2539,2024-11-11,1981-04-06,RS,13964.37,organic
2540,2024-01-30,1974-04-09,SP,14537.87,paid_search
2541,2025-04-27,1985-02-27,CE,8405.88,paid_search
2542,2025-08-13,1954-01-23,PR,15708.56,partner
2543,2024-09-26,1970-06-20,PR,7899.47,organic
2544,2026-02-21,1984-06-04,PR,26508.44,referral
2545,2025-08-12,1952-08-02,PE,13873.4,referral
2546,2023-04-02,1986-04-08,PR,20624.47,organic
2547,2023-04-13,1984-04-30,CE,3167.77,paid_search
2548,2025-08-27,2007-04-15,PE,10576.97,social_media
2549,2025-08-26,1994-05-04,RS,14304.94,referral
2550,2024-12-24,2006-06-04,SP,19272.13,organic
2551,2025-04-12,1954-09-29,MG,19521.95,organic
2552,2023-05-09,1991-04-01,PE,16754.82,paid_search
2553,2025-09-24,1984-10-08,PR,7500.63,organic
2554,2023-01-12,1989-08-19,SP,9664.34,organic
2555,2025-02-11,1964-06-16,BA,21595.37,paid_search
2556,2024-04-01,2002-06-28,MG,27134.07,organic
2557,2025-11-27,1973-10-30,RS,7733.53,social_media
2558,2024-04-09,1982-10-24,MG,26542.69,partner
2559,2023-07-04,1969-06-29,MG,13036.91,partner
2560,2023-10-14,2003-01-18,RS,6659.86,partner
2561,2026-03-06,1963-09-04,RJ,19138.96,referral
2562,2023-09-25,1980-12-05,RS,7548.46,referral
2563,2023-11-13,1957-02-18,PE,23503.51,referral
2564,2025-11-14,1973-09-02,RS,8769.31,referral
2565,2025-11-07,1972-07-17,RS,24731.59,paid_search
2566,2025-07-03,1975-10-14,SP,29922.0,partner
2567,2025-03-25,1971-02-23,RJ,26093.12,social_media
2568,2023-10-03,2002-10-19,RJ,14895.99,partner
2569,2023-06-15,1980-09-27,PE,3175.42,organic
2570,2025-10-10,2007-05-16,PE,15502.94,social_media
2571,2023-12-04,1968-06-17,PR,10802.02,paid_search
2572,2024-08-27,1997-04-27,BA,27763.24,organic
2573,2025-03-31,1967-04-14,SP,18809.7,partner
2574,2026-04-24,1962-03-18,PR,21317.11,social_media
2575,2024-07-17,1981-06-09,MG,3622.3,social_media
2576,2025-11-15,1967-06-12,BA,14877.49,paid_search
2577,2024-01-28,1999-08-04,BA,29419.7,referral
2578,2024-04-19,1988-01-07,MG,23122.9,social_media
2579,2023-11-29,1953-12-05,CE,9780.82,paid_search
2580,2026-04-17,1996-05-11,PR,17533.82,partner
2581,2024-12-25,2006-04-23,CE,3556.6,referral
2582,2024-11-08,1958-05-21,BA,16544.53,referral
2583,2023-07-29,1968-06-17,PE,22806.15,social_media
2584,2025-03-10,1999-02-12,SP,4407.32,referral
2585,2025-12-29,1999-08-05,CE,4921.67,organic
2586,2023-04-22,1984-04-04,SP,26572.09,partner
2587,2025-03-01,1978-01-05,RS,13737.67,referral
2588,2024-01-04,1994-06-03,PR,14914.72,paid_search
2589,2023-06-16,1977-06-08,RJ,16722.51,partner
2590,2025-10-01,1972-10-18,MG,7179.58,social_media
2591,2026-05-03,1958-03-23,MG,17214.84,referral
2592,2025-04-27,1997-11-04,SP,21624.71,paid_search
2593,2023-09-30,1974-06-26,SP,6756.15,partner
2594,2023-08-20,1972-01-15,CE,23419.47,organic
2595,2024-12-09,1983-12-16,BA,11609.91,partner
2596,2024-11-30,1985-07-27,RJ,28624.01,referral
2597,2024-11-02,1976-09-04,RS,14973.63,organic
2598,2024-09-22,1989-08-16,MG,28596.97,partner
2599,2023-08-18,1970-12-14,RJ,29138.95,partner
2600,2024-09-14,1993-09-17,RS,2105.22,social_media
2601,2026-06-23,1961-09-13,MG,28970.51,partner
2602,2023-05-22,1955-01-22,SP,25288.78,paid_search
2603,2025-05-14,1975-01-01,PE,26723.77,paid_search
2604,2023-10-07,1954-03-04,PE,14672.34,partner
2605,2024-01-08,1992-07-11,RJ,15626.49,referral
2606,2024-02-04,1976-08-21,PE,22894.52,partner
2607,2025-08-31,1970-02-05,PR,20282.14,referral
2608,2023-07-30,1954-09-26,SP,23657.73,social_media
2609,2024-12-15,1952-01-12,CE,3927.33,referral
2610,2025-12-02,1978-05-22,CE,11429.01,partner
2611,2025-02-27,1951-09-11,PR,14284.93,referral
2612,2024-07-26,1988-04-19,CE,9407.82,social_media
2613,2025-12-09,1998-05-12,CE,12715.27,paid_search
2614,2025-03-10,1953-12-09,PR,15570.98,referral
2615,2023-12-09,1959-09-01,RS,3150.67,organic
2616,2025-08-28,2006-03-28,MG,29855.83,partner
2617,2026-08-13,1991-05-29,BA,25833.21,partner
2618,2023-10-17,1983-01-25,PR,4502.74,referral
2619,2026-01-22,1977-07-30,SP,27407.63,social_media
2620,2026-02-09,1966-08-03,RS,25841.85,organic
2621,2026-01-15,1991-03-12,SP,13721.26,social_media
2622,2024-07-18,1984-03-09,PE,27565.77,social_media
2623,2026-06-21,1972-09-05,SP,8708.22,partner
2624,2024-04-07,1954-10-26,SP,13016.9,social_media
2625,2024-09-07,1983-12-16,PR,26751.63,referral
2626,2023-01-04,1963-11-14,MG,20835.06,organic
2627,2025-09-23,1966-07-28,MG,18091.22,referral
2628,2025-08-04,1990-10-03,SP,16556.58,partner
2629,2023-10-13,1992-09-17,CE,13572.86,social_media
2630,2023-02-06,2003-11-27,MG,24207.28,referral
2631,2024-10-04,1976-04-14,PE,28712.37,referral
2632,2024-12-12,1964-07-20,RJ,29941.98,referral
2633,2025-05-27,1966-09-02,SP,14557.69,referral
2634,2023-12-19,1966-03-16,RJ,6039.35,social_media
2635,2025-01-07,1983-01-13,PE,17548.89,paid_search
2636,2024-05-31,1962-04-12,CE,15265.46,partner
2637,2023-12-11,1972-05-10,PR,26902.71,social_media
2638,2025-01-05,1997-02-13,PE,22706.9,social_media
2639,2026-02-13,1996-05-01,PR,4415.07,partner
2640,2024-06-05,1999-11-15,RJ,9417.12,paid_search
2641,2023-04-13,1986-05-26,CE,26502.98,social_media
2642,2025-06-02,1998-04-05,RS,16676.02,social_media
2643,2025-09-28,1972-11-13,RS,14850.36,paid_search
2644,2023-05-13,1994-09-03,BA,15228.92,partner
2645,2025-12-26,1988-04-11,MG,28304.61,paid_search
2646,2023-05-13,1960-01-22,PR,28700.89,paid_search
2647,2025-04-14,1989-04-07,BA,3571.17,paid_search
2648,2024-09-12,1992-01-04,MG,2064.03,referral
2649,2026-03-18,1952-01-11,MG,18845.96,social_media
2650,2026-05-27,2003-12-08,PR,6350.85,social_media
2651,2023-08-20,1974-11-18,SP,16993.82,organic
2652,2024-11-24,1954-04-02,SP,3449.43,organic
2653,2025-04-16,1989-04-09,RS,2828.75,social_media
2654,2026-06-26,1979-04-18,BA,19243.13,social_media
2655,2026-03-13,1994-07-01,PE,29786.42,organic
2656,2026-08-10,1961-09-15,CE,20072.34,referral
2657,2024-11-24,1958-03-08,CE,7512.39,paid_search
2658,2026-04-26,1992-05-09,BA,22694.42,organic
2659,2024-05-20,1993-09-28,RJ,11256.1,referral
2660,2024-05-28,1996-11-07,CE,2264.27,partner
2661,2025-10-07,1961-04-29,PE,12751.5,referral
2662,2025-02-16,1996-04-28,MG,23277.56,referral
2663,2023-07-14,1951-03-31,SP,14064.23,paid_search
2664,2023-09-02,1965-12-15,PR,6352.86,partner
2665,2025-01-01,1980-12-22,BA,18417.82,organic
2666,2023-03-13,1985-09-29,PR,23607.66,partner
2667,2023-08-02,1991-07-28,RS,22086.26,referral
2668,2024-09-09,1999-12-10,SP,28106.12,partner
2669,2025-02-10,1991-11-28,CE,2455.85,social_media
2670,2025-12-22,1997-05-11,SP,9200.34,partner
2671,2026-03-11,2005-08-29,PR,7175.06,partner
2672,2025-08-14,1962-11-29,CE,8640.09,referral
2673,2026-08-21,1981-09-02,MG,9234.55,organic
2674,2023-09-12,1972-08-11,MG,7275.19,organic
2675,2025-09-08,1953-12-27,PR,6992.64,referral
2676,2023-03-06,1986-10-27,CE,9101.01,paid_search
2677,2025-12-11,1968-01-03,MG,28429.63,social_media
2678,2024-06-12,1961-07-31,PE,18528.82,partner
2679,2023-03-10,1957-06-05,RJ,5962.5,referral
2680,2023-03-27,2002-11-16,BA,5292.92,organic
2681,2025-04-17,1988-08-01,PR,19308.22,partner
2682,2023-06-21,1961-03-03,CE,24401.65,organic
2683,2025-12-03,1972-07-28,PR,13211.11,partner
2684,2025-07-15,1991-03-09,RJ,23358.82,social_media
2685,2024-08-01,1987-01-10,PR,18231.99,partner
2686,2025-10-17,1995-07-16,BA,17735.96,referral
2687,2024-07-03,1998-10-03,CE,7765.26,social_media
2688,2026-01-15,1976-10-30,CE,26765.82,partner
2689,2024-11-27,1970-05-19,RS,3393.61,social_media
2690,2024-04-18,1979-12-31,MG,8806.64,referral
2691,2025-09-21,1997-01-19,SP,5389.11,paid_search
2692,2026-07-13,1963-04-08,CE,5586.01,social_media
2693,2023-05-12,2003-03-10,PR,6178.62,organic
2694,2025-07-14,1997-07-03,MG,24257.52,referral
2695,2023-12-16,1958-07-31,RS,15220.13,paid_search
2696,2024-08-04,1963-06-28,RJ,21272.5,organic
2697,2025-01-20,1978-05-18,MG,24043.8,referral
2698,2023-01-13,1983-05-30,PR,27730.29,organic
2699,2024-03-09,1952-05-28,RS,28278.89,referral
2700,2024-03-01,1992-01-06,CE,19856.41,organic
2701,2024-08-05,1958-04-12,MG,20851.56,organic
2702,2025-07-25,1992-04-01,PR,8211.11,partner
2703,2023-02-14,1971-02-14,RS,9652.1,partner
2704,2024-02-09,1967-05-13,CE,13757.08,social_media
2705,2025-12-19,2000-06-16,CE,1933.58,partner
2706,2026-07-02,1977-03-07,RJ,14753.71,organic
2707,2024-07-20,1979-01-23,RS,28043.94,organic
2708,2023-08-02,1955-12-16,PE,13761.99,paid_search
2709,2026-01-15,1959-07-31,MG,17383.94,paid_search
2710,2023-07-23,1978-10-17,BA,9600.45,paid_search
2711,2025-04-16,1972-02-16,RS,4926.62,social_media
2712,2025-01-31,1974-01-10,PE,25445.69,partner
2713,2026-02-22,2007-12-11,BA,3447.85,referral
2714,2026-04-05,1966-04-07,SP,16994.68,referral
2715,2025-09-01,1964-06-30,RJ,2523.94,paid_search
2716,2025-01-13,1972-02-06,PR,12103.91,social_media
2717,2025-02-20,1995-05-27,CE,26712.05,social_media
2718,2025-03-31,1992-04-07,RS,16321.61,referral
2719,2024-11-12,1977-07-10,MG,27360.3,social_media
2720,2025-07-05,1978-11-07,PE,2365.2,referral
2721,2026-02-10,1971-05-01,MG,21221.21,partner
2722,2023-04-28,1977-04-18,RS,10490.07,organic
2723,2025-03-20,1997-06-12,PE,12336.76,partner
2724,2024-09-12,1961-05-23,BA,27545.74,paid_search
2725,2026-07-06,1962-12-10,RJ,28745.14,social_media
2726,2024-05-15,1972-03-24,RJ,2492.65,partner
2727,2024-09-07,1964-04-20,MG,21725.62,organic
2728,2026-06-27,2000-06-29,RJ,5873.36,paid_search
2729,2025-10-01,1996-01-31,SP,15352.73,referral
2730,2024-06-06,1995-02-24,CE,5195.78,referral
2731,2024-01-19,1977-04-03,PR,27391.42,paid_search
2732,2025-02-12,2004-09-09,PE,11174.81,organic
2733,2024-08-31,1965-03-05,SP,5925.35,referral
2734,2024-04-23,2001-02-04,BA,2865.49,paid_search
2735,2025-11-10,2006-01-08,SP,25956.87,partner
2736,2025-02-06,1995-11-19,CE,1870.34,paid_search
2737,2023-03-20,2006-06-14,SP,12837.14,organic
2738,2023-07-23,1976-12-12,CE,26559.17,social_media
2739,2024-06-08,1982-05-23,BA,24667.42,organic
2740,2023-08-17,1979-07-12,PE,3646.0,referral
2741,2023-10-19,1984-09-27,BA,23966.23,referral
2742,2023-08-13,2004-10-17,RS,23902.35,paid_search
2743,2025-08-26,1993-12-22,RS,3851.88,social_media
2744,2025-03-29,1998-07-07,BA,1860.64,partner
2745,2024-04-25,1975-11-06,RS,16179.29,organic
2746,2023-05-21,1957-11-07,MG,2936.22,paid_search
2747,2025-06-04,1981-02-19,MG,2548.04,referral
2748,2024-05-14,1969-04-02,PE,14952.55,social_media
2749,2023-10-01,1982-12-27,RJ,23331.15,social_media
2750,2023-05-22,1976-01-16,CE,24912.25,social_media
2751,2023-02-10,1956-02-02,PR,9911.74,social_media
2752,2024-02-22,1958-08-19,MG,29011.37,partner
2753,2023-06-14,1985-06-10,PR,5109.54,organic
2754,2026-01-09,1983-03-30,SP,23668.12,referral
2755,2025-02-07,2003-09-28,RS,9524.56,partner
2756,2024-07-11,1964-09-14,CE,24888.15,social_media
2757,2023-04-12,1974-04-12,SP,25378.26,social_media
2758,2024-12-05,1979-04-07,RS,20343.95,organic
2759,2023-02-26,1970-01-07,MG,14468.48,paid_search
2760,2025-11-30,1980-11-27,CE,4037.36,referral
2761,2025-10-24,1990-08-19,PR,28901.82,referral
2762,2023-07-24,1969-06-08,PR,20776.74,paid_search
2763,2023-09-01,1990-08-25,PE,26696.58,partner
2764,2024-07-24,1952-09-19,SP,27422.24,referral
2765,2024-11-14,1995-02-26,RJ,24823.28,referral
2766,2024-09-16,2007-09-23,BA,13847.76,paid_search
2767,2024-01-09,1979-12-16,RJ,21556.27,social_media
2768,2023-01-20,1963-06-08,BA,17949.17,paid_search
2769,2024-08-09,1960-09-03,SP,9359.15,paid_search
2770,2024-11-20,2005-12-21,PR,15589.05,organic
2771,2023-03-18,1990-04-08,RS,16895.49,partner
2772,2025-06-19,1989-06-15,CE,14583.31,partner
2773,2026-07-07,1986-08-06,RJ,1875.91,social_media
2774,2023-12-25,2004-05-11,RS,27375.61,organic
2775,2025-08-27,1962-08-05,PR,20521.73,referral
2776,2026-08-12,1984-12-20,CE,26045.98,social_media
2777,2026-03-05,1985-08-06,PR,15290.33,partner
2778,2026-02-16,1996-04-20,SP,28285.21,partner
2779,2023-12-28,1986-06-22,MG,18758.73,partner
2780,2024-01-24,1985-12-16,CE,8081.94,partner
2781,2025-08-19,1963-09-21,MG,24136.79,paid_search
2782,2024-03-24,1951-06-07,SP,15750.6,social_media
2783,2023-08-15,1990-08-31,RJ,15825.09,referral
2784,2025-09-20,1957-07-05,BA,23433.69,paid_search
2785,2025-08-23,2003-04-03,PR,6955.93,paid_search
2786,2024-06-17,1994-06-30,MG,5735.08,partner
2787,2025-06-14,1979-03-31,CE,25629.53,organic
2788,2025-01-30,1951-03-12,RS,25939.62,organic
2789,2026-08-03,1972-07-11,SP,15727.59,partner
2790,2023-12-18,1975-06-13,SP,26016.8,partner
2791,2024-08-21,1973-05-01,BA,22911.25,social_media
2792,2023-03-16,1961-06-03,RJ,3837.28,referral
2793,2024-04-01,2004-06-03,SP,11249.59,referral
2794,2026-01-31,1992-03-19,RS,20975.49,social_media
2795,2025-08-18,1958-03-19,PE,16364.41,referral
2796,2025-03-12,1995-08-31,RJ,17023.97,paid_search
2797,2023-09-18,1975-03-12,MG,5182.85,referral
2798,2025-04-22,1970-01-11,RJ,20553.87,social_media
2799,2025-11-21,2001-10-04,RJ,4787.38,referral
2800,2023-01-02,1974-07-15,PE,26064.83,paid_search
2801,2024-03-23,1981-03-21,MG,15452.43,organic
2802,2025-07-02,1980-03-27,RJ,27180.96,paid_search
2803,2025-03-12,1982-04-15,RS,4193.35,organic
2804,2026-07-02,1953-02-19,RJ,13201.55,social_media
2805,2024-08-03,1976-11-08,CE,11283.03,organic
2806,2025-09-01,1958-06-03,PR,22270.91,referral
2807,2025-01-17,1963-10-19,MG,15674.32,social_media
2808,2025-03-07,1991-09-15,CE,2168.34,social_media
2809,2024-02-02,1991-09-05,CE,14206.43,paid_search
2810,2026-03-01,1966-07-10,PE,11997.3,partner
2811,2026-07-11,1968-04-29,RJ,17970.87,organic
2812,2026-02-12,1951-01-20,BA,10388.94,organic
2813,2025-03-11,1997-02-18,BA,28326.68,paid_search
2814,2023-12-16,2003-11-17,BA,20986.26,social_media
2815,2023-08-18,1966-12-13,RS,10016.06,paid_search
2816,2025-02-27,1978-07-01,RS,28680.93,partner
2817,2024-03-08,1978-04-13,BA,6227.29,referral
2818,2024-09-12,1981-04-18,MG,14654.03,organic
2819,2026-05-21,1956-09-12,MG,15652.46,paid_search
2820,2024-09-05,1999-11-26,PR,29140.9,partner
2821,2025-11-06,1966-06-05,RS,11914.36,partner
2822,2025-09-18,1967-06-26,PR,26512.17,partner
2823,2023-06-29,2007-06-14,PE,29460.54,referral
2824,2023-11-29,1989-03-14,CE,26537.53,paid_search
2825,2024-06-27,1970-08-13,BA,13622.91,partner
2826,2026-04-02,1952-02-18,SP,23844.36,organic
2827,2025-03-29,1968-06-20,PE,24363.78,social_media
2828,2024-09-11,1952-11-27,RS,15330.87,organic
2829,2024-09-10,1985-07-06,RJ,8719.49,referral
2830,2023-04-20,1963-07-28,BA,29852.28,partner
2831,2023-03-07,1956-06-30,CE,27647.52,paid_search
2832,2025-12-11,1965-10-04,PR,25333.79,referral
2833,2023-03-01,2002-01-18,PE,29263.13,paid_search
2834,2025-12-01,1977-02-10,PE,18017.54,organic
2835,2025-05-30,2005-05-05,SP,9102.15,social_media
2836,2025-12-18,1987-06-19,RJ,11304.08,organic
2837,2024-02-25,1954-06-25,CE,26282.52,referral
2838,2023-08-15,2002-06-06,MG,20259.61,partner
2839,2024-06-20,1958-08-30,PR,2752.25,organic
2840,2023-06-04,1961-05-18,RJ,17286.21,paid_search
2841,2024-05-20,1979-02-01,RS,21732.81,partner
2842,2023-09-13,1980-03-28,PR,27183.27,social_media
2843,2023-05-08,1992-02-01,PR,21600.94,referral
2844,2023-03-12,2006-08-24,CE,21076.83,paid_search
2845,2024-02-23,1994-05-23,PE,29795.73,social_media
2846,2023-10-16,1989-09-20,RS,22426.08,paid_search
2847,2026-04-29,1990-05-29,CE,29944.92,referral
2848,2023-03-16,1994-04-22,BA,10205.84,paid_search
2849,2025-04-06,1965-03-21,BA,23373.28,organic
2850,2025-01-05,1986-06-10,MG,21363.6,social_media
2851,2026-01-27,1982-03-18,RS,26596.87,partner
2852,2026-02-11,2007-08-07,CE,13737.93,paid_search
2853,2025-11-20,1963-03-10,CE,16882.21,social_media
2854,2025-02-08,1968-06-04,CE,22466.62,referral
2855,2023-04-19,1955-03-09,PE,28834.31,paid_search
2856,2025-11-03,1984-11-20,PE,27199.13,paid_search
2857,2025-03-17,1957-12-21,RJ,7034.57,paid_search
2858,2024-09-23,1982-11-14,PE,8148.18,organic
2859,2025-07-19,1984-09-16,BA,7426.26,partner
2860,2025-03-28,1978-06-03,SP,16439.46,organic
2861,2023-09-26,1957-06-26,RS,6587.89,social_media
2862,2025-08-02,1974-04-03,PR,27483.66,paid_search
2863,2023-05-27,1973-01-09,RJ,27564.73,paid_search
2864,2024-06-19,1966-06-18,RS,17016.18,paid_search
2865,2026-03-29,1972-04-03,RJ,7924.67,social_media
2866,2024-02-28,1991-08-31,RJ,11506.66,paid_search
2867,2023-05-08,1998-12-04,MG,29060.72,referral
2868,2025-03-27,1952-02-29,PR,22259.4,partner
2869,2025-09-20,1995-05-08,PR,14541.06,paid_search
2870,2026-07-10,1986-07-06,PE,2899.09,paid_search
2871,2023-07-29,1954-11-22,RS,2206.49,partner
2872,2026-07-31,1987-01-20,PR,2986.44,referral
2873,2023-08-17,1979-03-10,SP,23908.35,paid_search
2874,2023-08-04,1979-02-04,PR,2964.8,social_media
2875,2025-11-21,1967-06-22,RS,14211.65,social_media
2876,2026-05-26,1991-10-11,SP,16765.04,organic
2877,2025-09-13,1971-12-04,RJ,6885.26,social_media
2878,2023-03-07,1980-01-12,PE,5109.36,paid_search
2879,2025-10-04,1989-10-11,SP,7879.83,referral
2880,2023-05-23,1960-11-08,RS,27086.44,referral
2881,2025-10-20,1998-01-11,RJ,15058.58,partner
2882,2025-09-10,1973-08-25,PR,2513.98,social_media
2883,2026-05-04,1954-11-07,RJ,6706.24,paid_search
2884,2025-02-05,1970-08-10,RS,25225.82,referral
2885,2026-04-10,1979-01-19,MG,15434.12,social_media
2886,2026-02-19,1963-07-20,SP,13543.55,partner
2887,2023-06-29,1956-06-27,SP,11421.14,partner
2888,2024-02-15,1961-04-29,MG,14585.26,paid_search
2889,2024-02-14,1974-04-26,BA,8097.69,referral
2890,2024-01-27,1955-08-17,BA,2655.9,partner
2891,2026-05-10,1956-10-14,PE,19306.01,social_media
2892,2026-05-06,1969-11-23,RS,27942.71,paid_search
2893,2025-10-05,2007-08-14,PE,8341.22,paid_search
2894,2024-03-28,1982-06-05,PE,8577.24,referral
2895,2023-11-01,1979-11-19,RS,7332.9,social_media
2896,2024-12-09,1962-12-20,PE,28500.68,paid_search
2897,2026-06-22,1977-12-01,PE,25386.66,partner
2898,2024-08-14,2006-04-19,CE,3477.23,organic
2899,2026-04-27,1952-01-23,BA,9275.95,social_media
2900,2026-03-09,2007-02-04,SP,23353.3,referral
2901,2025-10-25,2005-04-19,CE,5260.37,social_media
2902,2026-08-19,1978-07-14,SP,20756.6,partner
2903,2026-04-06,1969-06-06,RJ,17792.09,partner
2904,2025-02-10,2003-01-19,PR,24358.46,referral
2905,2025-07-30,1974-09-30,RJ,14765.02,social_media
2906,2024-04-05,1954-04-16,SP,12306.57,paid_search
2907,2025-07-09,1976-07-15,MG,2312.09,paid_search
2908,2023-01-19,1992-08-24,CE,26128.31,social_media
2909,2026-08-27,1984-08-15,MG,26341.2,paid_search
2910,2024-02-11,1970-08-14,RS,6670.3,organic
2911,2025-04-24,1954-09-24,BA,23646.36,organic
2912,2026-02-11,1953-08-21,PE,11321.27,social_media
2913,2023-10-12,1992-06-21,PE,29100.07,organic
2914,2024-05-22,1986-04-17,PR,18447.98,organic
2915,2024-02-05,1955-10-25,MG,19573.44,partner
2916,2026-04-13,1976-09-25,RJ,20523.73,referral
2917,2025-06-01,1968-07-16,PE,8027.15,organic
2918,2026-06-24,1974-03-31,PE,26873.1,partner
2919,2025-10-18,1954-01-28,MG,17115.67,paid_search
2920,2025-02-03,1969-01-26,BA,14818.92,social_media
2921,2025-12-11,1976-11-04,MG,23892.54,social_media
2922,2024-01-30,2006-07-16,BA,11631.1,organic
2923,2026-07-02,1969-06-14,CE,24948.02,social_media
2924,2026-08-19,1956-06-23,CE,16926.79,referral
2925,2023-05-31,1957-09-22,RS,16054.67,referral
2926,2023-03-11,1962-09-15,BA,17158.32,paid_search
2927,2024-01-08,1965-03-12,RJ,26781.11,paid_search
2928,2025-08-12,1990-07-04,BA,24180.59,organic
2929,2023-08-10,1992-03-28,CE,27630.09,referral
2930,2024-03-02,1990-09-13,PR,6388.11,paid_search
2931,2023-03-14,1967-11-01,RS,21104.08,paid_search
2932,2023-08-05,1984-08-10,CE,7380.27,social_media
2933,2025-12-23,1955-07-24,BA,25179.63,organic
2934,2023-10-01,1986-06-18,PR,24952.33,organic
2935,2025-09-13,1962-01-25,PR,17558.08,partner
2936,2026-08-17,1960-11-14,PE,27689.29,referral
2937,2023-07-23,1958-01-30,RJ,5775.54,organic
2938,2025-11-22,1974-08-08,SP,9556.11,social_media
2939,2024-02-11,1975-10-31,SP,27388.53,referral
2940,2023-12-21,1993-10-11,PR,22927.25,partner
2941,2025-05-11,2007-09-06,SP,26606.4,paid_search
2942,2024-05-06,1992-06-10,RS,7842.96,referral
2943,2024-06-30,1997-09-11,PR,20571.67,organic
2944,2024-09-22,1973-12-21,MG,5454.2,social_media
2945,2025-11-18,1961-08-25,CE,26555.05,organic
2946,2024-08-13,1954-11-26,PE,20470.21,partner
2947,2025-04-16,1954-06-04,RJ,18985.31,organic
2948,2024-05-10,2005-08-07,BA,11725.85,referral
2949,2025-08-05,1967-12-25,PE,12279.81,partner
2950,2025-08-25,1953-05-28,PR,23401.27,organic
2951,2025-09-18,1983-12-01,RS,21740.84,social_media
2952,2025-04-25,1976-07-20,MG,24846.69,social_media
2953,2026-01-15,1960-07-17,PR,23450.32,partner
2954,2025-10-28,1964-08-21,PE,11278.84,organic
2955,2026-07-05,1960-04-19,RS,10794.73,paid_search
2956,2025-05-28,1967-10-13,RS,19812.82,organic
2957,2023-10-25,1976-02-15,RJ,26004.13,organic
2958,2024-12-28,1956-05-14,BA,25510.54,referral
2959,2024-02-27,1985-02-14,RJ,18203.1,partner
2960,2025-12-28,1977-06-15,PE,11657.64,partner
2961,2026-06-05,1975-08-03,RJ,14241.35,paid_search
2962,2023-01-28,1994-12-24,BA,13482.6,organic
2963,2026-01-29,1953-04-08,RJ,8099.97,social_media
2964,2024-08-25,2005-02-02,SP,29632.59,paid_search
2965,2025-10-23,2000-12-26,SP,12985.37,partner
2966,2023-01-05,2004-03-14,CE,23422.49,partner
2967,2023-09-05,1994-11-06,PR,19543.92,partner
2968,2023-09-03,1987-12-08,RS,26513.13,partner
2969,2023-09-18,1975-09-01,BA,20594.26,referral
2970,2025-11-23,1951-11-28,SP,29072.82,partner
2971,2023-01-09,1964-09-08,PR,19113.38,partner
2972,2023-08-08,2005-09-22,PE,14143.58,partner
2973,2024-04-21,1979-05-14,CE,11559.83,social_media
2974,2025-01-29,1996-11-11,RS,28204.8,organic
2975,2026-08-23,1988-10-13,RJ,21979.04,partner
2976,2025-11-14,1970-12-04,MG,21994.39,partner
2977,2023-12-02,1951-12-08,MG,12194.29,social_media
2978,2026-05-15,1959-05-27,CE,17728.64,paid_search
2979,2024-11-05,1989-09-24,RJ,19690.07,paid_search
2980,2024-10-07,1985-08-02,RJ,11607.5,social_media
2981,2024-05-15,1994-11-22,RJ,15716.41,referral
2982,2025-05-12,2006-10-23,PR,19789.02,paid_search
2983,2023-06-17,1972-06-16,RS,13461.23,paid_search
2984,2025-05-22,2003-01-25,PE,26394.69,organic
2985,2024-09-09,2003-02-26,RJ,22496.04,referral
2986,2024-08-02,2002-01-25,CE,10164.99,partner
2987,2023-11-14,1998-05-26,RS,15209.75,partner
2988,2023-06-14,1981-03-09,BA,24585.37,partner
2989,2026-03-22,1986-10-12,MG,18148.16,partner
2990,2026-01-15,2007-09-24,SP,19569.5,referral
2991,2023-09-16,2006-03-17,MG,19118.79,partner
2992,2024-02-18,1990-03-11,MG,13178.73,partner
2993,2024-07-19,1961-06-05,BA,21127.86,paid_search
2994,2023-03-20,1992-05-29,CE,18497.78,referral
2995,2023-04-23,1952-06-07,SP,17459.96,referral
2996,2025-11-20,1987-12-14,MG,21876.43,referral
2997,2024-09-09,1982-07-17,MG,11135.5,paid_search
2998,2025-09-02,1971-02-04,MG,7017.13,paid_search
2999,2024-06-27,1984-02-12,PE,18087.09,social_media
3000,2026-03-07,1988-11-20,CE,18067.16,social_media
3001,2024-11-19,1955-08-31,SP,27720.53,partner
3002,2023-12-27,1979-01-20,CE,28782.94,referral
3003,2026-04-07,1955-09-17,MG,4799.33,partner
3004,2024-11-06,1981-05-24,RJ,11837.89,organic
3005,2024-10-14,1954-05-05,BA,6568.6,social_media
3006,2023-08-28,1959-06-16,SP,25263.0,organic
3007,2025-09-08,1951-12-18,BA,21735.3,social_media
3008,2025-05-01,1971-08-03,PE,13348.46,social_media
3009,2025-02-10,1956-07-23,CE,22190.15,social_media
3010,2023-01-17,1993-05-25,SP,11494.3,paid_search
3011,2026-01-18,1993-01-10,PE,28650.95,social_media
3012,2026-04-01,1963-01-15,BA,26443.27,partner
3013,2024-05-10,1995-08-11,PR,13264.15,organic
3014,2023-10-09,1954-02-24,PE,28022.37,social_media
3015,2024-06-26,1996-12-30,RS,9737.96,paid_search
3016,2023-05-13,1973-03-27,RJ,14522.21,social_media
3017,2023-01-07,1952-02-15,RS,18512.66,partner
3018,2026-06-29,1967-09-06,RJ,11583.11,organic
3019,2026-08-06,2005-12-31,PE,22654.42,social_media
3020,2026-03-02,1973-08-16,RJ,4578.85,paid_search
3021,2026-05-02,1958-09-29,MG,7965.96,partner
3022,2025-08-14,1988-11-10,SP,8608.68,partner
3023,2026-04-06,1975-08-04,PE,16869.94,partner
3024,2023-06-21,1986-07-17,RS,24917.17,partner
3025,2024-06-07,1980-07-07,SP,22547.82,referral
3026,2026-05-26,1976-11-04,CE,14574.23,social_media
3027,2025-06-13,1976-12-06,SP,29550.63,referral
3028,2024-07-21,1957-01-07,CE,24599.57,paid_search
3029,2025-12-02,1995-07-15,SP,20059.22,referral
3030,2026-01-17,1993-12-06,RJ,29786.21,social_media
3031,2024-07-21,1989-07-24,PR,26904.74,paid_search
3032,2025-09-01,1990-12-11,PE,11498.79,paid_search
3033,2024-06-29,1984-06-03,MG,23128.94,partner
3034,2025-07-28,1976-10-27,BA,28218.04,paid_search
3035,2024-05-27,1989-06-03,PE,26279.45,social_media
3036,2023-03-30,2002-10-07,RS,29381.98,organic
3037,2025-10-16,2005-09-29,RJ,25468.38,referral
3038,2025-03-03,1960-11-03,PE,15893.0,social_media
3039,2024-05-22,1991-09-16,PE,28266.24,paid_search
3040,2023-02-05,1987-05-26,PE,20165.98,partner
3041,2024-01-13,1982-02-03,RS,12782.96,partner
3042,2025-01-08,1987-07-29,RS,20097.31,paid_search
3043,2025-10-10,1952-08-17,RS,13065.11,organic
3044,2026-06-12,1964-07-11,PR,15275.47,organic
3045,2025-06-08,1960-05-02,MG,18052.89,referral
3046,2024-01-16,1979-11-14,MG,29733.54,social_media
3047,2025-02-02,1966-08-20,SP,19347.61,paid_search
3048,2025-02-14,1975-02-18,MG,10413.83,referral
3049,2025-01-11,1957-03-24,CE,21772.45,paid_search
3050,2025-05-06,1994-12-02,CE,29404.73,paid_search
3051,2023-12-03,1961-06-13,MG,4501.91,social_media
3052,2023-10-25,1985-10-16,SP,1656.93,partner
3053,2024-07-20,2002-04-11,RJ,26616.58,organic
3054,2023-03-17,1956-01-14,BA,20741.68,paid_search
3055,2025-03-16,1952-07-14,CE,8282.42,partner
3056,2025-02-07,1970-03-10,SP,6417.61,social_media
3057,2025-06-20,1963-01-04,PR,9077.41,social_media
3058,2025-09-07,1993-05-08,RS,1711.72,organic
3059,2026-08-22,1954-11-04,SP,9809.29,social_media
3060,2025-06-08,1996-02-13,BA,3966.81,paid_search
3061,2025-11-10,1988-05-31,MG,6280.25,social_media
3062,2026-08-29,2005-02-02,PE,28681.51,organic
3063,2024-01-19,1957-08-02,MG,12898.3,social_media
3064,2025-09-19,1990-07-31,PR,17963.17,organic
3065,2026-03-31,1989-09-15,SP,1544.94,partner
3066,2023-09-24,1990-02-21,RJ,19938.23,partner
3067,2026-06-11,1954-04-27,PR,2606.53,organic
3068,2024-05-11,2004-04-24,PE,24860.9,paid_search
3069,2023-09-03,1986-07-04,RJ,17072.66,referral
3070,2026-01-07,1962-05-21,RS,21942.56,paid_search
3071,2023-12-04,1956-02-03,RS,18241.69,partner
3072,2024-08-02,1986-02-05,BA,5927.32,referral
3073,2026-03-18,1953-03-12,PR,22429.96,partner
3074,2026-08-31,1964-06-05,PR,11157.06,social_media
3075,2024-10-02,1982-04-02,MG,5069.1,social_media
3076,2024-02-03,1968-08-23,RJ,27174.43,paid_search
3077,2025-07-15,1956-10-17,CE,6248.79,organic
3078,2025-05-27,1963-03-13,PE,21695.51,paid_search
3079,2025-05-06,1988-09-04,RJ,18856.47,organic
3080,2024-07-27,1969-03-04,PR,17122.17,partner
3081,2025-03-06,1979-02-11,BA,11297.26,partner
3082,2026-02-08,1983-09-24,SP,4113.57,referral
3083,2025-09-17,1996-05-10,SP,22382.35,paid_search
3084,2023-11-14,1978-05-05,CE,22700.51,organic
3085,2023-07-23,2003-07-16,MG,12213.62,organic
3086,2023-03-12,1952-06-05,CE,1707.84,organic
3087,2025-05-05,1977-02-23,RS,13514.26,paid_search
3088,2024-10-05,2000-03-25,SP,9393.04,paid_search
3089,2024-03-12,1959-03-27,RJ,9184.32,social_media
3090,2026-01-09,2006-11-04,CE,7550.1,referral
3091,2024-03-29,2002-06-19,PR,12759.77,referral
3092,2024-12-06,1959-03-20,PR,7706.47,social_media
3093,2023-02-25,1989-10-12,RS,27906.35,paid_search
3094,2023-03-20,1978-12-30,MG,27854.86,social_media
3095,2025-11-10,1992-04-05,RS,5805.64,organic
3096,2023-11-20,1953-03-17,MG,10941.48,partner
3097,2023-05-08,1966-02-17,CE,26226.11,partner
3098,2023-05-24,1956-12-22,PR,5538.73,referral
3099,2023-01-23,1992-02-28,RJ,12888.49,organic
3100,2023-03-07,1953-07-12,PE,6496.94,organic
3101,2024-08-01,1998-12-16,PE,20357.58,social_media
3102,2024-12-14,1961-08-14,SP,19150.21,referral
3103,2023-03-17,1981-04-16,PR,11556.43,paid_search
3104,2025-11-22,1973-07-21,BA,8470.65,referral
3105,2026-06-01,1998-02-25,MG,21904.21,partner
3106,2026-01-12,1987-09-15,RJ,23258.64,social_media
3107,2023-09-24,1982-04-27,BA,17515.9,referral
3108,2023-05-16,1996-06-23,CE,9360.41,paid_search
3109,2023-07-04,1965-07-18,PR,1631.7,social_media
3110,2025-04-06,1958-01-20,SP,24987.75,social_media
3111,2026-06-09,1976-05-29,RS,5141.45,referral
3112,2026-08-24,1974-04-01,RS,9490.73,partner
3113,2026-02-22,1976-02-22,RJ,23889.56,social_media
3114,2023-11-15,1983-05-05,RJ,4619.25,social_media
3115,2024-04-29,1981-10-31,RJ,17585.13,paid_search
3116,2023-07-27,1985-11-25,RJ,28969.97,organic
3117,2025-03-17,1999-05-18,PR,20610.73,paid_search
3118,2025-03-21,1997-07-20,PR,15634.1,partner
3119,2024-10-29,1976-10-16,PE,23443.15,paid_search
3120,2025-08-08,1982-11-06,MG,29733.53,social_media
3121,2023-06-21,2002-01-24,MG,12108.86,paid_search
3122,2023-04-18,1954-03-20,CE,26441.58,partner
3123,2023-02-14,2007-01-01,PR,10917.15,paid_search
3124,2023-12-17,1974-03-08,CE,29512.05,organic
3125,2024-05-02,1997-01-15,SP,11647.83,partner
3126,2023-06-06,1970-10-31,RJ,28049.33,social_media
3127,2023-12-18,1999-02-05,PR,7243.7,organic
3128,2025-02-23,1994-05-13,BA,24836.34,paid_search
3129,2025-12-23,1978-10-23,BA,22970.59,paid_search
3130,2024-05-11,1964-02-01,MG,6024.64,organic
3131,2025-07-12,1979-04-14,RJ,15738.5,referral
3132,2023-07-18,1976-06-19,RJ,23545.49,organic
3133,2024-09-25,1982-03-04,RJ,7936.63,paid_search
3134,2023-10-29,1953-05-20,CE,20044.51,organic
3135,2025-11-07,1989-12-20,RJ,6977.92,partner
3136,2025-06-22,2001-05-14,BA,26385.1,referral
3137,2025-10-16,1974-12-02,PE,7292.5,referral
3138,2023-05-13,1974-04-12,MG,21914.26,organic
3139,2024-07-16,1977-07-29,SP,28304.69,partner
3140,2024-04-09,1995-01-13,CE,13802.84,paid_search
3141,2025-12-24,1998-04-09,BA,24157.21,organic
3142,2023-03-30,1957-11-09,RS,21901.25,partner
3143,2025-01-21,1973-02-01,PE,3304.14,social_media
3144,2025-12-31,2005-01-11,RS,26180.01,social_media
3145,2026-08-02,1956-07-29,PE,3791.28,social_media
3146,2026-02-08,1975-02-14,PR,28351.32,social_media
3147,2023-03-18,1967-01-29,SP,2157.26,partner
3148,2023-06-15,1996-02-20,MG,29159.29,social_media
3149,2025-02-09,1975-07-16,BA,10099.26,partner
3150,2025-06-25,1972-07-04,PE,14106.48,referral
3151,2024-04-30,1970-01-08,BA,13534.43,paid_search
3152,2024-09-01,1986-02-26,RJ,2066.17,organic
3153,2026-02-24,1956-03-26,RS,24551.96,partner
3154,2024-11-25,1989-05-23,RS,25759.9,partner
3155,2023-02-06,1987-06-20,PE,4137.14,referral
3156,2025-06-18,1951-12-02,SP,14870.39,organic
3157,2026-01-31,1996-11-04,MG,6391.5,organic
3158,2024-11-05,1979-11-06,MG,5838.37,social_media
3159,2025-11-06,1956-04-15,CE,7733.78,referral
3160,2024-10-28,1965-10-16,BA,3326.42,organic
3161,2023-08-15,1993-03-10,MG,13591.85,partner
3162,2024-12-04,1958-09-15,BA,13154.59,paid_search
3163,2026-05-14,1998-12-16,RS,4356.13,organic
3164,2023-09-16,2007-03-03,BA,29560.27,organic
3165,2023-07-08,1975-10-26,BA,10027.31,social_media
3166,2026-06-10,1987-06-27,PR,28899.7,social_media
3167,2024-01-27,1998-08-19,RJ,4438.27,paid_search
3168,2023-04-05,1955-01-17,BA,2651.02,referral
3169,2024-07-10,1989-08-03,PR,23561.19,organic
3170,2023-06-07,1962-11-06,RS,25461.28,partner
3171,2026-03-17,1986-02-01,MG,14076.51,paid_search
3172,2025-06-15,1991-07-31,SP,29267.08,paid_search
3173,2024-05-31,1993-12-01,MG,6131.5,paid_search
3174,2026-07-15,1953-06-05,BA,29275.27,social_media
3175,2023-04-09,1957-03-27,RS,8289.76,social_media
3176,2025-10-31,1960-02-05,CE,12181.45,organic
3177,2026-05-26,2006-12-02,RJ,29968.58,referral
3178,2026-06-22,2005-01-12,PR,26856.08,social_media
3179,2023-03-16,1970-07-30,RS,4025.06,social_media
3180,2023-04-10,1983-09-12,PE,8233.31,partner
3181,2025-04-03,1974-09-03,RJ,8712.9,paid_search
3182,2023-01-24,1969-01-02,PR,20783.76,partner
3183,2023-03-27,1978-05-15,MG,15026.93,paid_search
3184,2025-01-18,2002-12-15,PE,1610.0,organic
3185,2026-07-24,1997-08-10,CE,22197.19,social_media
3186,2024-05-24,1965-11-17,SP,13774.68,partner
3187,2026-05-07,1958-05-28,CE,13938.8,paid_search
3188,2024-05-12,1987-09-03,MG,21351.01,referral
3189,2026-07-18,1981-12-05,MG,12261.5,partner
3190,2023-10-18,2006-02-20,CE,1890.66,partner
3191,2024-03-24,1985-04-07,CE,23580.08,referral
3192,2024-11-02,1987-10-03,RS,16367.3,social_media
3193,2025-04-12,1976-07-22,MG,11090.15,organic
3194,2024-11-11,1987-11-06,PE,26469.3,social_media
3195,2023-05-20,2006-05-20,PE,12021.93,referral
3196,2024-05-01,1952-07-14,PE,6905.33,partner
3197,2026-02-01,1999-02-21,BA,3627.96,referral
3198,2023-10-30,1992-11-15,PE,20247.24,social_media
3199,2023-11-19,1997-10-02,SP,22460.99,partner
3200,2023-10-03,1954-03-11,PE,15159.19,referral
3201,2024-07-09,1977-09-25,CE,25572.63,social_media
3202,2025-01-11,1980-10-31,SP,23490.93,organic
3203,2025-08-20,1986-05-31,RS,4026.56,partner
3204,2023-05-25,1999-06-22,MG,9387.84,social_media
3205,2025-11-04,1971-01-31,BA,23105.3,paid_search
3206,2025-05-07,1957-06-19,PE,24380.14,referral
3207,2026-02-21,1978-12-07,BA,6245.37,referral
3208,2023-09-04,1954-03-27,MG,24204.26,partner
3209,2024-09-11,1967-10-30,CE,2521.36,referral
3210,2026-03-06,2002-10-20,RJ,1565.55,paid_search
3211,2023-11-29,2005-10-14,MG,23260.0,paid_search
3212,2023-11-17,1970-12-30,RS,7124.17,paid_search
3213,2023-08-10,1962-08-17,MG,13345.84,referral
3214,2024-07-26,1951-06-30,MG,19161.19,paid_search
3215,2024-12-25,1985-03-28,SP,29500.12,social_media
3216,2025-08-17,1953-08-26,MG,24727.76,partner
3217,2023-08-27,1985-09-30,SP,18915.12,organic
3218,2023-03-11,1972-06-28,SP,15534.91,referral
3219,2025-11-04,1984-12-06,PR,21819.54,social_media
3220,2024-11-06,1952-03-31,CE,10027.73,paid_search
3221,2023-09-18,1957-09-28,MG,6887.59,organic
3222,2026-08-12,1989-08-27,PR,13660.95,partner
3223,2025-01-09,1977-12-10,SP,20029.72,social_media
3224,2025-01-26,1988-09-03,PE,2196.79,paid_search
3225,2023-02-27,1954-10-27,MG,27506.16,referral
3226,2025-12-17,1993-06-28,CE,2436.86,paid_search
3227,2024-12-08,1997-07-02,BA,14768.79,referral
3228,2025-06-06,1981-01-15,SP,20400.58,organic
3229,2026-07-18,2002-05-26,CE,9356.78,paid_search
3230,2023-01-28,1968-06-04,BA,2145.89,social_media
3231,2026-05-16,2000-11-16,MG,8197.27,partner
3232,2025-07-04,2001-08-19,CE,12926.56,social_media
3233,2025-03-08,1971-04-07,SP,13715.39,social_media
3234,2026-07-31,1953-11-26,BA,27563.13,referral
3235,2023-03-23,1976-09-22,BA,26901.96,partner
3236,2025-11-16,2003-11-10,BA,10943.07,organic
3237,2026-05-15,1967-11-29,SP,2015.0,social_media
3238,2023-05-05,1951-06-26,PE,19663.53,paid_search
3239,2024-12-19,1954-08-11,PE,29679.09,referral
3240,2023-11-05,2007-08-21,MG,20763.0,social_media
3241,2026-03-27,1973-02-25,SP,24518.89,organic
3242,2023-12-22,1964-12-26,MG,12548.5,organic
3243,2025-11-19,1961-09-25,RS,8659.86,referral
3244,2024-08-05,1959-12-30,PE,7227.69,paid_search
3245,2026-06-28,2004-11-30,SP,17298.76,social_media
3246,2023-03-15,1991-10-18,SP,28871.79,paid_search
3247,2025-03-02,1979-01-26,SP,13957.77,partner
3248,2024-12-18,1975-06-13,PR,12733.26,social_media
3249,2026-02-15,1983-08-06,BA,27844.03,social_media
3250,2024-05-03,1999-01-08,SP,12340.56,referral
3251,2025-06-16,1955-05-13,RJ,16888.23,referral
3252,2023-08-04,1982-04-14,PR,28141.81,partner
3253,2025-11-21,2001-03-06,CE,6198.55,referral
3254,2024-01-22,1966-01-04,MG,19751.69,referral
3255,2025-11-19,2005-01-27,CE,29598.18,organic
3256,2024-11-10,2003-03-26,RS,7212.98,paid_search
3257,2023-01-07,1992-07-24,CE,6794.95,social_media
3258,2023-02-07,1959-01-13,MG,6274.71,social_media
3259,2024-09-14,2000-11-01,SP,22440.73,organic
3260,2023-06-04,1999-10-06,PE,25923.2,organic
3261,2023-01-08,1990-11-04,RJ,6269.94,social_media
3262,2025-07-16,1995-10-19,MG,19320.54,paid_search
3263,2024-06-24,1987-12-28,MG,28753.49,social_media
3264,2024-09-15,1988-04-15,SP,18288.71,partner
3265,2023-12-16,1956-01-29,RJ,11147.33,paid_search
3266,2025-10-01,1986-06-08,RS,23282.3,partner
3267,2023-11-02,1957-10-28,SP,16687.85,organic
3268,2023-12-24,2001-11-06,SP,17740.95,organic
3269,2023-07-14,1995-05-22,RJ,18078.0,organic
3270,2024-11-30,1981-03-12,MG,16217.52,referral
3271,2023-02-28,1960-03-15,RS,25420.47,partner
3272,2024-08-27,1964-11-12,BA,14034.48,paid_search
3273,2023-08-05,1984-06-05,MG,21341.13,paid_search
3274,2023-11-12,1984-09-04,BA,23640.57,organic
3275,2024-08-08,1971-04-04,RS,25815.26,referral
3276,2024-12-25,1951-07-17,RJ,11132.93,paid_search
3277,2024-07-05,1989-12-09,RS,7724.89,paid_search
3278,2026-03-20,1991-10-25,PE,14845.58,paid_search
3279,2023-05-09,2005-12-08,PE,24298.37,organic
3280,2023-04-05,2005-01-15,BA,25480.54,social_media
3281,2024-12-27,1980-03-14,BA,19469.71,partner
3282,2026-02-22,1985-12-31,RJ,16787.32,referral
3283,2024-07-03,1980-06-29,RS,6872.88,organic
3284,2024-10-29,2007-05-01,CE,5652.41,referral
3285,2023-03-13,1965-01-17,RS,14121.14,organic
3286,2025-11-20,1986-11-22,BA,23740.56,social_media
3287,2024-01-12,1973-05-19,RJ,20549.11,organic
3288,2026-03-16,2001-03-15,BA,13024.62,organic
3289,2026-07-05,1973-06-09,PE,20008.43,paid_search
3290,2023-03-01,1985-01-28,PE,28832.98,organic
3291,2024-07-17,1978-07-30,RJ,7746.51,social_media
3292,2023-02-24,1968-12-10,CE,6010.73,social_media
3293,2023-11-30,1992-12-22,PE,8087.9,social_media
3294,2024-04-03,1959-12-16,RJ,25520.05,referral
3295,2025-09-23,2006-10-31,RS,27444.4,social_media
3296,2026-02-15,1986-07-12,RJ,11967.63,organic
3297,2023-11-16,2001-07-15,SP,10385.27,paid_search
3298,2023-09-16,1964-12-11,SP,8878.58,referral
3299,2023-04-09,1956-12-30,SP,23450.43,referral
3300,2023-08-26,1981-05-03,MG,12155.54,referral
3301,2023-09-22,1970-01-03,MG,21198.5,referral
3302,2025-01-31,1983-10-27,SP,5804.97,referral
3303,2024-11-09,1991-10-20,SP,4441.33,partner
3304,2026-06-15,1972-08-10,RS,13798.15,organic
3305,2025-01-14,1973-04-19,SP,10062.24,partner
3306,2026-01-12,1963-11-20,PR,4669.72,paid_search
3307,2024-07-23,2005-02-27,BA,4914.73,referral
3308,2024-08-15,1990-09-27,PE,23813.93,partner
3309,2024-01-04,1991-02-16,CE,25969.51,organic
3310,2023-04-04,1995-04-19,PE,19982.25,partner
3311,2024-05-23,1953-10-04,MG,15033.96,partner
3312,2023-03-26,1990-11-17,PR,7326.38,paid_search
3313,2025-08-22,1954-12-14,RS,11659.44,referral
3314,2024-10-05,2001-10-11,RJ,12820.98,paid_search
3315,2026-01-23,1953-11-24,PE,21144.91,referral
3316,2025-07-10,1985-09-08,SP,27085.63,paid_search
3317,2026-08-12,1953-10-16,BA,17454.81,organic
3318,2026-05-06,1997-06-01,CE,6927.26,organic
3319,2026-01-30,2003-01-27,PR,24339.97,organic
3320,2023-12-17,1966-08-22,RS,7707.42,paid_search
3321,2024-08-15,1994-12-11,RJ,13268.58,partner
3322,2025-02-24,2005-10-14,PE,27581.48,organic
3323,2023-10-12,1952-04-03,BA,21008.54,paid_search
3324,2026-02-06,2005-08-29,SP,24510.68,organic
3325,2023-10-16,1978-09-29,RJ,20421.52,paid_search
3326,2023-07-21,1977-10-09,MG,18084.86,referral
3327,2023-05-03,1998-01-25,CE,5638.02,partner
3328,2023-03-24,1974-11-13,SP,3136.65,referral
3329,2025-05-06,1998-09-20,BA,12938.7,partner
3330,2024-03-05,1983-02-22,PE,24430.55,partner
3331,2025-08-05,1972-09-30,BA,14768.78,partner
3332,2025-09-27,1962-01-22,PE,7714.97,paid_search
3333,2025-07-29,1965-01-18,SP,13718.66,partner
3334,2026-03-25,1974-06-13,RJ,15498.85,referral
3335,2024-01-05,1988-03-26,RS,10546.29,social_media
3336,2024-01-18,1973-09-14,RS,23365.06,paid_search
3337,2024-08-21,1987-03-28,MG,23274.21,partner
3338,2023-10-12,1954-11-20,RS,1771.16,organic
3339,2025-05-25,1999-03-11,RS,9377.55,organic
3340,2023-11-13,1995-03-26,SP,14139.52,organic
3341,2026-02-03,1968-01-31,RS,17061.56,partner
3342,2023-03-20,1994-03-06,RS,20297.15,referral
3343,2025-05-03,1954-05-27,BA,5183.61,social_media
3344,2026-08-16,1993-08-06,RJ,16981.49,organic
3345,2025-12-20,1980-10-20,BA,4650.94,paid_search
3346,2024-05-10,1990-06-09,RS,22578.37,paid_search
3347,2023-10-22,1963-07-30,SP,24042.18,paid_search
3348,2023-02-15,1964-12-07,BA,12131.34,paid_search
3349,2025-02-08,1967-06-23,RS,2370.98,organic
3350,2025-04-07,1988-08-31,PR,26565.26,partner
3351,2023-12-29,1953-09-17,RS,4391.4,organic
3352,2023-01-15,1982-12-12,MG,29939.8,organic
3353,2023-05-18,2003-10-11,CE,11883.95,paid_search
3354,2025-07-22,1981-12-17,CE,14706.15,referral
3355,2023-02-04,1990-02-09,PR,10481.72,paid_search
3356,2026-08-14,2007-12-02,BA,1670.35,paid_search
3357,2023-03-11,1994-11-01,SP,7637.44,paid_search
3358,2025-12-26,1966-11-17,BA,20209.48,referral
3359,2026-05-04,1971-07-19,BA,28708.94,partner
3360,2026-07-10,1963-08-14,BA,8815.41,partner
3361,2024-11-16,2006-08-11,RS,6654.82,paid_search
3362,2023-08-25,1994-05-08,RS,28196.79,organic
3363,2024-07-17,1975-10-12,RJ,27210.92,partner
3364,2026-08-20,1967-03-19,RS,5311.55,social_media
3365,2026-07-25,1988-07-20,CE,26129.05,organic
3366,2025-06-14,1970-09-15,PR,4608.37,social_media
3367,2026-02-12,1962-12-10,CE,22130.69,social_media
3368,2025-06-23,1970-05-06,BA,8551.42,social_media
3369,2025-09-13,1978-11-06,CE,10227.28,paid_search
3370,2024-01-13,2002-12-30,MG,21624.94,social_media
3371,2023-10-16,1963-08-01,PR,11384.43,referral
3372,2023-03-30,1999-02-15,MG,18489.39,partner
3373,2024-07-03,1978-11-19,RJ,13699.71,social_media
3374,2023-10-25,1998-11-19,BA,18704.89,partner
3375,2026-04-09,1968-02-19,RS,5677.27,partner
3376,2023-10-03,1969-04-19,RJ,17910.36,social_media
3377,2024-12-25,2006-08-27,MG,29346.8,referral
3378,2024-07-07,1989-10-09,RJ,21349.29,partner
3379,2023-11-23,1995-03-27,CE,8835.25,organic
3380,2026-08-04,1970-02-28,CE,25759.34,social_media
3381,2026-05-22,2005-11-07,RS,3653.86,partner
3382,2025-06-02,1968-12-19,SP,16734.97,partner
3383,2025-02-13,1954-12-07,SP,27030.65,partner
3384,2023-05-07,1965-10-12,RJ,6216.32,paid_search
3385,2026-03-13,1990-03-11,PR,6295.51,social_media
3386,2024-11-07,1961-10-06,BA,17257.78,organic
3387,2025-07-22,1996-01-11,BA,7316.54,social_media
3388,2025-04-03,2002-08-27,CE,23329.54,organic
3389,2025-05-28,1993-05-07,SP,21081.27,referral
3390,2023-10-31,1977-12-29,PE,29189.46,paid_search
3391,2025-02-10,1953-05-29,CE,9775.98,partner
3392,2024-07-04,1996-06-07,CE,29491.88,partner
3393,2025-01-20,1976-11-19,SP,2659.1,referral
3394,2025-04-01,1966-02-09,PR,29581.22,paid_search
3395,2025-11-10,1956-01-26,PR,21245.89,partner
3396,2025-01-27,1990-02-11,MG,21830.51,social_media
3397,2023-06-04,2006-08-15,SP,10106.36,organic
3398,2026-06-15,1966-06-03,BA,16468.81,referral
3399,2025-07-07,1991-05-27,MG,29107.06,paid_search
3400,2025-11-09,1988-03-15,CE,17379.38,referral
3401,2023-01-11,2006-03-16,PE,25508.56,social_media
3402,2025-08-03,1954-09-13,PR,29459.72,organic
3403,2025-12-02,1990-04-19,PR,1619.95,organic
3404,2023-05-23,1990-05-30,PR,13226.46,paid_search
3405,2024-11-03,1987-10-01,RJ,12644.84,partner
3406,2024-06-27,1995-04-06,BA,24558.83,organic
3407,2023-10-07,1992-04-06,SP,14295.86,referral
3408,2025-07-09,1970-03-11,PR,12576.51,paid_search
3409,2025-07-28,1997-02-04,BA,11579.55,partner
3410,2023-05-06,2002-10-06,RJ,24226.28,partner
3411,2023-05-03,1952-11-16,MG,4386.36,organic
3412,2024-06-08,1983-03-01,CE,20172.1,referral
3413,2024-11-18,1956-11-29,RJ,27947.57,organic
3414,2024-11-06,1991-01-26,BA,20922.84,partner
3415,2025-07-08,1991-10-29,PE,5982.12,partner
3416,2023-04-30,1986-01-23,CE,3998.25,paid_search
3417,2023-08-04,2000-01-26,PE,16995.72,paid_search
3418,2024-05-10,2002-07-29,SP,18997.0,referral
3419,2023-05-25,2001-08-05,PR,22742.56,organic
3420,2023-03-11,1985-12-20,SP,3743.99,referral
3421,2024-07-30,1996-07-13,PE,19609.55,partner
3422,2023-02-18,1956-04-28,BA,18001.73,social_media
3423,2024-06-25,1991-10-05,CE,12214.21,paid_search
3424,2023-10-03,1982-06-05,BA,8621.55,organic
3425,2023-05-05,1993-02-12,PE,13556.79,social_media
3426,2026-04-21,1961-11-01,PE,24850.53,referral
3427,2024-10-16,1951-08-22,RS,11757.9,organic
3428,2025-08-24,1994-07-13,RJ,2865.25,paid_search
3429,2023-11-08,1980-03-18,CE,8238.09,paid_search
3430,2023-08-26,1962-06-12,PE,21307.08,partner
3431,2023-03-14,2001-05-10,RJ,24592.52,partner
3432,2026-01-31,1971-12-27,RJ,13047.11,organic
3433,2026-06-14,1984-02-27,PE,1863.0,paid_search
3434,2025-07-28,1960-07-17,RS,21447.33,organic
3435,2023-04-28,1984-02-16,BA,29086.43,social_media
3436,2025-09-11,1996-08-12,RS,29606.3,partner
3437,2023-07-27,1958-08-16,PE,2379.85,paid_search
3438,2023-03-19,1972-01-04,RS,10346.48,organic
3439,2023-11-02,1992-06-11,BA,19829.57,paid_search
3440,2026-02-14,1974-09-26,MG,18087.58,referral
3441,2026-04-19,1995-08-18,BA,2021.87,organic
3442,2025-11-15,2002-04-17,SP,15917.58,partner
3443,2024-04-07,1998-07-03,PE,10762.96,organic
3444,2025-07-05,1994-02-07,RS,15703.02,referral
3445,2023-06-12,1954-06-15,RJ,3091.95,social_media
3446,2026-01-08,1969-04-03,RS,25388.1,partner
3447,2026-07-17,1953-01-23,RS,11738.77,organic
3448,2023-11-19,2001-08-28,PR,21089.51,organic
3449,2023-10-21,1989-04-19,MG,20237.96,partner
3450,2024-01-25,1956-02-13,MG,19766.12,partner
3451,2025-05-06,1977-05-16,PE,14909.81,paid_search
3452,2024-02-06,1964-11-21,PR,15073.17,referral
3453,2026-05-13,1974-07-09,BA,11138.65,partner
3454,2024-04-27,1965-12-14,PE,17709.45,organic
3455,2026-05-28,1978-04-10,SP,16191.77,referral
3456,2023-10-03,1952-06-30,RS,3628.15,partner
3457,2025-04-30,1991-09-21,SP,14626.71,referral
3458,2024-02-25,1979-10-28,CE,16632.53,partner
3459,2023-01-11,2004-10-16,BA,4150.76,paid_search
3460,2025-08-10,1970-01-15,RJ,25972.41,partner
3461,2025-11-26,1972-12-16,BA,3260.21,partner
3462,2025-09-01,2001-08-06,RS,3488.35,referral
3463,2023-03-23,1986-03-28,RS,14985.08,partner
3464,2026-06-10,1992-03-16,PR,21694.23,paid_search
3465,2023-12-16,1989-04-03,PE,27502.9,paid_search
3466,2024-11-01,1961-03-15,MG,26608.58,paid_search
3467,2025-10-06,1961-02-01,RS,9670.82,partner
3468,2024-03-13,1955-01-08,PE,10111.03,referral
3469,2024-07-29,1992-06-02,PE,21028.94,paid_search
3470,2026-01-01,1961-10-07,BA,16995.88,paid_search
3471,2025-06-12,2005-04-01,CE,5080.65,referral
3472,2025-09-19,1973-10-08,MG,19683.34,social_media
3473,2024-01-01,1998-10-03,PR,27373.22,organic
3474,2026-08-25,1952-07-09,PE,8939.12,paid_search
3475,2026-01-29,1955-01-01,RJ,1527.93,partner
3476,2023-08-31,1952-12-24,PE,18313.94,partner
3477,2026-03-28,1951-01-10,PE,3573.64,paid_search
3478,2023-06-17,1956-03-20,PR,19547.85,social_media
3479,2023-02-24,1963-11-25,PE,14655.86,organic
3480,2025-07-19,1998-12-29,CE,20325.63,organic
3481,2025-09-15,2007-06-09,PE,7689.38,paid_search
3482,2026-08-31,1957-03-22,RS,29365.82,paid_search
3483,2023-06-15,1956-06-15,BA,23706.09,partner
3484,2026-05-05,1961-11-22,BA,27071.15,social_media
3485,2024-10-16,1986-01-21,PE,9811.6,partner
3486,2026-07-21,1953-06-09,PR,22743.68,partner
3487,2026-01-09,1995-05-19,RS,23191.22,organic
3488,2024-10-18,2001-10-13,CE,7683.95,paid_search
3489,2023-04-10,1975-10-07,SP,6737.84,social_media
3490,2024-01-08,1966-06-26,MG,14731.55,organic
3491,2025-05-01,1954-08-21,BA,19207.39,social_media
3492,2025-05-04,2000-08-26,RS,12098.57,referral
3493,2025-03-04,1982-04-30,MG,25029.85,referral
3494,2023-12-20,1976-08-12,SP,13837.92,partner
3495,2026-03-27,2004-11-28,PR,24176.03,referral
3496,2023-02-06,1980-02-03,RJ,17260.11,organic
3497,2026-02-22,1963-02-26,BA,28796.87,social_media
3498,2024-10-09,1964-12-01,RJ,9898.34,organic
3499,2026-02-20,1973-10-18,SP,18342.16,social_media
3500,2023-09-25,1984-08-26,MG,5572.18,referral
3501,2026-01-09,1987-10-29,SP,20722.04,organic
3502,2023-02-15,1974-04-18,CE,21938.11,organic
3503,2023-03-16,1971-01-17,RS,15204.27,organic
3504,2023-10-09,1955-06-29,BA,24725.32,partner
3505,2025-05-22,1996-02-12,PE,21790.5,paid_search
3506,2025-08-14,1964-05-19,RJ,8956.3,social_media
3507,2025-08-17,1953-03-09,BA,10254.01,paid_search
3508,2023-11-01,1982-08-19,MG,22580.95,partner
3509,2023-02-26,1980-06-04,PE,19308.11,paid_search
3510,2025-06-26,1977-08-18,CE,17400.37,partner
3511,2023-01-11,1955-01-12,BA,12979.92,paid_search
3512,2025-03-22,2001-06-07,SP,13544.98,partner
3513,2024-05-22,1989-06-26,SP,13636.37,organic
3514,2024-07-28,1974-08-14,MG,25727.77,social_media
3515,2026-07-28,2007-10-15,PR,10386.56,referral
3516,2026-01-01,1996-02-29,RJ,22585.02,partner
3517,2023-02-19,1990-11-26,PR,5380.78,partner
3518,2023-03-20,1993-05-21,RJ,13484.49,social_media
3519,2025-07-11,1975-08-09,PR,21299.83,paid_search
3520,2024-01-03,1975-04-20,RJ,10387.05,referral
3521,2026-01-05,1998-05-02,BA,27228.57,partner
3522,2025-08-02,1954-03-07,PE,6810.94,paid_search
3523,2025-07-23,1997-09-07,MG,16591.31,organic
3524,2025-06-27,1983-11-25,SP,5981.11,paid_search
3525,2024-06-28,1966-05-29,PR,8565.01,referral
3526,2025-06-25,1995-08-26,RJ,9599.3,organic
3527,2025-10-05,1997-04-19,BA,8875.71,organic
3528,2025-03-25,1982-03-06,RJ,7975.73,paid_search
3529,2025-08-05,1993-12-31,SP,26443.37,social_media
3530,2025-06-09,1961-12-17,SP,18300.02,social_media
3531,2023-07-22,1994-06-26,RS,7220.57,paid_search
3532,2026-02-28,1982-12-12,RS,5993.59,organic
3533,2023-09-19,2006-02-09,SP,23553.01,referral
3534,2026-06-15,1965-09-14,RJ,4422.15,organic
3535,2023-12-16,1990-04-17,BA,16128.24,paid_search
3536,2026-07-17,1971-03-02,PR,26937.12,paid_search
3537,2025-10-08,1974-09-04,RJ,14935.99,partner
3538,2024-09-01,1971-10-04,RJ,16401.33,paid_search
3539,2026-07-15,1999-05-24,CE,17441.65,paid_search
3540,2026-02-02,1959-06-16,RS,23043.2,partner
3541,2025-08-17,1986-11-23,RJ,2656.74,paid_search
3542,2024-06-03,1976-05-26,PE,8089.72,partner
3543,2025-04-19,1994-02-13,BA,24466.34,social_media
3544,2025-01-18,1972-05-06,PE,8802.24,organic
3545,2023-06-18,2006-09-12,BA,7259.86,referral
3546,2023-07-02,1976-09-25,RS,8054.66,referral
3547,2023-06-17,1972-11-29,BA,22149.15,organic
3548,2025-11-18,1991-02-28,PR,11895.42,referral
3549,2026-03-04,2007-03-16,BA,2027.2,paid_search
3550,2023-05-18,1999-12-26,MG,18320.07,social_media
3551,2026-09-01,1993-04-29,BA,26825.41,organic
3552,2026-05-03,1972-06-18,CE,15599.13,partner
3553,2024-09-12,1993-04-25,BA,11238.0,referral
3554,2024-01-07,1965-10-31,BA,28401.36,partner
3555,2024-01-24,1963-11-05,BA,10082.72,referral
3556,2025-06-12,1985-01-21,PE,12412.96,organic
3557,2024-05-16,1977-07-15,PE,9255.15,partner
3558,2024-04-15,1997-06-15,BA,11647.69,organic
3559,2025-06-15,1999-11-14,PE,27087.44,partner
3560,2024-03-18,1993-01-31,BA,5379.66,paid_search
3561,2025-08-03,1984-04-28,RS,18876.58,organic
3562,2024-12-18,1979-06-11,MG,20853.59,referral
3563,2026-03-10,1963-03-17,BA,6939.28,social_media
3564,2024-03-11,1991-02-15,BA,21083.32,paid_search
3565,2024-11-10,1999-01-07,PE,16882.89,partner
3566,2023-09-21,1975-10-14,SP,13536.98,partner
3567,2023-07-16,1971-02-04,PE,16199.99,partner
3568,2025-04-19,1980-09-12,CE,23761.65,partner
3569,2023-01-19,1998-06-19,RS,24527.69,organic
3570,2025-04-19,2005-01-23,BA,6422.32,partner
3571,2023-05-08,1952-05-05,SP,27948.87,social_media
3572,2023-08-16,1964-12-01,RJ,12206.73,partner
3573,2025-04-26,1994-12-18,RJ,11157.54,social_media
3574,2023-05-28,1978-10-07,MG,2342.82,referral
3575,2025-04-09,1978-02-06,MG,14837.02,paid_search
3576,2025-09-26,2006-03-28,PE,8956.67,paid_search
3577,2023-08-23,1997-11-14,RJ,25668.35,organic
3578,2025-01-15,1956-05-11,PR,18115.59,paid_search
3579,2023-10-06,1985-01-26,CE,28647.15,social_media
3580,2024-04-21,2006-04-09,PR,22406.7,organic
3581,2025-09-08,1992-07-01,RS,14099.68,social_media
3582,2023-07-20,2000-02-18,CE,28861.15,social_media
3583,2023-08-30,1975-10-20,BA,23831.79,referral
3584,2026-01-19,1993-10-24,BA,18912.23,partner
3585,2023-08-28,1989-09-17,MG,20820.34,organic
3586,2024-01-01,1983-08-16,BA,23396.75,referral
3587,2025-08-17,1962-06-03,RJ,26550.13,paid_search
3588,2023-01-21,1979-12-03,RJ,11980.0,partner
3589,2026-06-26,1998-10-28,SP,18887.68,referral
3590,2025-10-28,1995-07-25,MG,20469.7,organic
3591,2024-09-25,1972-09-27,RS,4521.15,referral
3592,2023-08-05,1980-05-05,SP,14227.78,social_media
3593,2024-10-03,1996-08-07,PE,29568.76,paid_search
3594,2024-07-08,1979-09-12,CE,22571.23,social_media
3595,2023-07-14,1978-04-22,CE,21360.28,paid_search
3596,2023-07-02,1977-02-18,CE,22983.31,referral
3597,2026-04-23,1955-05-13,RS,16699.51,partner
3598,2023-09-20,1982-08-08,BA,10441.89,partner
3599,2024-06-04,1993-08-01,RJ,14852.66,organic
3600,2024-05-04,1985-07-29,CE,12400.23,paid_search
3601,2024-12-13,1957-05-17,PE,14194.03,organic
3602,2025-11-26,1974-05-12,RJ,20999.5,social_media
3603,2023-02-26,1990-01-11,RJ,22748.01,partner
3604,2024-03-10,2004-02-06,PR,23213.54,social_media
3605,2025-05-11,1983-12-07,RJ,23303.07,organic
3606,2024-12-18,1953-02-21,RS,5162.79,organic
3607,2025-10-09,1957-09-27,RS,11564.56,paid_search
3608,2024-04-26,1978-04-29,RJ,3807.4,paid_search
3609,2023-02-06,2003-05-20,SP,7793.5,paid_search
3610,2024-06-25,1993-09-15,RJ,20380.47,social_media
3611,2023-01-20,2005-07-17,PR,9990.11,partner
3612,2024-10-15,1964-03-17,PR,17476.91,social_media
3613,2023-11-06,1981-11-03,CE,29008.08,referral
3614,2026-04-01,2002-07-18,PE,7988.2,partner
3615,2024-12-25,1996-12-10,PR,11677.87,referral
3616,2025-03-08,1998-04-19,CE,6240.61,social_media
3617,2026-03-06,1980-02-29,PR,16452.81,referral
3618,2024-12-29,1979-04-24,RS,9832.73,organic
3619,2024-01-16,1955-11-05,RJ,8698.28,social_media
3620,2024-10-10,1962-03-26,MG,14023.57,organic
3621,2024-04-15,1989-01-09,PE,9015.21,organic
3622,2026-01-11,1994-03-06,MG,24449.52,organic
3623,2025-06-04,1968-05-11,RS,24153.58,social_media
3624,2024-11-17,1984-08-11,RS,15842.98,referral
3625,2023-03-15,1965-12-17,PR,11399.6,organic
3626,2024-01-25,1959-11-18,RS,14438.2,referral
3627,2023-11-09,1962-12-11,PE,25707.81,organic
3628,2023-11-21,1993-09-25,PE,26123.53,paid_search
3629,2024-07-23,1961-12-11,RS,10641.53,organic
3630,2024-09-24,1984-11-09,PE,20349.36,social_media
3631,2026-09-01,1974-02-16,PE,18103.26,social_media
3632,2024-04-02,1991-05-04,RS,28212.51,social_media
3633,2025-07-19,1998-09-26,BA,11353.51,social_media
3634,2024-07-20,1994-12-07,PR,28766.34,social_media
3635,2025-04-04,1982-02-24,RJ,14570.59,social_media
3636,2025-12-04,1997-08-21,RS,21900.16,organic
3637,2026-03-26,1961-09-13,PE,20209.62,social_media
3638,2023-12-29,1968-10-22,PE,9738.76,paid_search
3639,2023-10-23,1988-04-18,SP,7099.53,referral
3640,2023-01-24,1990-01-28,PR,20916.14,referral
3641,2023-02-27,1959-08-13,CE,22895.8,organic
3642,2025-06-05,1994-03-01,BA,16297.75,social_media
3643,2023-12-09,1973-08-27,RJ,6184.98,social_media
3644,2026-07-08,1990-10-06,RJ,16575.35,social_media
3645,2023-10-28,1999-04-04,PE,23161.56,partner
3646,2025-05-23,1980-07-31,RJ,19059.6,organic
3647,2026-09-01,1984-03-30,RJ,7020.82,paid_search
3648,2026-03-11,1996-08-31,RS,26958.86,social_media
3649,2023-01-31,1962-01-29,SP,20717.49,paid_search
3650,2024-07-18,2001-10-12,CE,17493.83,paid_search
3651,2025-02-11,1990-11-07,PR,11200.47,organic
3652,2025-09-07,1994-04-21,CE,3020.78,paid_search
3653,2025-04-27,2005-09-18,SP,22211.32,social_media
3654,2023-11-10,1968-10-11,MG,26793.05,partner
3655,2024-03-06,1967-02-19,CE,9047.44,partner
3656,2023-09-15,2000-03-01,CE,18655.66,partner
3657,2025-07-01,1994-10-16,MG,12382.28,referral
3658,2024-08-06,1967-06-08,CE,19860.12,partner
3659,2026-06-22,1983-05-31,MG,3589.06,organic
3660,2023-11-14,1971-03-08,RS,7150.59,paid_search
3661,2024-10-29,1988-09-06,PR,9101.08,organic
3662,2023-05-25,2004-01-03,PR,13416.04,partner
3663,2024-11-09,1952-06-29,RJ,15361.68,social_media
3664,2023-08-14,1962-11-09,RJ,13025.6,social_media
3665,2024-08-08,1970-11-18,MG,23490.15,partner
3666,2024-06-28,1999-01-26,PE,9955.71,partner
3667,2023-05-10,1959-01-26,PR,22576.82,partner
3668,2023-11-28,1962-08-04,CE,25323.54,organic
3669,2025-06-15,1968-02-29,PR,14913.63,paid_search
3670,2023-08-09,2000-12-25,BA,3904.74,social_media
3671,2026-02-23,1993-04-17,CE,23236.8,social_media
3672,2024-04-17,2000-08-14,SP,28813.66,social_media
3673,2024-05-28,2002-08-28,SP,16419.58,organic
3674,2025-06-08,1994-06-23,BA,18614.59,referral
3675,2023-06-21,1983-11-25,CE,6187.38,social_media
3676,2026-04-17,2000-11-29,PR,12792.28,partner
3677,2025-03-08,1985-10-15,MG,16306.9,partner
3678,2024-01-26,1975-02-21,MG,4233.96,partner
3679,2023-02-13,1957-11-06,PR,15484.56,organic
3680,2025-07-21,1957-07-10,MG,28745.58,social_media
3681,2025-04-22,1968-06-17,BA,4906.41,referral
3682,2024-10-20,1980-03-02,MG,28676.1,organic
3683,2023-10-03,1972-09-05,SP,13042.32,partner
3684,2026-04-10,2005-09-06,BA,17380.97,partner
3685,2024-10-12,1970-07-18,RJ,2992.55,paid_search
3686,2025-08-20,1983-09-02,BA,17634.72,paid_search
3687,2025-12-31,1975-02-10,CE,2407.89,partner
3688,2023-09-07,2000-04-12,BA,19344.88,social_media
3689,2025-01-12,1992-07-28,RJ,11130.83,organic
3690,2023-07-15,1998-04-30,SP,7592.94,social_media
3691,2025-06-04,1960-06-30,PR,18928.77,organic
3692,2023-01-26,1998-01-22,CE,21216.31,social_media
3693,2024-02-11,1973-12-29,PE,18737.65,organic
3694,2023-10-04,1983-11-04,SP,12147.17,social_media
3695,2023-08-21,1992-12-05,BA,1653.11,organic
3696,2025-01-06,1976-07-22,CE,19776.77,social_media
3697,2024-09-20,1976-02-26,PE,2813.07,partner
3698,2024-05-16,2002-09-09,RS,13475.68,paid_search
3699,2024-10-31,2005-11-25,PR,3188.19,referral
3700,2024-12-16,1994-03-12,MG,3000.2,partner
3701,2024-11-20,1970-02-26,CE,25094.95,social_media
3702,2025-07-04,1965-02-28,PE,6959.02,referral
3703,2026-02-05,1962-06-25,PR,11382.06,organic
3704,2024-08-16,1956-12-21,PR,20749.34,paid_search
3705,2024-01-07,1960-02-22,RS,22318.82,partner
3706,2026-02-19,1995-07-14,MG,18934.27,paid_search
3707,2023-12-15,1972-11-08,RJ,4966.89,social_media
3708,2023-03-26,1984-04-07,SP,25670.88,partner
3709,2024-07-31,1966-12-22,MG,27976.3,paid_search
3710,2024-07-05,1952-07-10,CE,6973.97,social_media
3711,2025-08-28,2006-04-16,SP,6589.21,paid_search
3712,2026-01-12,1983-08-08,RJ,14205.92,referral
3713,2025-12-10,1969-01-29,SP,16773.61,partner
3714,2024-12-14,1973-09-19,RJ,10688.37,paid_search
3715,2023-10-26,1957-04-12,RJ,17700.69,referral
3716,2025-02-22,1955-01-25,SP,18901.71,organic
3717,2026-06-09,2005-06-15,CE,23282.34,organic
3718,2026-08-28,1969-08-24,CE,16699.16,social_media
3719,2023-11-10,1968-03-09,MG,18925.52,referral
3720,2025-03-23,1969-06-15,SP,6351.92,social_media
3721,2023-09-08,1969-08-09,PR,15799.09,partner
3722,2023-08-06,2007-02-02,MG,17671.2,organic
3723,2025-11-19,1976-10-20,RJ,15653.02,social_media
3724,2024-04-29,1977-05-08,RJ,10989.85,paid_search
3725,2024-08-16,1984-12-10,PR,3583.8,referral
3726,2025-03-07,1976-06-01,PR,21918.47,organic
3727,2023-11-26,1989-03-22,PR,18432.49,partner
3728,2026-07-31,1969-02-20,PE,22469.02,partner
3729,2024-01-31,1972-11-13,RS,15808.77,partner
3730,2024-02-07,1979-09-12,RS,6627.68,referral
3731,2025-05-23,1981-08-09,RJ,17655.03,partner
3732,2023-02-17,1999-12-16,RS,21631.7,paid_search
3733,2024-09-30,1952-04-22,CE,5659.26,paid_search
3734,2025-04-25,1997-04-11,RJ,3024.49,partner
3735,2024-06-20,1967-02-16,PR,29656.22,social_media
3736,2025-11-29,1976-03-08,CE,20884.04,referral
3737,2024-09-12,1999-11-20,MG,12551.25,referral
3738,2026-03-17,1962-04-17,MG,14842.48,referral
3739,2025-10-12,1963-02-22,PE,26980.83,partner
3740,2025-03-06,1968-05-10,PE,6097.84,referral
3741,2023-08-23,1985-03-15,SP,18341.3,organic
3742,2023-03-13,1969-03-29,RJ,10120.2,referral
3743,2025-12-15,1986-02-22,PR,5389.68,organic
3744,2025-11-04,1957-07-02,RJ,7094.67,paid_search
3745,2026-05-05,1984-06-19,BA,8874.7,partner
3746,2024-06-06,1990-06-25,CE,9528.27,referral
3747,2026-02-28,1989-06-08,PR,8454.18,organic
3748,2023-02-09,1955-08-30,RS,19671.05,referral
3749,2025-08-24,1986-06-27,SP,12526.37,organic
3750,2024-11-06,1975-06-24,PR,5634.61,social_media
3751,2025-12-03,1963-01-03,SP,6490.69,paid_search
3752,2023-04-19,1986-04-07,RS,28300.82,referral
3753,2023-03-03,1952-12-05,RJ,2744.48,organic
3754,2026-08-31,1967-08-16,PR,1626.59,partner
3755,2023-07-29,1979-11-29,RS,16290.32,referral
3756,2024-08-05,1966-07-13,CE,13006.94,partner
3757,2026-08-18,1962-11-30,MG,14290.08,social_media
3758,2024-02-13,2007-08-29,PR,15240.28,paid_search
3759,2023-09-08,1957-04-21,RS,10558.55,paid_search
3760,2026-03-01,1977-11-25,BA,2534.56,paid_search
3761,2023-02-02,1973-10-15,PR,16732.61,paid_search
3762,2026-03-30,1996-01-03,PR,10755.61,organic
3763,2025-02-24,1972-01-14,MG,21203.12,social_media
3764,2023-10-09,1953-01-02,RS,13132.27,paid_search
3765,2024-06-24,1971-08-12,SP,7567.48,organic
3766,2023-04-24,1964-11-22,BA,13830.6,paid_search
3767,2024-05-19,1953-01-06,RJ,23460.14,referral
3768,2024-06-08,1989-05-25,PE,28492.18,partner
3769,2024-05-31,1971-06-05,PE,3474.73,partner
3770,2026-06-08,1994-08-01,RS,27293.85,social_media
3771,2023-01-15,1983-03-05,RJ,3402.31,organic
3772,2023-04-14,1974-12-24,RS,26731.06,partner
3773,2024-04-18,1959-08-01,RJ,10677.12,paid_search
3774,2026-06-08,2000-05-29,RJ,13659.09,organic
3775,2024-04-22,1980-07-20,SP,19175.79,paid_search
3776,2023-12-26,1962-07-07,CE,25000.9,partner
3777,2026-08-22,1972-09-16,RS,3549.43,partner
3778,2024-12-10,1977-05-09,MG,22424.61,partner
3779,2023-10-07,1987-12-16,RJ,27005.8,referral
3780,2025-09-18,2003-07-05,RJ,16803.95,paid_search
3781,2023-07-13,2005-12-08,RS,20461.6,referral
3782,2023-11-19,1956-01-31,SP,6311.94,partner
3783,2025-09-14,2003-04-03,BA,29862.47,partner
3784,2024-07-06,1984-06-16,SP,8258.96,social_media
3785,2024-06-17,2002-11-29,RS,20972.66,organic
3786,2023-01-11,1986-12-27,CE,4873.36,organic
3787,2025-06-09,1963-01-02,MG,22094.91,referral
3788,2025-12-27,1971-09-13,RS,4592.58,paid_search
3789,2023-01-05,1958-02-14,BA,3183.1,social_media
3790,2025-07-24,2007-01-01,PR,14368.87,referral
3791,2026-03-27,1962-08-28,PR,17198.61,partner
3792,2025-11-29,1974-10-20,MG,5531.54,referral
3793,2025-05-25,1988-06-12,PE,20432.95,partner
3794,2025-11-04,1964-10-21,MG,26030.72,referral
3795,2024-08-07,1979-06-15,SP,24210.15,referral
3796,2025-03-11,1986-02-21,PE,4042.48,paid_search
3797,2023-02-18,1990-07-09,CE,17384.45,paid_search
3798,2026-04-18,1974-06-16,PR,20972.45,social_media
3799,2023-06-30,1957-07-08,BA,8244.42,organic
3800,2023-01-31,1951-12-13,RJ,7947.1,partner
3801,2024-11-18,1987-07-25,SP,17146.14,paid_search
3802,2023-12-01,1965-11-07,MG,21955.41,paid_search
3803,2023-10-15,1968-09-02,PE,9181.96,social_media
3804,2025-01-20,1972-05-02,RJ,7170.04,paid_search
3805,2023-10-01,1996-05-12,PR,12680.06,social_media
3806,2024-04-17,1985-10-01,SP,12042.29,social_media
3807,2025-12-04,1975-09-18,MG,10613.81,paid_search
3808,2024-06-15,1993-07-07,PE,26945.57,partner
3809,2023-10-03,1989-05-17,BA,13382.31,paid_search
3810,2025-02-05,1986-02-14,PR,27217.37,referral
3811,2024-11-24,1972-10-13,PR,21562.36,social_media
3812,2025-02-08,1989-04-02,RS,22334.48,social_media
3813,2024-03-25,1993-06-06,BA,3700.76,partner
3814,2026-07-11,1953-12-28,BA,13294.83,referral
3815,2024-08-16,1980-04-18,SP,24206.43,partner
3816,2024-07-13,1965-05-29,MG,26822.7,social_media
3817,2026-01-04,1953-01-14,PE,15757.33,organic
3818,2025-12-05,1977-02-21,PR,10452.61,partner
3819,2024-02-18,1954-04-26,PE,15429.45,partner
3820,2026-01-16,1974-03-03,BA,7349.04,partner
3821,2026-01-17,1993-08-09,RS,29844.31,partner
3822,2023-07-13,1987-09-13,RJ,11170.71,referral
3823,2024-04-25,1970-09-09,RJ,28545.39,partner
3824,2026-03-05,1959-10-10,SP,17250.85,referral
3825,2024-08-01,1991-11-13,CE,9126.58,social_media
3826,2025-04-27,1953-12-03,MG,29535.35,social_media
3827,2023-04-01,1957-01-25,SP,14637.24,social_media
3828,2023-04-06,1979-12-24,RJ,6852.72,referral
3829,2025-02-24,1962-11-28,BA,18730.54,paid_search
3830,2023-10-24,1976-01-11,PR,15130.83,organic
3831,2024-01-17,1965-06-19,BA,10469.25,paid_search
3832,2024-06-23,2001-06-16,RS,3236.24,partner
3833,2025-07-05,1956-01-22,MG,25091.43,social_media
3834,2026-03-08,1985-01-04,PE,21625.83,organic
3835,2025-05-09,2005-02-10,CE,11116.24,paid_search
3836,2026-05-24,1954-05-01,PE,23444.78,paid_search
3837,2025-08-10,2004-09-14,RS,14687.74,organic
3838,2024-03-13,1987-07-25,PR,20786.23,paid_search
3839,2025-04-01,1977-06-11,RJ,13322.68,paid_search
3840,2023-10-08,1951-04-22,RJ,5572.35,paid_search
3841,2026-08-15,2004-08-23,RS,3753.79,paid_search
3842,2024-04-21,1987-07-25,RS,28281.06,paid_search
3843,2025-03-07,1954-04-14,PR,22914.97,organic
3844,2025-12-18,1974-06-08,PE,21305.77,organic
3845,2023-08-29,2000-12-04,SP,11847.58,social_media
3846,2025-09-29,1997-09-26,MG,11736.6,social_media
3847,2026-05-24,1968-07-22,PE,1808.1,social_media
3848,2023-04-26,1959-12-27,BA,24254.97,partner
3849,2025-12-29,1977-09-23,BA,24114.0,partner
3850,2025-01-12,2003-11-13,RS,12794.87,organic
3851,2023-03-09,1981-11-07,CE,4827.29,paid_search
3852,2026-01-26,2004-10-21,BA,24396.1,organic
3853,2024-11-20,1994-10-01,SP,9018.17,partner
3854,2025-01-21,2003-12-10,BA,9051.45,paid_search
3855,2023-05-11,1995-08-26,RS,27445.91,organic
3856,2024-04-05,1964-05-05,BA,22260.6,paid_search
3857,2023-07-18,1966-09-27,RJ,16969.5,referral
3858,2023-02-02,2007-11-15,PR,28898.44,referral
3859,2025-12-09,1982-05-06,MG,21704.43,organic
3860,2024-02-19,1991-09-22,PE,27809.57,referral
3861,2023-05-08,2005-10-21,RJ,14362.81,partner
3862,2023-07-31,1997-06-30,BA,29914.46,social_media
3863,2023-10-28,1980-07-09,RS,1729.74,referral
3864,2025-06-15,1968-12-19,MG,14841.84,partner
3865,2024-11-05,1953-10-09,MG,3794.47,referral
3866,2023-04-09,1989-04-13,RS,14209.53,social_media
3867,2025-03-06,1963-07-31,RJ,10387.18,partner
3868,2025-03-01,1982-05-04,PE,18167.25,organic
3869,2023-01-02,1956-07-31,RS,4862.21,referral
3870,2025-03-12,1981-06-26,PE,17395.87,referral
3871,2026-04-01,1966-08-04,CE,15559.0,partner
3872,2024-02-13,1987-12-26,BA,1701.22,partner
3873,2024-10-23,1959-11-01,PE,8290.3,referral
3874,2025-10-16,1968-02-08,BA,19296.51,partner
3875,2023-06-06,2003-07-13,CE,15415.68,referral
3876,2023-12-12,1984-02-10,RJ,20564.84,paid_search
3877,2024-06-02,1998-09-28,BA,5456.82,organic
3878,2024-07-05,1955-10-15,PE,2521.37,organic
3879,2024-12-13,1967-02-13,BA,20287.23,organic
3880,2024-11-10,1958-07-26,RJ,6541.17,referral
3881,2023-12-13,1973-09-21,BA,25165.0,paid_search
3882,2026-08-16,1977-03-14,CE,4257.72,organic
3883,2025-04-29,1983-04-05,RJ,7339.11,partner
3884,2024-05-20,1987-12-22,SP,20751.75,social_media
3885,2025-04-30,1956-12-17,CE,28856.41,partner
3886,2023-05-17,1990-10-31,CE,7808.19,organic
3887,2024-10-08,1993-08-25,BA,25336.9,paid_search
3888,2026-01-26,1973-04-02,RJ,20578.21,partner
3889,2025-11-07,1959-07-09,RJ,1891.35,referral
3890,2023-10-27,2007-09-25,PR,8626.6,referral
3891,2023-04-09,1956-10-08,SP,1701.7,organic
3892,2025-01-06,1986-11-06,SP,7568.22,social_media
3893,2024-10-19,1990-12-03,BA,18426.58,social_media
3894,2023-04-26,1955-06-25,PE,6389.81,social_media
3895,2025-07-21,2004-06-11,PR,24780.56,social_media
3896,2023-06-11,1987-08-31,CE,17315.84,partner
3897,2025-10-20,1978-12-20,RJ,27976.1,paid_search
3898,2026-03-09,1959-09-14,MG,7317.38,partner
3899,2023-04-07,1953-10-07,SP,21246.32,social_media
3900,2025-11-01,1977-12-02,RS,25525.49,referral
3901,2024-08-20,1961-09-02,PR,6854.47,paid_search
3902,2024-09-21,2005-05-07,CE,3310.6,organic
3903,2024-09-09,1997-12-23,SP,27634.15,referral
3904,2023-09-25,1971-05-04,CE,6316.04,organic
3905,2023-08-27,1978-02-19,BA,26239.8,paid_search
3906,2025-07-03,1969-04-03,RJ,29315.53,partner
3907,2025-06-04,1971-09-05,MG,6156.04,paid_search
3908,2025-06-12,1980-02-08,PR,21470.65,partner
3909,2024-12-06,1993-12-03,SP,25224.48,organic
3910,2024-10-07,1993-08-13,MG,21108.83,paid_search
3911,2023-10-05,1970-12-06,MG,7294.3,paid_search
3912,2023-11-26,1988-10-10,PR,25546.37,paid_search
3913,2026-02-01,2001-08-08,CE,26848.81,referral
3914,2025-11-08,1972-11-24,SP,20251.73,referral
3915,2023-01-09,1989-11-20,RJ,5485.32,social_media
3916,2023-08-15,1984-10-12,MG,12854.84,organic
3917,2024-04-20,1969-10-17,PE,23284.56,social_media
3918,2026-05-31,1989-12-25,BA,23112.78,organic
3919,2023-02-20,1961-01-21,RJ,6082.93,social_media
3920,2023-06-06,1993-06-18,SP,3456.23,partner
3921,2025-02-07,1972-07-13,PR,26242.79,referral
3922,2024-09-10,1954-04-02,PE,14134.5,referral
3923,2025-03-26,1979-02-23,BA,28611.37,referral
3924,2024-12-02,1998-10-10,RS,4132.38,social_media
3925,2023-07-13,1988-05-30,MG,4529.27,organic
3926,2023-10-29,1965-01-17,PE,1627.29,paid_search
3927,2023-08-29,2003-03-11,CE,17522.63,paid_search
3928,2024-11-21,1994-09-28,PE,4516.22,organic
3929,2024-12-14,1987-10-24,SP,23238.75,organic
3930,2025-01-14,2005-11-30,RJ,6785.77,partner
3931,2025-06-16,1968-07-18,BA,6542.83,paid_search
3932,2025-05-28,1996-03-07,PR,29797.33,organic
3933,2025-03-23,1951-06-06,SP,25165.43,social_media
3934,2023-07-13,1983-09-24,PE,22045.34,social_media
3935,2023-05-22,1979-05-31,PR,5670.19,organic
3936,2024-07-28,1994-03-29,CE,24997.98,partner
3937,2023-05-30,1955-09-09,RJ,26173.81,referral
3938,2023-02-05,1961-02-18,BA,25856.49,social_media
3939,2025-05-29,1962-01-29,RJ,14271.9,paid_search
3940,2023-01-26,1965-12-01,SP,6025.12,organic
3941,2024-06-27,1972-08-12,MG,14164.75,partner
3942,2024-06-05,1969-09-18,RS,15574.81,social_media
3943,2024-04-16,1983-01-09,PE,25165.84,referral
3944,2025-07-06,1961-02-20,MG,8810.28,paid_search
3945,2023-04-04,1993-03-25,BA,11810.34,social_media
3946,2025-06-18,2003-01-30,MG,25580.29,referral
3947,2023-08-26,1966-03-02,PE,28096.89,paid_search
3948,2023-04-23,1975-10-06,RJ,18820.34,paid_search
3949,2026-01-02,1971-11-09,MG,25054.75,paid_search
3950,2025-11-05,1953-01-03,SP,10179.41,partner
3951,2024-01-21,1965-01-10,RJ,9115.62,paid_search
3952,2024-11-27,1999-04-24,MG,27582.14,referral
3953,2024-09-23,2004-04-03,CE,11926.47,partner
3954,2024-03-12,1993-12-27,RS,2492.09,partner
3955,2025-10-05,1952-06-18,BA,2744.58,social_media
3956,2023-07-30,1951-09-28,RJ,18201.52,partner
3957,2024-03-31,1985-05-06,PE,20196.04,referral
3958,2025-06-15,2004-12-08,RJ,10705.89,organic
3959,2023-07-09,1958-07-06,PE,29733.91,organic
3960,2023-04-01,1992-06-07,SP,15966.81,social_media
3961,2026-03-04,1987-07-11,CE,23820.11,organic
3962,2024-11-05,1971-12-27,RS,10876.21,partner
3963,2023-01-30,1958-07-18,PR,28187.04,organic
3964,2025-09-19,2007-05-10,RJ,8722.5,paid_search
3965,2025-02-24,1993-08-29,BA,7089.7,social_media
3966,2025-04-19,1988-05-20,BA,29427.95,partner
3967,2024-02-23,1999-01-03,SP,2974.36,organic
3968,2024-11-23,2001-12-19,BA,7706.03,organic
3969,2023-07-17,1968-01-15,MG,15762.63,organic
3970,2024-11-01,1981-12-31,RJ,25018.25,organic
3971,2023-09-27,1981-10-14,BA,10268.89,social_media
3972,2026-07-31,1996-01-09,RJ,15645.9,partner
3973,2024-07-07,1983-06-08,MG,26289.69,referral
3974,2023-08-18,1978-12-27,SP,17709.32,partner
3975,2025-10-03,1987-04-15,RJ,12937.01,social_media
3976,2023-10-20,1994-01-27,PR,9950.26,social_media
3977,2025-03-02,1962-10-30,RJ,19941.88,paid_search
3978,2026-05-18,1991-03-05,PE,16435.9,paid_search
3979,2024-12-12,1966-01-01,SP,25524.29,partner
3980,2025-10-17,1972-10-20,RJ,17836.19,paid_search
3981,2025-06-03,1961-02-04,SP,28678.23,organic
3982,2024-04-06,1992-01-10,BA,24360.68,social_media
3983,2024-04-11,1988-06-11,PE,19317.7,partner
3984,2025-10-24,1999-09-01,PE,16738.79,paid_search
3985,2023-05-11,1994-11-04,RS,11220.19,organic
3986,2024-02-16,1993-01-25,PR,5485.11,social_media
3987,2026-08-23,2005-11-08,BA,24796.65,partner
3988,2023-08-23,2007-05-29,PE,29989.61,social_media
3989,2023-02-05,2006-10-31,RS,4300.74,paid_search
3990,2025-09-06,1984-06-02,MG,18602.76,referral
3991,2024-03-08,1992-03-30,CE,14375.17,referral
3992,2024-11-05,1959-01-09,CE,6707.92,partner
3993,2025-12-18,1967-02-05,SP,26752.52,paid_search
3994,2023-02-04,1968-11-01,CE,18851.04,social_media
3995,2023-10-17,1972-01-05,PE,15992.32,partner
3996,2025-09-19,1995-01-25,BA,11868.33,organic
3997,2023-11-22,1981-04-11,MG,8980.04,organic
3998,2023-11-10,1974-09-25,BA,7693.88,referral
3999,2025-09-20,1960-01-19,PR,21812.52,organic
4000,2025-01-28,1991-07-17,CE,22340.16,partner
4001,2026-04-28,1976-07-23,MG,16828.59,referral
4002,2023-08-23,1968-07-13,MG,23017.23,social_media
4003,2025-08-27,1962-03-12,CE,17757.01,organic
4004,2025-08-18,2001-06-01,RJ,29297.36,referral
4005,2025-07-21,1978-09-24,CE,5625.92,referral
4006,2026-01-25,1966-09-23,MG,7725.26,partner
4007,2024-10-10,1968-04-26,PR,12335.47,social_media
4008,2026-03-26,1977-04-07,PR,21093.97,organic
4009,2023-12-13,1998-03-12,MG,16987.71,partner
4010,2025-07-23,1974-12-28,CE,12660.23,social_media
4011,2023-11-08,1977-05-28,RJ,5995.27,paid_search
4012,2024-11-12,1999-09-02,SP,3779.92,partner
4013,2026-05-11,1987-11-25,BA,2448.23,social_media
4014,2024-01-29,1998-10-24,PE,20089.47,partner
4015,2024-05-03,1980-07-26,RJ,9861.23,partner
4016,2024-02-16,1987-02-10,RJ,4844.88,paid_search
4017,2023-07-27,1995-04-05,RJ,29602.29,partner
4018,2023-11-10,1974-07-02,BA,5806.36,social_media
4019,2023-03-13,1984-03-08,RS,15550.34,organic
4020,2024-11-09,2004-08-10,SP,10157.07,organic
4021,2025-01-11,1982-07-29,SP,16672.43,paid_search
4022,2024-12-23,1994-08-17,SP,2097.85,social_media
4023,2026-03-20,1989-12-08,RS,20913.29,referral
4024,2025-06-18,2002-02-10,MG,24123.35,social_media
4025,2025-05-05,1983-02-04,BA,3233.91,social_media
4026,2026-08-30,1966-06-14,BA,24260.64,partner
4027,2025-05-10,1966-10-19,PE,11758.34,social_media
4028,2025-11-17,2005-05-26,RS,9790.14,referral
4029,2024-03-15,1952-10-04,RS,2670.18,partner
4030,2025-07-11,1989-04-14,PR,23080.18,social_media
4031,2025-07-30,1997-12-15,RJ,18467.63,organic
4032,2025-12-24,1990-12-28,MG,13133.12,referral
4033,2023-09-28,1965-04-09,BA,10444.03,social_media
4034,2023-02-22,1957-12-26,PE,13185.26,social_media
4035,2025-10-23,1985-12-12,CE,6489.68,paid_search
4036,2024-06-06,1969-03-21,SP,21079.54,partner
4037,2025-08-31,1996-09-10,CE,22637.41,partner
4038,2023-07-15,1992-01-12,BA,13852.97,social_media
4039,2023-07-24,1993-10-23,RS,22911.47,social_media
4040,2023-02-04,1953-06-06,RS,2974.01,social_media
4041,2023-04-03,1989-04-02,PE,11365.22,referral
4042,2025-05-28,2001-11-01,BA,11618.97,paid_search
4043,2024-07-20,2005-12-28,MG,25119.51,social_media
4044,2024-11-25,1983-08-30,PE,19763.31,partner
4045,2023-01-30,2003-10-15,SP,1704.97,partner
4046,2023-12-17,1972-08-19,CE,26251.83,partner
4047,2025-03-10,1986-10-24,PE,5673.09,organic
4048,2023-08-11,2007-12-01,MG,5887.91,referral
4049,2026-07-15,1996-11-07,CE,23510.25,paid_search
4050,2024-09-26,1978-11-03,SP,27991.46,organic
4051,2025-09-26,1972-06-15,BA,11870.5,referral
4052,2025-06-12,1959-05-01,CE,20732.04,organic
4053,2025-08-28,1959-05-10,PE,3522.15,organic
4054,2025-07-03,1972-12-09,PE,13654.72,social_media
4055,2025-01-01,1959-06-19,RS,3090.0,partner
4056,2026-07-04,1951-02-18,SP,2100.85,partner
4057,2024-05-07,1974-09-01,RJ,3365.57,organic
4058,2025-03-29,1985-09-14,CE,5381.75,organic
4059,2025-06-04,1961-02-18,PE,27186.24,social_media
4060,2023-08-16,2004-12-29,CE,3913.01,partner
4061,2025-07-07,1997-10-18,BA,12765.84,paid_search
4062,2023-03-15,1986-12-05,CE,20876.82,social_media
4063,2025-08-27,1953-10-11,BA,10893.03,social_media
4064,2024-09-28,1957-03-18,CE,22658.26,organic
4065,2026-06-06,1970-12-30,CE,6411.02,referral
4066,2023-01-07,1964-02-11,RS,23684.42,organic
4067,2024-01-20,2001-03-21,PR,11455.16,partner
4068,2026-01-27,1960-12-30,PE,29200.07,paid_search
4069,2025-12-29,1957-10-10,CE,24374.43,organic
4070,2023-07-15,1958-11-29,CE,24648.17,social_media
4071,2025-05-23,1996-02-09,RS,24830.49,referral
4072,2024-02-12,1977-09-28,CE,26768.22,referral
4073,2023-10-21,1964-06-16,MG,13132.69,organic
4074,2023-07-06,1980-05-29,SP,16317.32,referral
4075,2025-03-24,1980-01-24,BA,22556.43,partner
4076,2023-11-24,1956-07-22,CE,17151.06,social_media
4077,2023-11-04,1986-08-01,PR,25135.93,paid_search
4078,2025-05-26,1997-11-04,RS,22578.67,paid_search
4079,2023-11-11,1981-11-09,CE,2177.66,paid_search
4080,2023-01-06,1998-05-06,PE,19567.64,partner
4081,2025-02-09,1997-03-24,BA,23914.92,paid_search
4082,2024-09-02,1990-05-06,RJ,14315.55,social_media
4083,2024-12-09,1961-10-10,RJ,26936.86,social_media
4084,2024-03-26,2004-01-21,SP,20443.76,referral
4085,2026-02-18,1957-01-18,BA,6903.31,referral
4086,2023-02-20,1968-12-31,RS,23637.15,social_media
4087,2026-07-02,2007-12-29,MG,9272.39,partner
4088,2023-02-19,1971-05-14,PE,21411.1,referral
4089,2023-10-31,1978-10-02,CE,11309.62,organic
4090,2024-03-30,1970-06-14,BA,8220.3,social_media
4091,2026-02-22,1953-04-06,BA,22379.73,partner
4092,2024-05-18,1951-12-10,PE,15541.39,referral
4093,2023-02-19,1957-08-28,PE,26394.54,paid_search
4094,2024-10-26,1997-05-19,PR,19918.98,social_media
4095,2026-07-02,1983-05-12,PR,27749.06,referral
4096,2023-04-06,2003-02-09,BA,9502.27,social_media
4097,2026-05-27,1976-04-17,PR,2107.75,partner
4098,2023-05-27,1962-09-17,CE,5729.77,social_media
4099,2025-11-28,1977-02-13,BA,29695.13,organic
4100,2023-11-24,1956-11-03,MG,15656.57,referral
4101,2024-07-03,1972-04-21,MG,3158.24,referral
4102,2023-02-06,1974-07-26,CE,20373.03,partner
4103,2024-09-22,1967-12-18,CE,23539.64,partner
4104,2025-05-02,1989-03-26,RS,25001.21,referral
4105,2024-12-20,1986-10-02,CE,12487.66,partner
4106,2026-08-23,1963-04-25,PR,11271.44,paid_search
4107,2025-04-12,1968-07-01,CE,7116.05,referral
4108,2023-11-16,2001-06-04,PE,15552.42,paid_search
4109,2026-03-09,1972-08-08,CE,4763.1,referral
4110,2024-10-10,1992-07-18,PE,1538.02,social_media
4111,2024-03-18,1999-11-25,PE,14737.0,paid_search
4112,2023-10-09,1985-10-18,RS,17202.73,partner
4113,2024-05-22,1953-08-10,RS,26960.2,organic
4114,2023-06-19,2004-10-05,SP,4865.84,referral
4115,2023-12-23,1992-05-01,CE,23017.59,paid_search
4116,2023-08-27,1998-05-31,CE,27862.3,organic
4117,2026-01-20,1984-03-30,CE,26727.15,organic
4118,2025-04-19,1966-02-19,PR,6662.66,partner
4119,2026-05-01,1954-10-06,BA,6079.09,social_media
4120,2025-08-17,1989-12-28,CE,6068.4,partner
4121,2025-05-02,1954-11-25,RS,22070.64,partner
4122,2024-07-01,1954-04-16,PE,11346.87,referral
4123,2023-06-18,1966-01-07,CE,10177.83,organic
4124,2026-06-15,1996-06-19,PE,21695.2,paid_search
4125,2023-05-09,1990-04-29,RS,12250.22,referral
4126,2023-06-18,1962-01-06,PE,28439.77,organic
4127,2024-05-22,1954-10-23,CE,10952.56,social_media
4128,2023-09-26,1983-06-25,MG,19767.26,referral
4129,2026-01-21,1964-08-12,RJ,8751.95,referral
4130,2026-05-17,1995-01-26,BA,26977.75,social_media
4131,2026-03-27,1994-06-25,CE,7109.93,partner
4132,2026-06-12,1954-08-08,RS,21291.83,referral
4133,2026-08-30,1973-05-18,MG,5936.0,paid_search
4134,2023-06-15,1961-11-12,CE,16103.07,paid_search
4135,2024-02-20,1969-09-12,PE,7298.3,referral
4136,2023-05-31,1995-10-18,CE,29405.61,social_media
4137,2024-05-26,1989-06-18,MG,19200.47,social_media
4138,2024-09-17,2007-07-13,PR,13135.1,partner
4139,2025-01-31,1956-12-29,PR,29945.41,social_media
4140,2023-05-21,1960-04-09,PR,20575.65,partner
4141,2023-07-19,1980-03-06,RJ,5887.44,partner
4142,2023-04-30,1968-12-27,RJ,25889.77,partner
4143,2025-07-30,1989-09-19,RS,24549.74,paid_search
4144,2023-09-28,1980-06-02,RJ,29264.75,social_media
4145,2025-01-14,2005-05-30,RS,3670.53,social_media
4146,2026-01-31,1953-10-05,MG,7762.19,social_media
4147,2023-03-10,1975-08-13,MG,11629.64,social_media
4148,2026-03-01,1955-06-02,SP,15347.22,partner
4149,2024-02-11,1974-03-07,MG,18641.34,social_media
4150,2026-02-04,1985-05-10,RS,18789.62,referral
4151,2023-11-15,1997-06-04,SP,28426.57,organic
4152,2024-03-30,1975-10-28,PE,27123.45,social_media
4153,2023-07-30,1973-09-12,RJ,10103.03,partner
4154,2024-02-09,1960-05-07,SP,20778.37,organic
4155,2025-05-17,1995-06-16,PR,15459.04,paid_search
4156,2026-06-02,1976-08-29,RS,19784.17,organic
4157,2026-05-18,1984-11-17,MG,23594.61,organic
4158,2026-05-24,1970-11-14,BA,24213.87,partner
4159,2023-01-24,1999-06-29,SP,28312.39,organic
4160,2023-12-16,1998-10-20,RJ,10604.35,referral
4161,2025-04-10,1972-04-20,RS,12376.5,partner
4162,2024-02-19,2000-03-16,SP,1636.49,referral
4163,2025-09-18,1959-04-08,MG,24292.19,referral
4164,2023-04-29,1984-02-14,MG,19519.02,organic
4165,2024-03-24,1967-08-08,SP,27362.79,partner
4166,2024-06-06,1958-01-26,RS,20482.07,referral
4167,2026-03-29,1978-11-26,BA,16245.11,paid_search
4168,2025-07-14,2001-02-19,RJ,5072.39,social_media
4169,2025-04-27,1974-01-26,MG,14083.58,organic
4170,2023-06-22,1991-03-09,PR,11005.9,paid_search
4171,2024-01-21,1994-12-10,CE,8904.64,paid_search
4172,2023-01-06,1980-09-21,RJ,16881.65,referral
4173,2025-01-08,1954-05-29,RJ,18269.32,paid_search
4174,2023-11-14,1959-02-26,CE,28242.8,organic
4175,2025-05-27,1982-01-08,PE,8493.31,partner
4176,2026-07-01,1977-06-29,PR,23260.98,partner
4177,2025-02-27,1961-10-03,SP,29257.9,social_media
4178,2023-03-13,1973-10-29,CE,7799.21,partner
4179,2026-01-22,1959-01-13,PR,20801.96,social_media
4180,2024-08-31,2007-07-07,PE,18120.03,referral
4181,2026-02-25,1971-04-11,MG,5103.06,referral
4182,2025-12-03,1985-07-19,RS,13791.53,partner
4183,2025-06-19,1957-09-11,PE,8590.71,paid_search
4184,2023-01-24,1994-04-02,RJ,14729.41,organic
4185,2024-09-14,1958-04-11,RJ,28674.39,referral
4186,2025-05-07,1957-09-20,RJ,18948.75,referral
4187,2024-09-16,1978-10-31,RJ,26410.3,partner
4188,2025-06-09,1999-12-27,SP,8699.17,paid_search
4189,2024-12-23,1961-07-15,RJ,24017.12,paid_search
4190,2024-07-22,1983-09-19,RJ,27321.18,referral
4191,2023-11-12,1979-05-05,PR,20926.99,organic
4192,2025-02-14,1953-12-29,RJ,1900.32,referral
4193,2023-08-05,1973-03-11,CE,19223.02,social_media
4194,2023-03-21,1984-09-08,RJ,28467.71,organic
4195,2024-09-09,1958-10-30,RS,14095.76,paid_search
4196,2025-11-23,1963-11-21,BA,3259.91,partner
4197,2024-07-24,1994-05-05,BA,14576.55,paid_search
4198,2023-05-19,2002-01-07,MG,21851.32,referral
4199,2024-12-15,1957-09-03,RS,18174.65,organic
4200,2023-03-04,1960-05-02,BA,29585.25,paid_search
4201,2024-08-07,1991-10-28,SP,13745.45,organic
4202,2024-04-28,2003-05-04,MG,9456.91,referral
4203,2023-10-10,2004-12-08,PE,23198.19,partner
4204,2024-12-28,1951-07-30,PR,8297.71,organic
4205,2023-12-22,1978-04-25,RJ,17452.06,paid_search
4206,2026-05-23,1998-04-13,PE,6614.7,referral
4207,2024-07-11,1978-10-27,MG,5096.74,organic
4208,2025-07-27,1993-08-10,PE,28420.9,paid_search
4209,2023-04-23,1961-04-16,MG,12863.39,paid_search
4210,2023-02-19,1983-08-12,SP,19973.36,partner
4211,2023-06-13,1986-10-28,PR,24161.69,organic
4212,2025-05-05,1975-11-10,CE,21897.53,referral
4213,2026-02-02,1989-12-19,RS,12877.9,social_media
4214,2023-07-19,1954-05-12,RJ,18216.0,partner
4215,2023-09-13,1955-12-14,PE,19981.9,organic
4216,2025-05-08,1975-12-11,CE,26905.61,partner
4217,2025-02-08,2006-04-19,PE,10466.66,organic
4218,2023-10-18,1983-01-09,SP,8780.86,paid_search
4219,2023-05-14,1980-06-01,BA,24684.82,paid_search
4220,2025-07-21,1978-11-04,CE,17200.34,referral
4221,2023-09-01,1970-01-20,RS,2728.57,organic
4222,2023-02-09,1998-11-27,MG,5298.25,referral
4223,2025-08-03,1984-09-02,RJ,22911.41,social_media
4224,2025-08-27,1969-08-24,SP,25905.41,organic
4225,2026-02-15,1955-02-08,PE,7529.34,organic
4226,2025-04-03,1986-03-28,SP,11485.14,referral
4227,2025-09-16,1998-01-09,RJ,20922.1,referral
4228,2026-02-15,1961-07-10,RJ,24247.21,referral
4229,2023-06-03,1951-09-13,CE,6614.51,partner
4230,2023-01-27,1991-05-27,PR,28647.06,referral
4231,2024-06-20,1951-01-30,PE,15382.49,referral
4232,2023-04-15,1987-05-28,CE,6224.29,referral
4233,2023-09-07,1957-11-01,RS,12079.85,social_media
4234,2023-04-19,1962-06-02,PR,17665.25,social_media
4235,2026-06-02,1965-04-29,MG,13836.59,social_media
4236,2023-01-30,1966-04-04,SP,10055.48,referral
4237,2025-06-27,1967-11-08,BA,6490.71,paid_search
4238,2026-03-13,1956-05-01,BA,14491.44,paid_search
4239,2024-03-13,1988-02-07,RS,8557.66,paid_search
4240,2025-09-12,2000-01-19,SP,16666.28,paid_search
4241,2026-08-12,1984-11-08,RS,16044.67,referral
4242,2026-04-25,2007-12-07,PE,5767.19,referral
4243,2026-06-11,1957-07-20,CE,7430.75,partner
4244,2025-10-07,1970-02-01,RJ,12092.79,referral
4245,2025-06-27,1991-10-28,BA,28606.45,referral
4246,2023-12-30,1958-10-18,MG,13018.21,referral
4247,2023-09-20,1956-09-03,CE,28343.81,referral
4248,2023-10-10,1965-07-18,PR,3425.86,referral
4249,2024-10-25,1963-11-06,MG,16455.62,paid_search
4250,2023-07-11,2003-02-03,RJ,17068.61,social_media
4251,2023-11-25,1961-04-29,RJ,22926.48,referral
4252,2026-05-09,1956-09-22,CE,3521.93,referral
4253,2024-03-23,1973-04-01,PR,21759.84,organic
4254,2024-01-08,1961-03-30,CE,13353.79,paid_search
4255,2026-06-06,2002-01-20,SP,25845.99,social_media
4256,2025-05-01,2001-08-08,RS,1670.27,paid_search
4257,2023-09-12,1991-11-03,BA,28165.53,organic
4258,2023-05-30,1964-12-20,RJ,28563.01,organic
4259,2026-07-27,1987-05-29,BA,27250.71,social_media
4260,2025-11-07,1952-05-11,CE,5160.91,partner
4261,2026-07-11,1960-10-03,RJ,9107.31,partner
4262,2024-02-12,1980-10-31,BA,2726.27,organic
4263,2025-05-15,2003-07-19,CE,22674.62,partner
4264,2025-12-29,1964-04-12,SP,24439.44,referral
4265,2023-05-10,1966-10-01,RJ,20138.54,organic
4266,2025-04-29,2006-02-04,PR,18758.34,paid_search
4267,2024-09-16,1959-08-24,SP,18251.52,organic
4268,2023-08-15,1955-03-10,SP,21684.31,referral
4269,2025-11-20,1990-12-04,RS,18276.98,paid_search
4270,2026-04-15,1979-08-18,MG,19341.03,organic
4271,2023-07-30,1975-09-08,PR,22727.33,social_media
4272,2026-05-14,1968-12-20,PR,8726.18,referral
4273,2026-03-29,1992-01-11,PR,3440.13,referral
4274,2023-06-04,1983-05-06,SP,9127.25,social_media
4275,2024-04-09,1965-11-04,RJ,23842.16,referral
4276,2025-01-25,1960-01-03,BA,21904.78,referral
4277,2024-06-26,2001-10-23,SP,10396.49,social_media
4278,2026-04-24,2003-07-05,RS,23292.26,organic
4279,2023-10-19,1979-08-23,SP,28721.93,referral
4280,2023-08-01,2005-01-23,MG,23913.31,social_media
4281,2023-06-22,1965-08-15,RJ,9785.23,paid_search
4282,2026-04-28,1983-12-22,RJ,16642.14,paid_search
4283,2024-02-18,1957-08-13,PR,25688.09,referral
4284,2023-10-15,1965-02-12,RJ,18033.09,social_media
4285,2025-05-29,1993-05-15,RJ,19391.36,paid_search
4286,2026-08-17,1996-12-01,BA,27584.65,organic
4287,2026-01-19,2003-05-13,MG,12761.21,organic
4288,2023-09-02,1986-06-23,BA,25079.95,referral
4289,2023-03-14,1964-10-14,MG,2554.77,partner
4290,2024-11-11,1990-03-13,RS,4232.9,organic
4291,2026-06-07,1972-08-30,RJ,16475.18,partner
4292,2023-11-06,1963-09-17,RJ,10769.8,social_media
4293,2025-07-02,2000-07-08,RJ,4549.54,social_media
4294,2023-02-05,1966-11-14,PR,18394.64,social_media
4295,2024-12-12,1987-12-31,SP,8753.22,referral
4296,2024-01-10,1999-01-17,RS,4735.28,social_media
4297,2023-09-03,2000-06-03,RJ,25666.16,paid_search
4298,2026-01-18,1958-08-04,PE,10058.64,organic
4299,2025-02-07,1966-11-25,CE,26491.17,partner
4300,2023-10-16,1951-03-11,CE,12052.09,partner
4301,2026-06-29,2001-03-31,MG,6765.66,paid_search
4302,2023-09-22,1996-03-21,SP,3156.05,partner
4303,2023-07-13,1974-10-27,SP,28485.14,paid_search
4304,2025-04-07,1984-04-24,PE,1639.33,referral
4305,2025-01-27,1978-02-27,PR,20037.01,partner
4306,2026-07-14,1990-02-01,MG,4630.91,social_media
4307,2026-06-30,2002-10-28,RJ,8761.17,paid_search
4308,2024-10-16,1953-12-13,SP,24345.35,paid_search
4309,2023-06-14,1977-08-09,RJ,4053.11,organic
4310,2025-09-06,1982-11-04,PE,28357.96,partner
4311,2026-05-08,2007-11-01,RS,3296.52,referral
4312,2024-05-23,1951-02-21,MG,9753.84,referral
4313,2025-05-14,1970-04-03,PE,16727.19,partner
4314,2023-01-09,1997-11-15,CE,4822.09,paid_search
4315,2023-05-10,1951-03-26,PE,15994.77,paid_search
4316,2024-12-26,1993-03-23,PE,28091.06,organic
4317,2024-12-12,2002-12-20,MG,3154.26,paid_search
4318,2024-02-03,2003-08-31,BA,9938.36,referral
4319,2025-01-12,1993-01-01,RS,22900.97,partner
4320,2024-06-13,1963-09-26,CE,2681.62,organic
4321,2025-06-07,2006-03-05,RJ,26489.1,paid_search
4322,2023-09-22,1961-03-25,RS,5705.01,partner
4323,2024-06-20,1966-09-27,RS,13617.24,partner
4324,2026-06-09,1992-12-30,BA,10102.33,referral
4325,2024-08-30,1966-10-04,PR,23769.61,social_media
4326,2023-11-23,1966-06-02,PR,29892.38,organic
4327,2024-11-14,1958-07-01,CE,21412.97,organic
4328,2026-03-19,1971-08-23,PE,12470.52,social_media
4329,2025-04-23,1999-10-30,RS,22491.99,partner
4330,2025-01-13,1989-10-05,BA,12868.66,organic
4331,2024-12-30,1988-03-24,MG,3089.84,paid_search
4332,2026-08-29,1996-03-21,RJ,24944.42,referral
4333,2025-05-16,1957-03-04,MG,27281.89,referral
4334,2024-09-05,1956-05-22,MG,4747.31,paid_search
4335,2026-05-07,1985-05-06,MG,5940.95,referral
4336,2024-06-02,2002-02-11,MG,3758.89,social_media
4337,2025-11-19,1952-01-31,SP,19719.53,organic
4338,2025-02-22,1982-11-17,SP,17147.59,social_media
4339,2023-06-18,1951-11-24,PE,8402.59,paid_search
4340,2026-02-14,1953-01-29,RS,2230.03,partner
4341,2026-06-23,2005-08-31,SP,29268.85,partner
4342,2024-03-03,2005-03-27,MG,21428.89,partner
4343,2026-06-02,2004-12-10,RJ,21959.05,referral
4344,2024-07-14,1980-12-05,PR,2499.71,paid_search
4345,2026-07-21,1998-07-05,RS,13742.03,partner
4346,2023-10-25,1974-04-23,SP,26714.53,referral
4347,2024-09-18,1973-04-17,BA,25448.43,social_media
4348,2025-11-17,1991-09-18,MG,10133.06,organic
4349,2025-12-06,2000-08-16,CE,29527.25,referral
4350,2024-04-13,1977-10-24,CE,24408.01,organic
4351,2023-02-27,1998-09-20,PE,21860.6,referral
4352,2025-12-01,2006-05-30,MG,22007.08,social_media
4353,2024-10-26,1959-10-26,RJ,13383.02,paid_search
4354,2024-01-08,1997-05-04,PR,12756.61,paid_search
4355,2025-07-06,1960-07-08,BA,7024.29,paid_search
4356,2023-04-24,1993-12-16,BA,19668.88,paid_search
4357,2024-12-09,1986-04-07,PE,26398.05,referral
4358,2025-07-25,1999-07-28,PE,7398.72,paid_search
4359,2025-06-12,2006-12-28,MG,16835.82,social_media
4360,2023-06-23,1975-04-19,PE,9618.41,organic
4361,2024-06-15,1990-05-13,CE,11171.24,paid_search
4362,2025-10-11,1957-08-27,PR,21547.67,referral
4363,2023-10-17,1998-05-01,MG,25749.08,paid_search
4364,2024-09-13,2001-10-21,MG,3379.82,social_media
4365,2024-12-30,1999-09-10,RS,13133.71,partner
4366,2023-06-18,1984-02-02,PR,28619.44,organic
4367,2025-09-29,1984-01-27,PR,6919.58,organic
4368,2023-03-25,2006-08-20,RJ,12450.49,organic
4369,2024-06-03,2003-09-27,PR,17810.75,social_media
4370,2023-06-19,1988-05-20,PE,20554.35,partner
4371,2024-06-29,1955-12-06,PE,8412.68,partner
4372,2024-09-28,1981-02-28,BA,10905.32,partner
4373,2026-07-29,1966-06-21,MG,28012.99,social_media
4374,2024-03-20,2007-02-16,MG,10386.09,social_media
4375,2023-10-02,1998-04-15,MG,28387.26,partner
4376,2024-06-20,1975-08-17,BA,12961.27,paid_search
4377,2023-12-18,1973-09-30,BA,3961.83,partner
4378,2024-05-10,1975-04-02,RJ,17172.83,paid_search
4379,2023-10-22,1957-06-05,BA,18614.64,paid_search
4380,2025-03-28,1962-02-14,PR,15098.03,paid_search
4381,2026-03-24,1997-07-13,RJ,5082.84,partner
4382,2023-07-08,1999-10-09,PE,15570.95,organic
4383,2024-07-13,1958-04-13,PE,25105.06,organic
4384,2023-10-16,1990-01-19,PR,9092.46,paid_search
4385,2024-06-11,1976-05-03,RJ,6007.88,paid_search
4386,2023-08-30,1978-10-01,PR,7636.71,social_media
4387,2023-11-17,1951-03-27,SP,13740.21,paid_search
4388,2024-08-22,1977-08-13,RS,15473.59,referral
4389,2023-04-16,1989-08-08,PE,15422.38,referral
4390,2024-05-17,1979-01-28,CE,15125.3,social_media
4391,2024-04-15,2001-10-16,CE,4799.38,partner
4392,2025-10-21,1963-09-06,CE,24933.45,organic
4393,2024-05-22,1961-10-31,SP,15250.65,paid_search
4394,2026-04-09,1971-04-22,SP,17169.86,organic
4395,2023-08-23,1971-12-11,PR,21040.38,partner
4396,2025-05-31,1988-02-29,PR,9551.76,partner
4397,2024-06-04,1952-07-11,RS,24044.65,paid_search
4398,2023-05-08,1992-06-03,RJ,14679.25,referral
4399,2024-02-11,1984-07-26,BA,6769.5,social_media
4400,2023-02-13,1955-08-21,PE,13689.97,referral
4401,2024-03-30,1990-08-31,MG,14141.68,social_media
4402,2023-12-19,1983-07-06,PR,24615.52,organic
4403,2023-07-18,1966-12-29,RS,25918.69,partner
4404,2024-06-18,1977-02-01,PE,14749.15,paid_search
4405,2025-04-11,1953-10-19,PR,8944.83,referral
4406,2025-03-14,1966-07-27,BA,18156.87,social_media
4407,2025-04-03,1976-07-11,BA,3036.18,partner
4408,2024-05-24,1982-11-29,BA,24647.16,partner
4409,2025-03-26,1977-10-26,BA,21865.04,organic
4410,2024-02-23,1977-04-19,PR,6239.94,organic
4411,2023-10-24,2007-08-15,PR,25256.08,partner
4412,2024-06-19,1956-12-09,SP,23965.87,social_media
4413,2024-01-15,2006-05-10,PR,8093.91,organic
4414,2024-09-28,2005-04-24,PR,16212.61,referral
4415,2024-03-25,1962-03-04,MG,6543.19,paid_search
4416,2026-05-09,1967-03-10,CE,28159.61,social_media
4417,2024-08-10,1960-06-07,PE,18336.83,referral
4418,2024-12-17,2000-05-05,RJ,14963.44,social_media
4419,2024-03-27,1991-02-10,CE,25395.02,social_media
4420,2025-04-10,2000-03-07,RS,21904.33,organic
4421,2023-01-11,1957-01-12,RJ,29286.91,organic
4422,2025-09-09,2000-08-30,SP,21659.29,social_media
4423,2023-12-03,1968-12-21,MG,8546.21,social_media
4424,2025-11-15,1954-07-10,BA,6979.62,referral
4425,2025-08-12,1976-04-08,SP,25694.72,referral
4426,2025-04-19,1969-03-22,RS,28880.81,paid_search
4427,2026-06-15,2007-06-17,MG,25462.92,partner
4428,2023-06-11,1989-12-02,SP,3742.49,organic
4429,2025-06-11,1991-01-09,PR,16715.47,paid_search
4430,2023-08-03,1989-03-21,RS,3849.43,social_media
4431,2025-01-28,1964-09-25,BA,2350.2,organic
4432,2025-03-30,1966-07-29,SP,25804.75,organic
4433,2024-12-28,1952-02-23,MG,14885.3,organic
4434,2025-02-04,2005-12-07,RJ,5227.54,partner
4435,2025-12-13,1996-10-21,RJ,22292.61,paid_search
4436,2026-08-10,1989-12-14,SP,16680.29,paid_search
4437,2024-08-17,1980-08-24,CE,2510.92,partner
4438,2026-04-28,1986-09-22,PE,3466.97,referral
4439,2024-08-30,2001-02-23,PE,14294.59,partner
4440,2023-12-25,1971-10-12,MG,29700.94,referral
4441,2024-12-20,1976-10-20,PE,14326.63,social_media
4442,2024-09-18,1967-12-16,BA,8759.92,referral
4443,2025-02-28,1999-02-08,MG,9556.82,partner
4444,2023-10-03,1988-08-05,PE,27160.45,social_media
4445,2025-08-04,1997-02-20,PE,29389.92,referral
4446,2023-11-12,1966-05-31,BA,16222.7,organic
4447,2025-06-05,1971-11-23,PE,18741.44,organic
4448,2023-10-19,1999-07-27,PR,4533.91,social_media
4449,2025-01-01,1997-08-03,PE,18366.39,social_media
4450,2023-06-14,1981-04-14,SP,17817.23,referral
4451,2024-08-12,1966-04-06,RJ,9877.03,paid_search
4452,2026-08-01,2002-06-28,PE,25194.94,paid_search
4453,2024-12-03,1993-01-02,SP,23203.6,paid_search
4454,2023-05-19,2007-07-22,SP,16471.65,paid_search
4455,2026-06-09,1993-03-15,PE,18919.9,organic
4456,2023-03-30,1991-09-28,BA,22375.13,referral
4457,2023-07-29,1988-11-27,PE,14078.21,referral
4458,2025-08-15,1982-08-31,PE,3149.06,social_media
4459,2025-02-08,1958-07-30,BA,6615.93,social_media
4460,2024-03-29,1997-03-24,PR,19652.73,partner
4461,2024-09-03,1976-10-01,BA,18857.21,paid_search
4462,2025-04-27,1956-02-22,SP,21083.93,social_media
4463,2023-04-23,1997-03-09,PR,2650.26,organic
4464,2023-01-12,2005-12-05,SP,11933.06,organic
4465,2023-08-24,2005-09-12,PE,14060.65,partner
4466,2025-10-17,2004-03-09,BA,12079.75,partner
4467,2024-05-26,1997-02-09,CE,7551.01,partner
4468,2026-08-09,1995-12-29,SP,23242.57,organic
4469,2025-12-26,1972-05-20,SP,28271.58,social_media
4470,2024-02-06,1988-09-01,PE,11052.55,referral
4471,2026-03-27,1991-04-30,BA,21689.85,paid_search
4472,2023-02-07,1954-05-26,RS,19896.89,organic
4473,2024-09-02,1966-12-20,RJ,20321.97,referral
4474,2025-07-09,1979-11-24,RS,4942.42,paid_search
4475,2023-10-29,1955-11-24,CE,11717.49,partner
4476,2023-04-05,1988-04-26,CE,13636.84,social_media
4477,2024-12-18,1953-05-15,RS,7383.83,paid_search
4478,2025-10-08,2004-09-14,PR,11017.02,organic
4479,2026-01-06,1954-12-06,MG,13242.42,organic
4480,2025-06-22,1951-02-18,MG,7058.1,organic
4481,2026-07-14,1973-04-14,RS,7402.11,paid_search
4482,2023-07-27,1978-01-26,PE,24854.68,organic
4483,2026-03-21,1966-09-09,RJ,2062.7,referral
4484,2026-03-17,1979-10-08,BA,9771.79,partner
4485,2024-10-11,1978-10-22,BA,2779.51,social_media
4486,2026-02-18,1966-02-11,CE,6026.94,organic
4487,2024-01-06,1970-10-04,RS,18515.07,paid_search
4488,2023-12-28,1969-10-27,RJ,1550.47,social_media
4489,2025-10-12,1974-06-04,CE,15388.98,organic
4490,2025-04-07,1982-01-12,MG,14491.19,partner
4491,2026-02-15,1965-03-25,RS,26283.27,paid_search
4492,2026-01-12,1975-10-14,RJ,6087.34,referral
4493,2026-03-10,1987-01-02,PE,20885.26,referral
4494,2026-08-06,1977-06-03,RS,23354.98,referral
4495,2023-05-04,1979-03-09,SP,27471.1,organic
4496,2025-09-23,1994-06-27,PR,6379.03,organic
4497,2026-04-09,1991-11-23,PE,20677.32,partner
4498,2023-12-08,1988-11-27,PR,19833.87,organic
4499,2024-12-17,1954-06-13,PE,22584.91,paid_search
4500,2025-12-28,1988-02-22,PR,12329.15,referral
4501,2023-12-01,1962-02-01,MG,10206.02,social_media
4502,2026-06-21,1997-08-17,MG,28785.22,partner
4503,2025-07-20,2006-02-21,MG,10763.67,organic
4504,2025-01-05,1995-01-07,RS,2298.61,organic
4505,2023-11-28,1992-02-28,BA,15664.26,referral
4506,2026-08-15,1967-12-12,CE,23268.12,referral
4507,2026-05-24,1971-09-30,RS,26192.95,partner
4508,2024-04-25,1956-08-15,PR,27731.02,organic
4509,2024-10-03,1961-11-18,MG,29315.77,social_media
4510,2026-06-19,1995-05-24,CE,8658.53,paid_search
4511,2026-06-13,1954-11-10,SP,11515.79,referral
4512,2023-02-15,1988-12-01,PE,2634.15,paid_search
4513,2025-02-26,1964-02-04,SP,8099.04,organic
4514,2025-12-07,2002-09-24,SP,21236.88,organic
4515,2024-03-19,1992-01-29,RJ,22443.27,partner
4516,2025-07-11,1957-07-27,RS,29703.29,paid_search
4517,2024-04-19,1972-03-07,RJ,16572.88,referral
4518,2024-09-14,1999-01-24,SP,2329.14,paid_search
4519,2026-04-15,1960-01-27,MG,22794.35,organic
4520,2025-09-13,1990-08-02,MG,21304.36,partner
4521,2023-04-14,1996-01-31,PE,12575.01,social_media
4522,2024-11-22,1989-05-21,CE,10185.38,referral
4523,2026-01-28,1987-02-25,RJ,4891.24,referral
4524,2026-08-01,1977-07-05,MG,23145.97,referral
4525,2025-09-12,1980-07-25,BA,15355.31,paid_search
4526,2023-02-28,1958-07-18,PR,18102.8,social_media
4527,2025-04-17,1983-01-31,RS,22536.26,partner
4528,2024-08-11,1974-04-11,MG,21330.67,partner
4529,2023-12-05,1978-12-29,SP,18734.02,referral
4530,2026-07-01,1980-07-28,BA,25811.15,organic
4531,2024-01-08,1952-02-23,CE,6291.86,partner
4532,2025-08-24,1983-01-02,PR,23652.42,partner
4533,2026-06-12,1963-09-06,SP,5414.99,referral
4534,2024-04-05,2003-04-01,RS,23929.54,organic
4535,2026-07-10,1986-04-15,BA,9575.04,social_media
4536,2024-08-30,1969-05-21,CE,14188.66,social_media
4537,2026-05-05,1956-05-21,RS,4527.3,partner
4538,2025-07-15,1996-11-15,MG,2753.26,paid_search
4539,2024-04-22,2003-02-15,PR,10548.87,social_media
4540,2023-03-03,1964-07-31,SP,7460.76,organic
4541,2023-10-06,1983-04-06,RJ,1567.06,paid_search
4542,2023-12-31,1998-03-25,PR,15125.61,referral
4543,2024-07-24,1994-09-20,SP,3284.31,referral
4544,2024-01-18,1993-01-17,RJ,16423.96,partner
4545,2026-08-26,1977-12-10,RJ,16665.49,referral
4546,2024-04-06,1980-01-21,RS,17613.62,referral
4547,2025-03-13,1973-08-09,SP,26468.29,social_media
4548,2025-11-26,1998-06-09,CE,27798.2,social_media
4549,2026-02-21,1964-10-18,PR,18916.74,paid_search
4550,2025-07-06,2007-05-12,PR,26682.99,organic
4551,2023-01-27,1998-03-14,RJ,25781.99,paid_search
4552,2025-03-28,1996-02-14,RS,3148.36,referral
4553,2024-08-10,1960-03-23,SP,11598.86,social_media
4554,2025-03-22,1989-12-15,RJ,20581.03,social_media
4555,2025-10-17,1952-05-25,RJ,6359.35,organic
4556,2026-04-26,1967-09-30,PR,6493.02,paid_search
4557,2025-08-02,2005-04-06,RS,16634.25,partner
4558,2024-06-10,1994-02-17,CE,9363.42,referral
4559,2025-07-01,1967-08-30,MG,3509.81,referral
4560,2024-10-19,1956-10-29,BA,29154.18,paid_search
4561,2023-05-25,1994-05-08,SP,2524.42,partner
4562,2023-02-07,1971-03-29,MG,24689.38,social_media
4563,2024-09-29,1990-09-08,RJ,18222.67,social_media
4564,2024-07-27,1963-12-09,MG,27226.44,paid_search
4565,2025-12-07,1961-11-11,CE,7282.16,referral
4566,2023-12-14,2006-12-15,PE,26068.55,partner
4567,2023-08-13,1990-02-09,BA,28527.27,organic
4568,2024-07-04,1998-12-31,PR,22327.84,organic
4569,2026-07-26,2004-03-24,MG,9760.31,referral
4570,2023-12-05,1951-03-20,SP,28591.94,paid_search
4571,2026-07-29,1958-06-15,BA,24710.37,social_media
4572,2025-09-07,1952-06-01,PR,20852.68,referral
4573,2025-03-15,1960-12-05,RS,20187.9,partner
4574,2023-01-20,1968-06-10,RS,15826.59,partner
4575,2026-05-16,2005-04-10,BA,17145.45,paid_search
4576,2023-08-10,1955-04-17,RJ,6276.69,social_media
4577,2024-05-21,1990-01-07,SP,7369.69,partner
4578,2025-10-15,2007-05-16,CE,24432.5,social_media
4579,2023-09-30,1994-02-02,MG,24998.48,partner
4580,2023-03-17,1998-05-13,RJ,9355.47,organic
4581,2024-02-29,1969-09-26,PR,8183.93,social_media
4582,2024-06-05,1996-10-09,RJ,22274.46,organic
4583,2024-09-15,1958-08-02,PE,12484.52,organic
4584,2026-03-03,1955-03-02,RJ,11970.83,social_media
4585,2023-02-04,1969-06-27,PE,7009.31,paid_search
4586,2023-08-07,1991-06-26,RJ,6832.76,organic
4587,2023-09-28,1978-05-07,RJ,29419.89,referral
4588,2023-11-17,2006-04-26,CE,12654.46,paid_search
4589,2024-05-01,1960-10-04,BA,5583.46,organic
4590,2025-07-17,1959-12-18,BA,16076.27,social_media
4591,2023-12-30,1968-06-07,RJ,5560.85,organic
4592,2024-08-09,1954-06-03,BA,4848.14,organic
4593,2024-10-04,1998-08-28,BA,12631.35,organic
4594,2024-02-01,2007-01-06,RS,6908.83,paid_search
4595,2024-08-10,2007-08-07,PR,29367.29,partner
4596,2024-06-08,1966-05-04,MG,17135.86,paid_search
4597,2023-08-16,1974-01-23,BA,25396.27,social_media
4598,2023-01-06,1981-08-22,RS,10338.21,social_media
4599,2024-12-11,1992-09-10,PR,9408.54,paid_search
4600,2025-02-08,1953-10-17,PR,13810.29,partner
4601,2025-01-21,1969-06-11,MG,5708.89,partner
4602,2024-12-13,1963-06-06,MG,21911.98,paid_search
4603,2024-03-06,2001-11-16,CE,21050.71,paid_search
4604,2024-09-12,1989-06-18,RS,11010.29,partner
4605,2023-07-04,1958-12-03,BA,10299.45,referral
4606,2025-03-30,1971-10-23,CE,19082.45,paid_search
4607,2024-09-29,1971-11-28,RS,7429.96,paid_search
4608,2023-12-01,1979-07-11,CE,12921.14,social_media
4609,2025-09-09,1987-04-14,PE,27073.86,partner
4610,2023-05-01,1953-10-26,BA,26717.57,partner
4611,2025-03-13,1971-04-24,RJ,20497.61,social_media
4612,2024-09-18,1986-10-12,RJ,9901.68,paid_search
4613,2023-12-28,1977-09-25,BA,3533.26,partner
4614,2023-04-11,2007-07-19,MG,12790.26,social_media
4615,2023-08-21,1968-11-18,RS,4321.63,partner
4616,2025-04-11,1960-04-02,PE,13291.9,organic
4617,2026-07-15,1960-03-07,MG,17625.96,paid_search
4618,2025-03-15,1961-09-10,SP,19536.6,social_media
4619,2026-05-19,1998-04-29,CE,10950.99,social_media
4620,2025-07-30,2001-09-20,PR,29465.42,paid_search
4621,2026-03-20,1998-01-22,SP,14915.66,paid_search
4622,2024-07-08,1953-11-26,BA,7756.81,referral
4623,2024-10-13,1997-03-23,RS,16123.38,paid_search
4624,2023-11-19,1968-09-03,RJ,27816.35,partner
4625,2026-06-15,1964-05-17,CE,26038.7,partner
4626,2023-06-04,1984-09-29,RJ,9857.59,organic
4627,2024-10-16,1995-03-18,PE,5320.18,organic
4628,2023-08-16,1993-05-09,BA,28728.07,partner
4629,2024-10-21,2006-03-02,CE,24492.84,referral
4630,2024-01-10,1999-01-16,PE,2852.05,partner
4631,2025-04-09,1964-02-25,BA,28964.91,social_media
4632,2023-04-24,1994-01-31,MG,24854.78,paid_search
4633,2024-02-16,1980-06-06,CE,19035.52,organic
4634,2026-06-30,1971-05-29,SP,9203.11,social_media
4635,2024-08-18,2000-05-04,RS,20477.56,referral
4636,2024-05-16,1985-08-31,PR,14371.25,partner
4637,2023-10-21,1951-11-26,PR,6262.51,referral
4638,2026-04-29,2005-03-21,MG,20215.92,organic
4639,2026-07-15,1961-10-07,BA,11054.68,organic
4640,2024-01-10,2005-08-10,CE,10601.05,social_media
4641,2025-07-22,2005-02-12,MG,14499.9,paid_search
4642,2024-05-15,1997-02-18,SP,4875.59,organic
4643,2025-06-01,1991-08-08,PR,8142.18,organic
4644,2023-02-28,1972-01-14,RS,20242.33,partner
4645,2025-07-21,1961-10-23,RS,9394.01,referral
4646,2023-10-06,1959-05-18,CE,23279.51,organic
4647,2026-06-12,1986-07-29,RS,29825.46,paid_search
4648,2023-06-03,1974-07-16,PE,3031.86,partner
4649,2026-02-19,1972-07-02,CE,9143.69,referral
4650,2026-05-09,1985-12-13,SP,5039.95,organic
4651,2024-03-23,1969-05-09,CE,1915.29,organic
4652,2026-01-02,1972-09-20,SP,3492.73,paid_search
4653,2026-03-19,1982-04-11,BA,16278.53,partner
4654,2023-05-10,1999-12-05,PR,14187.64,referral
4655,2025-12-24,1974-03-28,RJ,4029.04,referral
4656,2023-11-11,2001-09-07,MG,27579.18,social_media
4657,2025-10-31,1995-12-20,PE,3207.36,paid_search
4658,2026-08-29,1976-11-11,RS,2508.89,paid_search
4659,2025-06-22,1990-07-29,PE,17354.56,social_media
4660,2023-09-12,1963-11-25,BA,7719.42,organic
4661,2025-01-21,1952-02-22,RS,10670.28,partner
4662,2025-10-27,1996-02-28,RS,6854.89,partner
4663,2024-08-31,1992-07-23,RJ,27403.87,social_media
4664,2024-01-19,1982-05-05,RS,11336.19,paid_search
4665,2023-02-13,2003-11-21,RJ,4706.77,social_media
4666,2023-12-29,1991-08-30,BA,18711.44,referral
4667,2025-03-05,1994-02-22,MG,10240.04,partner
4668,2025-04-27,1997-12-22,PE,17371.56,referral
4669,2025-03-20,1989-06-20,BA,19243.67,organic
4670,2023-08-17,1977-03-31,SP,18186.3,partner
4671,2023-12-09,1995-05-12,RJ,20775.7,referral
4672,2025-03-07,1960-11-14,MG,21544.83,partner
4673,2025-09-28,1972-07-02,PE,22843.89,social_media
4674,2024-04-07,1960-08-26,SP,17306.72,social_media
4675,2023-11-05,2008-01-01,MG,22488.48,organic
4676,2024-11-27,1997-01-07,CE,2937.85,paid_search
4677,2024-12-10,1985-11-07,PE,10648.15,social_media
4678,2025-02-03,2006-04-07,CE,4751.43,organic
4679,2024-02-11,1969-04-07,PR,8007.18,organic
4680,2024-06-13,1954-04-19,CE,15228.44,paid_search
4681,2024-05-22,1982-08-17,RS,19562.39,partner
4682,2026-03-15,1960-11-18,PR,20749.91,social_media
4683,2026-04-02,1955-06-05,RS,25459.94,paid_search
4684,2025-05-22,1963-07-09,PR,22067.23,social_media
4685,2025-12-18,1982-05-18,PE,7425.35,referral
4686,2026-07-25,2001-04-22,CE,16245.59,organic
4687,2024-12-06,1965-05-07,PE,22241.04,organic
4688,2024-03-18,1967-04-30,CE,1692.13,paid_search
4689,2025-09-09,1960-06-14,PR,15325.58,organic
4690,2026-07-13,1955-06-21,BA,9090.04,referral
4691,2025-07-21,1998-04-17,PR,25356.07,paid_search
4692,2025-08-20,1974-02-03,BA,11249.61,paid_search
4693,2024-06-30,1975-08-29,PE,13215.28,partner
4694,2026-05-22,1994-02-04,RJ,12519.52,organic
4695,2024-02-01,1983-10-17,PE,14453.32,referral
4696,2025-02-16,1971-01-06,MG,8511.02,organic
4697,2024-06-20,1958-05-26,CE,21914.92,partner
4698,2023-10-30,1978-08-08,CE,5563.01,partner
4699,2024-06-16,2004-11-15,BA,12478.39,social_media
4700,2023-07-10,1955-10-25,PR,21877.53,referral
4701,2026-05-19,1980-12-15,SP,7173.34,social_media
4702,2026-06-15,1975-05-31,MG,29031.1,organic
4703,2025-06-04,1995-01-11,PR,13103.83,social_media
4704,2025-03-30,1971-09-11,MG,19020.49,paid_search
4705,2024-06-14,1981-09-02,BA,9419.8,partner
4706,2025-05-30,1986-06-11,RJ,20384.31,organic
4707,2026-06-29,2001-04-03,BA,6746.36,organic
4708,2023-05-30,1980-06-07,SP,12088.75,referral
4709,2024-05-21,1964-04-21,CE,6462.48,referral
4710,2023-12-03,1994-06-22,PE,5524.54,social_media
4711,2024-04-09,1962-12-16,RJ,10774.12,paid_search
4712,2024-02-27,1972-08-11,PR,17264.25,partner
4713,2024-03-11,1993-01-30,PE,5080.37,organic
4714,2026-01-29,1975-01-10,RS,15044.56,paid_search
4715,2023-12-06,1971-05-29,BA,10298.67,paid_search
4716,2025-09-08,1954-10-07,PR,8821.54,social_media
4717,2024-11-25,1992-07-25,MG,5770.84,partner
4718,2024-12-16,1972-05-30,RS,26373.11,social_media
4719,2024-10-22,1969-08-31,MG,25436.47,social_media
4720,2023-03-02,1998-10-14,PR,17882.32,referral
4721,2026-04-12,1974-04-01,PR,7541.65,social_media
4722,2026-07-14,1993-01-23,CE,28500.11,paid_search
4723,2023-06-02,1995-04-16,RJ,28236.83,referral
4724,2025-10-26,1992-04-14,CE,25111.05,paid_search
4725,2026-05-24,1981-01-04,PR,4046.33,social_media
4726,2026-05-03,1963-03-03,PE,13274.35,social_media
4727,2025-08-22,1997-01-15,SP,9725.7,referral
4728,2024-03-30,1978-05-16,SP,22463.73,referral
4729,2024-09-29,1987-09-13,RS,5829.2,partner
4730,2026-03-06,1997-06-14,SP,23872.21,partner
4731,2023-07-28,1952-07-13,SP,18505.19,paid_search
4732,2024-02-19,1954-06-11,PR,20513.73,organic
4733,2023-03-24,1962-09-11,CE,29090.88,referral
4734,2024-03-01,1973-04-28,RJ,20285.3,social_media
4735,2023-12-02,1992-12-26,CE,7006.99,organic
4736,2024-11-17,2003-10-02,PR,13448.39,referral
4737,2026-05-13,1963-10-12,MG,21508.15,organic
4738,2024-10-22,1963-01-18,PE,19356.71,referral
4739,2023-05-09,1961-05-22,BA,5679.86,referral
4740,2026-08-03,1988-09-15,RJ,25344.81,referral
4741,2024-12-19,1954-07-16,SP,7441.72,paid_search
4742,2023-11-17,1981-09-06,RS,19938.26,partner
4743,2023-01-03,1981-03-23,SP,9257.5,organic
4744,2024-05-27,2006-05-16,RS,8989.23,paid_search
4745,2025-10-04,1965-08-22,SP,28241.89,paid_search
4746,2025-06-23,1982-07-05,RS,1621.8,referral
4747,2025-03-30,2006-03-02,MG,13444.62,partner
4748,2024-04-25,1995-07-04,PE,20536.56,referral
4749,2023-05-03,1969-06-17,RS,15969.37,referral
4750,2025-06-17,1999-05-25,MG,10751.83,organic
4751,2023-01-04,1959-04-03,SP,26043.69,social_media
4752,2025-03-25,1995-12-23,BA,16072.52,paid_search
4753,2026-05-14,1989-05-21,BA,3049.58,referral
4754,2026-05-19,1994-02-15,PE,8947.89,paid_search
4755,2026-03-20,2005-04-29,BA,17756.13,referral
4756,2025-04-10,2006-03-21,CE,8667.75,organic
4757,2026-02-08,1992-06-09,PR,12921.5,organic
4758,2024-03-01,1991-04-19,CE,25838.03,organic
4759,2023-01-26,1993-10-10,RS,18578.33,paid_search
4760,2024-12-13,1960-03-18,PR,2633.88,social_media
4761,2024-05-03,1992-03-04,BA,16726.21,paid_search
4762,2023-10-06,1954-11-11,MG,29187.17,organic
4763,2025-02-18,2001-10-07,RJ,22833.78,organic
4764,2023-03-25,2002-10-17,MG,7243.93,referral
4765,2025-06-05,1958-01-17,SP,28853.54,social_media
4766,2024-12-30,1952-03-13,PR,12024.73,social_media
4767,2024-07-02,1983-09-09,RJ,24784.64,paid_search
4768,2026-02-11,2002-05-04,RS,14714.51,social_media
4769,2025-09-13,1969-04-27,PR,18185.81,social_media
4770,2026-07-12,1985-10-02,SP,15094.3,organic
4771,2025-07-11,1964-01-07,BA,12069.77,referral
4772,2025-06-22,1995-02-16,CE,20298.62,social_media
4773,2026-07-14,1976-12-13,RJ,25216.8,partner
4774,2024-03-25,1962-10-15,RJ,1579.79,partner
4775,2023-02-21,1976-12-02,RJ,3836.13,partner
4776,2024-01-23,1960-06-09,RS,16305.9,partner
4777,2025-09-21,1955-02-12,BA,27148.02,social_media
4778,2024-06-16,1971-05-15,PE,20122.85,social_media
4779,2025-03-17,1959-05-10,BA,2537.71,organic
4780,2025-03-07,2007-04-04,CE,7117.58,organic
4781,2024-07-05,1979-11-16,PE,19046.59,paid_search
4782,2024-06-10,2007-10-26,RJ,23752.89,paid_search
4783,2023-09-14,1993-03-21,RS,14175.96,referral
4784,2025-07-14,1962-03-25,PE,10722.76,paid_search
4785,2025-05-02,1987-05-16,MG,6942.46,paid_search
4786,2025-10-19,1979-11-06,RJ,13989.8,paid_search
4787,2025-10-04,1992-02-25,PE,9767.13,organic
4788,2024-05-07,1959-01-02,BA,29179.69,social_media
4789,2025-05-16,1972-03-03,PE,23738.65,referral
4790,2026-06-18,1978-07-22,SP,17304.54,paid_search
4791,2024-04-01,1995-03-20,PR,29156.94,paid_search
4792,2025-05-16,1982-01-28,CE,8790.71,referral
4793,2025-12-21,1965-02-21,RJ,11890.52,referral
4794,2025-11-11,2007-01-27,PR,20245.31,referral
4795,2023-11-19,2003-02-06,BA,9412.52,organic
4796,2024-01-03,1975-05-15,PE,28594.58,organic
4797,2025-08-24,1959-02-17,CE,22370.78,social_media
4798,2025-10-10,2006-05-16,MG,24258.84,social_media
4799,2026-07-23,1964-05-28,RJ,27108.23,partner
4800,2025-08-12,1981-09-08,PR,1994.53,social_media
4801,2025-04-17,1985-05-12,PR,4772.47,organic
4802,2025-07-16,2002-01-08,RS,6057.48,referral
4803,2023-05-14,1961-04-14,PE,15527.9,organic
4804,2026-02-07,1957-02-17,MG,28307.25,referral
4805,2026-05-04,1982-08-20,CE,29692.25,partner
4806,2023-02-22,2007-06-05,RJ,18058.52,social_media
4807,2026-03-19,1953-10-13,RS,1522.0,partner
4808,2024-07-07,1983-04-02,RJ,29696.94,social_media
4809,2024-01-21,1970-07-24,MG,14865.19,paid_search
4810,2025-07-21,1987-02-07,PE,29110.74,organic
4811,2023-05-27,2004-02-27,BA,16283.5,organic
4812,2023-03-03,1984-04-01,MG,5629.39,paid_search
4813,2025-12-05,1958-01-02,PE,9523.35,referral
4814,2023-06-10,1993-06-14,BA,13843.7,paid_search
4815,2024-01-24,1989-09-03,BA,20846.27,partner
4816,2023-02-04,1979-08-01,SP,22128.43,paid_search
4817,2024-12-12,1971-06-14,SP,4432.11,paid_search
4818,2023-08-30,1955-02-19,MG,11570.28,referral
4819,2024-01-12,1953-05-31,PR,8197.99,partner
4820,2023-08-07,2003-10-31,RJ,7697.59,paid_search
4821,2024-09-18,1961-04-17,BA,17739.37,referral
4822,2024-02-11,1976-07-16,SP,18728.71,referral
4823,2026-05-09,1974-03-01,MG,15686.19,social_media
4824,2023-04-29,1999-06-10,RJ,17582.93,paid_search
4825,2024-05-26,1964-08-21,RS,28664.44,referral
4826,2024-09-17,1999-08-13,SP,10701.51,paid_search
4827,2023-03-28,1966-10-27,SP,23288.83,organic
4828,2024-09-28,1955-12-14,PR,11704.1,social_media
4829,2024-11-08,1974-10-17,MG,5863.64,referral
4830,2024-10-18,1982-02-05,MG,8632.06,referral
4831,2026-01-13,2005-09-01,CE,12613.84,social_media
4832,2026-05-05,1987-09-18,PE,13611.54,referral
4833,2025-02-14,1954-04-24,MG,21368.94,social_media
4834,2023-08-26,1984-02-23,RS,22199.9,referral
4835,2023-09-05,1980-05-22,MG,10983.25,partner
4836,2023-01-01,1968-01-22,PR,21750.74,partner
4837,2025-07-20,1977-01-09,PE,24983.73,referral
4838,2025-11-06,2000-07-26,RJ,14367.78,paid_search
4839,2026-08-27,1972-11-03,BA,22719.76,paid_search
4840,2024-01-01,1976-01-31,BA,9406.59,organic
4841,2025-03-27,1964-02-03,CE,12135.97,referral
4842,2026-08-11,1953-11-13,BA,12996.64,social_media
4843,2023-08-17,1975-08-15,RJ,5458.42,referral
4844,2023-07-20,1990-05-11,SP,21944.26,referral
4845,2025-09-13,2006-01-19,RJ,13497.78,referral
4846,2024-09-14,1988-03-27,RJ,29357.38,social_media
4847,2025-08-05,2003-03-31,PR,18259.29,organic
4848,2023-05-14,1962-07-15,RJ,25997.63,paid_search
4849,2025-10-18,1974-11-03,PR,20122.7,referral
4850,2023-05-23,1989-08-30,RS,29354.55,referral
4851,2024-11-04,1955-03-28,SP,2354.88,referral
4852,2024-09-30,1973-11-20,PR,4102.64,referral
4853,2026-01-29,1979-03-09,SP,6168.38,partner
4854,2025-09-09,1956-07-08,SP,10836.53,partner
4855,2025-12-08,1983-05-26,SP,17573.56,referral
4856,2026-08-15,1968-02-18,BA,19984.92,paid_search
4857,2026-06-18,1978-04-10,PR,4345.95,paid_search
4858,2024-07-14,1954-11-14,CE,23616.33,referral
4859,2026-06-03,1975-11-04,BA,10040.03,social_media
4860,2025-04-13,2007-02-01,SP,27730.03,social_media
4861,2026-05-30,1982-12-28,PR,8328.72,organic
4862,2026-04-16,1958-03-13,CE,25400.77,organic
4863,2023-11-10,1969-11-02,RJ,12201.7,social_media
4864,2024-06-26,1952-04-08,MG,7730.73,paid_search
4865,2025-07-21,1964-05-21,PE,20937.18,referral
4866,2023-08-09,2000-10-20,PR,6881.14,organic
4867,2024-02-20,2001-11-08,PE,21627.94,referral
4868,2025-04-18,1962-06-19,BA,18585.06,partner
4869,2023-06-09,1985-10-12,PR,25382.65,social_media
4870,2023-07-26,1955-12-17,RS,29560.48,social_media
4871,2024-09-15,1954-12-31,PR,25018.63,referral
4872,2023-01-16,1969-04-17,MG,26293.84,paid_search
4873,2026-05-21,1956-04-14,MG,18156.64,partner
4874,2025-11-11,1955-05-01,MG,7095.22,social_media
4875,2024-06-29,1997-07-26,PE,19321.17,organic
4876,2025-06-05,1992-06-01,CE,2447.95,partner
4877,2024-01-18,1976-04-22,SP,13386.31,organic
4878,2025-12-06,1962-04-24,SP,4963.77,social_media
4879,2024-12-03,1973-09-11,PR,29782.61,paid_search
4880,2025-08-03,1969-12-09,CE,25683.82,partner
4881,2023-02-10,1996-06-06,SP,10106.73,paid_search
4882,2024-12-12,2004-06-14,CE,11484.14,organic
4883,2026-04-02,1995-04-08,RJ,16887.39,partner
4884,2024-07-21,1956-08-14,CE,25494.49,paid_search
4885,2025-12-26,1964-05-14,BA,10238.74,referral
4886,2025-12-08,1971-11-26,PE,16624.85,paid_search
4887,2024-03-23,1993-04-26,MG,20292.61,social_media
4888,2024-10-05,1964-12-08,RS,29979.29,referral
4889,2024-11-04,1992-04-16,BA,13155.18,paid_search
4890,2023-10-18,1970-06-14,RS,11509.59,paid_search
4891,2023-04-20,1990-04-14,SP,20710.86,partner
4892,2024-11-13,1994-04-06,SP,22987.92,paid_search
4893,2025-02-12,1961-01-19,MG,9878.39,organic
4894,2024-09-24,2003-06-16,MG,28832.4,social_media
4895,2025-10-13,1978-12-15,SP,2042.97,organic
4896,2025-07-29,1951-06-18,SP,5712.31,referral
4897,2025-08-11,1955-05-04,RJ,10521.0,social_media
4898,2023-01-07,1978-09-27,PE,4761.46,paid_search
4899,2026-06-07,1966-11-20,PE,19197.71,referral
4900,2023-09-20,1984-01-29,RJ,15163.82,paid_search
4901,2024-05-15,1996-07-12,CE,7919.55,referral
4902,2026-01-16,2003-03-09,SP,11505.51,organic
4903,2026-05-17,1988-09-08,MG,4026.55,paid_search
4904,2025-03-25,1976-12-15,PE,22713.76,paid_search
4905,2023-04-09,1952-10-25,RJ,11353.4,paid_search
4906,2024-06-12,1967-07-21,PR,23753.11,referral
4907,2025-11-25,1963-12-04,PR,25045.35,organic
4908,2025-07-12,2003-12-04,PE,22869.47,social_media
4909,2023-06-25,1979-04-14,MG,20235.38,organic
4910,2023-11-24,1974-07-01,RS,17973.36,social_media
4911,2024-04-08,1974-04-21,SP,15894.45,partner
4912,2024-04-20,1967-12-07,BA,10348.83,organic
4913,2026-08-31,1957-12-26,RS,5511.24,paid_search
4914,2023-07-27,1986-01-08,PR,18932.12,organic
4915,2025-02-14,1974-02-08,RJ,4979.72,paid_search
4916,2026-03-15,1977-12-15,RS,25327.27,social_media
4917,2025-11-28,1978-09-20,CE,29887.3,social_media
4918,2024-08-23,1978-07-06,PR,20208.08,referral
4919,2023-11-15,1992-10-01,PE,2674.52,paid_search
4920,2024-03-05,1982-06-14,MG,22242.91,social_media
4921,2024-06-23,1976-06-22,RJ,28752.84,social_media
4922,2026-05-10,1976-02-19,SP,19576.93,paid_search
4923,2026-04-24,1976-06-15,CE,14226.53,social_media
4924,2024-08-05,1953-11-03,SP,19188.81,partner
4925,2026-01-10,1991-06-25,PR,23662.32,organic
4926,2024-05-23,1986-12-02,PE,6727.19,social_media
4927,2025-09-30,1990-06-01,RS,10574.11,paid_search
4928,2023-09-07,1982-01-25,PR,26492.22,paid_search
4929,2024-09-30,1951-04-29,MG,16710.53,organic
4930,2023-11-21,1966-02-25,PR,27094.77,referral
4931,2023-04-12,1989-03-04,RJ,28784.84,paid_search
4932,2026-08-15,1954-08-29,BA,10213.58,social_media
4933,2024-11-21,1984-04-03,SP,16296.56,social_media
4934,2024-12-29,1977-04-05,RJ,23202.39,referral
4935,2023-12-20,2001-01-18,RS,5244.01,social_media
4936,2023-10-18,1974-07-27,SP,7713.54,paid_search
4937,2024-03-14,1970-04-07,SP,26748.59,organic
4938,2023-05-01,1951-01-27,CE,21993.55,partner
4939,2024-09-17,1966-12-03,RS,18935.7,paid_search
4940,2023-01-22,1998-09-30,BA,10032.82,paid_search
4941,2024-10-31,1957-03-06,RS,11109.4,partner
4942,2025-07-18,1969-08-20,MG,4637.66,paid_search
4943,2025-12-23,1988-10-10,RS,9233.89,paid_search
4944,2023-06-18,1954-05-23,SP,12362.94,paid_search
4945,2025-10-22,2002-10-12,SP,13267.2,organic
4946,2024-01-30,1972-06-15,PR,15199.6,paid_search
4947,2024-09-22,2005-07-03,PR,26727.09,paid_search
4948,2024-01-19,1958-08-15,PR,12966.38,paid_search
4949,2025-11-03,1972-04-27,BA,6644.69,partner
4950,2024-05-07,1997-04-07,RS,21693.24,partner
4951,2026-02-10,1991-06-27,MG,28933.51,referral
4952,2023-10-24,1998-09-11,MG,23230.88,partner
4953,2023-11-14,1998-08-21,SP,16955.67,paid_search
4954,2024-06-28,1990-01-20,CE,25843.87,partner
4955,2024-08-24,1966-07-29,BA,13859.09,social_media
4956,2025-03-27,1966-10-08,RJ,19871.25,partner
4957,2023-04-16,1960-09-02,PE,26077.3,paid_search
4958,2024-02-14,1997-06-15,RS,27877.7,referral
4959,2026-04-29,1969-04-07,BA,18314.61,paid_search
4960,2023-01-13,1953-10-20,RS,27473.52,organic
4961,2026-02-22,1951-10-25,MG,15929.9,referral
4962,2025-02-09,1978-11-08,RJ,4324.89,referral
4963,2025-09-08,1983-04-22,CE,27186.7,organic
4964,2025-05-25,1989-05-08,PE,21269.18,referral
4965,2023-10-10,1961-06-09,PR,28193.78,paid_search
4966,2026-08-27,1982-12-18,CE,8757.34,referral
4967,2023-11-25,1998-05-11,BA,21134.9,partner
4968,2025-11-23,1978-04-16,RJ,28134.49,referral
4969,2025-05-07,1996-07-30,BA,27042.76,social_media
4970,2023-12-03,2000-09-03,SP,14168.21,partner
4971,2024-01-19,1960-08-26,BA,19362.14,organic
4972,2023-10-21,1954-09-18,RJ,8466.57,referral
4973,2024-03-01,1999-10-24,MG,17518.62,social_media
4974,2023-03-06,1998-01-04,RS,4615.33,paid_search
4975,2024-01-07,1999-10-31,CE,29279.28,organic
4976,2025-10-23,1973-01-08,PE,23618.26,referral
4977,2023-01-19,1965-04-21,PR,3995.26,referral
4978,2024-10-31,1983-04-01,PE,28248.16,partner
4979,2025-11-09,1986-06-24,BA,2858.42,social_media
4980,2026-04-05,1984-08-16,MG,26487.12,referral
4981,2025-02-14,1970-06-22,PR,13881.3,referral
4982,2025-03-28,2001-10-20,BA,25019.13,referral
4983,2024-07-20,1963-04-07,MG,6226.53,paid_search
4984,2024-10-09,1968-01-13,MG,26484.58,partner
4985,2024-06-16,1956-07-13,BA,20188.42,organic
4986,2026-03-24,2001-06-14,PR,25694.59,social_media
4987,2026-06-27,1994-03-14,CE,7662.62,partner
4988,2025-07-09,2002-08-17,RJ,2136.39,social_media
4989,2025-04-29,1993-05-07,RS,19817.5,social_media
4990,2024-08-11,1962-06-05,CE,2529.36,social_media
4991,2024-07-18,1960-09-19,PE,29886.88,partner
4992,2023-10-24,1969-06-08,RJ,17890.06,referral
4993,2023-01-12,1996-06-14,MG,10340.15,paid_search
4994,2023-01-18,1987-08-21,SP,7020.47,paid_search
4995,2025-03-08,1990-07-28,CE,19008.32,referral
4996,2023-03-04,1961-10-08,MG,13476.59,social_media
4997,2024-06-19,1958-07-29,RJ,16903.06,social_media
4998,2023-09-04,1964-03-25,CE,11421.05,social_media
4999,2024-09-17,2000-10-31,PR,9759.75,organic
5000,2025-10-04,1956-09-03,PR,14228.26,organic
5001,2023-01-16,1979-03-25,MG,14060.91,referral
5002,2024-12-24,1985-09-21,MG,9021.65,paid_search
5003,2024-03-20,1968-12-24,RJ,13881.21,partner
5004,2024-12-30,1951-07-24,BA,17108.18,partner
5005,2023-10-13,1988-09-19,PE,7426.3,social_media
5006,2024-07-17,1989-09-30,RJ,8175.53,referral
5007,2024-11-15,1955-06-07,PR,12499.62,paid_search
5008,2024-12-08,1961-03-08,RJ,19494.53,organic
5009,2023-10-09,1988-08-26,RS,3912.67,organic
5010,2024-01-03,1981-05-27,BA,13895.41,partner
5011,2024-02-06,1989-04-08,SP,19314.47,partner
5012,2025-09-23,1977-06-11,PE,19197.18,partner
5013,2026-05-28,1964-12-21,PE,26382.17,referral
5014,2026-06-17,1998-01-28,MG,28247.33,social_media
5015,2023-06-24,1980-03-20,PE,9588.09,paid_search
5016,2026-08-01,1970-06-26,CE,17386.79,social_media
5017,2025-08-24,2005-06-14,CE,1968.93,partner
5018,2025-06-04,1992-05-16,RS,9350.28,organic
5019,2024-05-27,1951-12-23,BA,15687.81,social_media
5020,2023-06-12,1978-01-17,RJ,8652.93,organic
5021,2024-04-01,1978-06-05,BA,12887.17,social_media
5022,2025-10-26,2007-01-26,PE,19061.73,referral
5023,2024-12-08,1975-05-04,MG,29606.2,paid_search
5024,2024-02-04,2004-09-10,RJ,6147.56,social_media
5025,2026-01-11,2004-09-26,PE,16857.9,organic
5026,2023-12-06,1971-11-20,PR,13880.33,paid_search
5027,2023-12-24,1975-05-30,MG,17499.71,social_media
5028,2025-11-11,1980-04-09,PR,10774.22,paid_search
5029,2023-12-24,1979-04-06,BA,25065.94,partner
5030,2026-04-04,1964-11-16,RJ,17046.1,organic
5031,2024-07-25,1971-07-20,PR,14289.84,social_media
5032,2024-01-08,1999-06-15,RJ,19466.96,paid_search
5033,2026-08-26,1961-04-23,PE,21892.44,organic
5034,2026-02-20,1954-09-28,PR,8317.14,social_media
5035,2024-05-16,1989-11-30,CE,24404.24,social_media
5036,2023-01-09,1970-04-23,CE,17801.31,organic
5037,2026-08-27,1965-09-01,CE,25554.1,referral
5038,2025-08-30,2002-08-14,MG,18922.42,referral
5039,2023-02-17,1998-07-30,MG,4577.01,referral
5040,2023-05-08,2003-09-25,SP,4381.9,referral
5041,2023-06-10,1958-11-08,RJ,11109.01,paid_search
5042,2023-09-24,1999-08-05,PR,23782.03,social_media
5043,2024-02-27,1954-06-16,PE,12884.17,social_media
5044,2023-10-10,1987-01-01,PE,28810.99,referral
5045,2023-01-08,2001-02-03,RJ,16265.26,social_media
5046,2025-10-27,1994-10-03,RS,12283.16,paid_search
5047,2026-08-11,1966-02-11,CE,9232.48,referral
5048,2024-05-01,1985-01-05,PR,13391.53,paid_search
5049,2025-12-05,1968-03-16,CE,11004.16,organic
5050,2023-01-16,1953-03-24,CE,6779.32,social_media
5051,2026-08-29,1980-06-11,CE,13207.92,referral
5052,2025-12-14,1951-09-16,BA,11041.18,partner
5053,2023-08-12,1976-02-09,RJ,12506.05,social_media
5054,2025-02-17,2005-12-24,PE,17778.15,organic
5055,2024-05-01,1996-05-15,RS,8917.13,paid_search
5056,2023-06-24,1988-03-24,PR,19092.54,paid_search
5057,2023-05-21,2007-05-20,RS,12231.4,partner
5058,2026-02-15,1954-12-16,RJ,27416.53,referral
5059,2024-04-15,2001-08-04,PE,9878.7,referral
5060,2023-06-24,1976-04-30,CE,8319.0,paid_search
5061,2026-02-26,1955-07-03,BA,7010.93,organic
5062,2024-01-10,2005-01-06,RS,18900.18,paid_search
5063,2023-06-06,1961-03-05,RS,24351.62,partner
5064,2026-06-07,1967-02-06,BA,25567.14,partner
5065,2025-05-26,1954-12-30,PE,27229.98,partner
5066,2023-02-25,1955-07-19,CE,3003.57,organic
5067,2024-02-22,1976-05-25,CE,19762.32,partner
5068,2025-09-21,1976-11-29,RJ,19792.63,paid_search
5069,2023-03-19,1951-05-28,RJ,19529.33,organic
5070,2023-03-08,1988-05-01,PR,22192.58,organic
5071,2024-05-19,2001-02-02,RS,26540.58,social_media
5072,2026-01-03,1971-05-04,PE,25057.62,paid_search
5073,2023-08-06,1980-05-10,SP,12141.9,paid_search
5074,2023-06-04,2001-03-03,CE,19666.19,referral
5075,2024-05-25,1991-07-28,PR,27684.41,paid_search
5076,2023-06-02,1990-10-08,PE,14068.97,partner
5077,2023-12-16,1962-11-24,PR,6850.09,organic
5078,2023-03-10,1991-09-18,RS,15113.68,organic
5079,2026-04-03,1958-03-14,BA,13397.38,social_media
5080,2024-11-28,1981-08-13,CE,12656.54,social_media
5081,2025-10-04,1994-05-29,PE,27375.1,partner
5082,2025-05-23,2005-08-17,BA,1573.27,social_media
5083,2025-08-30,2003-03-13,RS,22285.95,partner
5084,2023-09-12,1970-01-28,SP,10931.46,referral
5085,2024-12-04,1969-03-22,PE,21009.62,organic
5086,2026-04-11,1973-06-26,RS,16436.54,social_media
5087,2023-10-24,2006-03-08,MG,9477.82,referral
5088,2023-05-26,1975-12-30,RJ,25595.43,paid_search
5089,2023-04-30,1959-11-27,RJ,25967.11,paid_search
5090,2023-08-26,1996-11-21,RJ,1595.51,paid_search
5091,2024-08-07,1976-09-13,BA,6894.02,referral
5092,2025-10-21,1998-06-26,PE,2367.67,paid_search
5093,2025-10-06,1966-07-17,RJ,2305.01,organic
5094,2023-05-03,1966-09-30,PR,13820.4,referral
5095,2026-08-31,1956-03-09,PE,29747.53,organic
5096,2024-02-24,1951-04-21,SP,19225.04,partner
5097,2026-03-21,1969-01-26,SP,20579.47,social_media
5098,2026-08-20,1959-09-28,RS,1587.36,partner
5099,2024-04-12,1963-01-13,BA,14205.17,social_media
5100,2024-03-22,1964-05-10,BA,14814.7,partner
5101,2024-06-10,1969-09-21,MG,9344.53,partner
5102,2023-11-18,1953-12-09,RS,26180.89,paid_search
5103,2023-06-22,1998-12-05,SP,6104.77,social_media
5104,2024-04-02,1979-03-07,RJ,6858.74,referral
5105,2023-02-09,1963-12-19,BA,21904.73,organic
5106,2026-08-31,1967-05-30,SP,4608.97,referral
5107,2024-03-08,1967-06-05,MG,18390.17,referral
5108,2026-03-17,1987-10-27,MG,14030.7,referral
5109,2025-09-07,1965-09-11,RS,3460.65,paid_search
5110,2024-05-19,1976-02-29,PE,14366.55,paid_search
5111,2023-03-21,1983-08-12,RS,22818.62,referral
5112,2024-02-21,1971-02-11,PR,2793.2,social_media
5113,2025-07-09,1957-04-03,MG,25755.61,social_media
5114,2023-04-29,1997-11-26,CE,27531.4,partner
5115,2023-05-08,2004-03-25,CE,15282.85,organic
5116,2025-11-01,1999-12-28,CE,24809.22,organic
5117,2024-06-25,1959-03-07,SP,14464.64,partner
5118,2024-08-14,1992-05-12,BA,21382.08,paid_search
5119,2023-07-11,2005-05-15,RJ,6563.61,organic
5120,2025-06-05,1964-09-24,PR,10701.05,referral
5121,2026-08-01,1994-11-09,RJ,26706.97,partner
5122,2025-01-13,1974-02-18,BA,14154.6,paid_search
5123,2025-05-06,1986-08-26,PR,3019.74,organic
5124,2023-09-24,1966-05-23,RS,10463.43,organic
5125,2023-03-17,1955-03-16,CE,29381.13,social_media
5126,2025-05-21,1987-03-01,MG,29068.09,paid_search
5127,2025-04-09,2006-02-20,BA,24213.22,paid_search
5128,2024-09-29,2005-03-24,RJ,25196.16,partner
5129,2025-09-14,1974-04-19,SP,20319.94,social_media
5130,2024-09-11,1951-11-19,PE,3676.69,social_media
5131,2026-04-13,1952-02-12,PR,19458.78,paid_search
5132,2023-07-16,1977-11-11,RS,15264.87,paid_search
5133,2024-06-21,1970-03-09,RS,7578.37,referral
5134,2026-03-16,1952-02-08,MG,9309.03,referral
5135,2024-06-21,2002-02-01,PE,15761.53,paid_search
5136,2025-09-25,1955-03-26,BA,4430.12,social_media
5137,2023-06-14,1954-11-21,PE,5836.88,referral
5138,2026-05-02,1993-05-16,RJ,13563.43,social_media
5139,2026-02-04,1982-11-24,RS,2049.44,partner
5140,2025-01-04,1980-05-20,SP,5400.6,social_media
5141,2025-09-09,1961-03-11,BA,27862.09,paid_search
5142,2023-12-09,2001-01-23,RS,26160.85,referral
5143,2024-04-02,2005-06-19,SP,29796.78,paid_search
5144,2025-09-16,1991-05-27,RJ,15222.82,organic
5145,2025-09-20,1964-11-24,RS,24914.49,paid_search
5146,2024-11-15,1986-02-25,BA,18397.08,organic
5147,2026-03-20,1993-11-28,MG,16668.82,organic
5148,2026-07-29,1956-12-03,RJ,25483.7,social_media
5149,2023-03-22,1976-06-25,PR,16899.54,referral
5150,2023-08-10,2007-02-16,RJ,16150.83,partner
5151,2025-09-11,1963-10-12,PR,14137.54,paid_search
5152,2024-10-23,1999-05-02,PR,8618.5,social_media
5153,2024-03-26,1954-08-15,RJ,10085.48,partner
5154,2023-09-15,2006-11-27,RJ,23443.72,social_media
5155,2023-01-31,1963-03-31,BA,19115.67,social_media
5156,2025-05-13,1954-05-27,RJ,17656.23,paid_search
5157,2023-03-13,1974-11-14,SP,2729.12,partner
5158,2026-01-08,1977-01-24,MG,12467.61,partner
5159,2023-03-23,1955-09-30,RS,22880.72,partner
5160,2025-01-22,1997-03-10,CE,17331.03,referral
5161,2026-02-06,1993-07-24,RJ,12090.54,paid_search
5162,2025-10-27,1982-02-25,RS,17110.25,organic
5163,2025-06-07,1968-09-30,BA,17940.65,referral
5164,2023-06-15,1976-11-02,MG,12123.94,paid_search
5165,2023-03-25,2005-02-16,PR,9458.34,referral
5166,2025-03-10,2005-11-06,MG,27132.69,paid_search
5167,2023-05-26,2007-06-11,PR,8937.47,social_media
5168,2024-02-07,2001-04-17,PE,10998.71,partner
5169,2026-01-23,1987-08-14,MG,18893.88,organic
5170,2023-06-28,1955-02-20,RJ,20787.32,partner
5171,2026-07-20,1960-10-23,RJ,28321.5,partner
5172,2023-12-25,1982-09-12,BA,25496.1,paid_search
5173,2024-05-23,1954-12-12,PE,27224.1,paid_search
5174,2025-08-19,1977-06-20,PR,24428.8,paid_search
5175,2023-02-03,1953-10-24,CE,22419.31,social_media
5176,2023-07-07,2003-01-06,RS,3467.71,social_media
5177,2024-07-25,2005-08-23,CE,4226.86,organic
5178,2024-04-11,1960-12-26,PE,25401.4,organic
5179,2024-11-02,2003-08-16,RJ,20626.76,partner
5180,2024-05-03,1994-06-06,PE,18264.89,referral
5181,2024-08-20,1999-01-27,RJ,19435.8,partner
5182,2023-01-16,1972-01-12,PR,13869.72,organic
5183,2026-07-06,1974-04-15,PR,22407.61,paid_search
5184,2024-05-22,1983-10-30,CE,16068.04,social_media
5185,2025-11-11,1983-03-06,RS,6234.66,paid_search
5186,2023-03-29,1988-01-19,CE,15381.83,partner
5187,2026-09-01,1967-06-10,RJ,2557.35,social_media
5188,2025-08-03,1990-10-13,PE,9881.54,organic
5189,2023-10-02,1975-12-07,PE,29466.86,organic
5190,2023-09-06,1959-08-09,RJ,26891.29,partner
5191,2023-04-19,1992-10-21,RJ,22105.74,partner
5192,2023-11-16,1993-08-29,SP,25049.8,referral
5193,2026-09-01,1978-07-08,RJ,6250.74,organic
5194,2025-08-11,2002-03-30,PE,23110.0,partner
5195,2024-12-12,1954-02-11,PR,11181.04,paid_search
5196,2024-08-12,1999-06-25,CE,6109.02,social_media
5197,2023-11-29,1979-02-01,RJ,2678.38,referral
5198,2025-12-17,1969-09-06,BA,5086.97,social_media
5199,2023-07-08,2005-02-22,PE,13875.36,partner
5200,2025-04-04,1998-07-18,PE,9570.53,paid_search
5201,2026-02-14,2004-10-16,BA,5686.78,paid_search
5202,2023-10-03,1989-11-15,PR,9395.04,paid_search
5203,2023-08-06,1969-10-19,SP,20812.08,referral
5204,2024-12-26,1978-03-20,RS,18252.92,social_media
5205,2026-06-16,1971-10-11,BA,8632.59,organic
5206,2023-07-11,1980-09-01,PE,24653.06,organic
5207,2025-08-02,1982-02-14,RS,5411.66,referral
5208,2025-03-23,2005-07-06,RJ,8310.26,social_media
5209,2025-09-26,1995-12-08,SP,25561.72,organic
5210,2025-06-01,1972-02-12,BA,25410.67,referral
5211,2024-10-26,1986-01-26,PR,23709.42,partner
5212,2026-09-01,1954-03-24,RS,23919.1,partner
5213,2025-03-31,1989-04-20,RJ,8375.76,paid_search
5214,2026-02-02,1954-06-23,PR,13213.47,referral
5215,2023-05-27,1991-08-23,MG,21363.05,referral
5216,2025-12-12,1970-05-31,CE,22655.32,partner
5217,2026-01-14,1962-01-25,PE,18147.72,referral
5218,2025-05-25,2006-08-22,RJ,12787.42,organic
5219,2025-11-12,1999-03-19,PE,7486.19,social_media
5220,2024-09-06,2002-12-02,BA,14872.45,social_media
5221,2025-01-17,1987-10-15,SP,26291.39,partner
5222,2024-06-26,1997-04-20,PE,3162.76,referral
5223,2024-06-08,1983-01-08,RJ,25386.89,referral
5224,2025-07-31,1996-04-13,MG,5742.31,paid_search
5225,2024-09-07,1980-10-14,MG,22782.69,social_media
5226,2025-05-24,1977-12-02,MG,19513.11,referral
5227,2024-09-08,1952-08-14,PR,16610.98,referral
5228,2025-05-10,1997-09-14,BA,9929.66,social_media
5229,2023-06-19,1965-07-07,SP,18279.07,referral
5230,2025-05-22,1994-10-26,CE,18300.18,social_media
5231,2024-03-08,2000-11-05,RJ,14535.54,referral
5232,2026-06-03,1955-01-24,CE,9267.47,referral
5233,2023-02-27,1983-07-19,CE,20748.39,referral
5234,2023-07-17,1952-06-02,RJ,15285.06,referral
5235,2023-10-14,1992-06-12,RJ,23935.12,paid_search
5236,2024-10-25,1980-01-25,BA,21073.53,partner
5237,2023-10-17,1955-09-12,PE,26058.58,referral
5238,2023-05-10,1955-08-29,CE,21375.39,organic
5239,2025-01-17,1961-10-11,PE,5069.03,social_media
5240,2024-03-26,1999-02-08,PE,24295.38,paid_search
5241,2026-05-15,1964-01-10,BA,13822.87,organic
5242,2026-02-20,1991-08-28,PR,21958.77,organic
5243,2023-02-09,1951-08-22,SP,7456.65,organic
5244,2025-03-28,1955-04-28,SP,19000.9,paid_search
5245,2024-01-11,1955-01-23,PR,25660.2,referral
5246,2025-08-23,1963-07-29,CE,27032.01,referral
5247,2024-01-29,1983-02-07,MG,8117.81,partner
5248,2023-10-13,1989-03-12,MG,25431.86,paid_search
5249,2025-03-27,1997-06-01,PE,20806.4,partner
5250,2024-07-08,1971-07-17,RS,29345.03,partner
5251,2023-03-27,1993-03-03,RJ,2746.11,social_media
5252,2023-03-28,2006-05-04,SP,12915.24,social_media
5253,2024-09-01,1972-06-11,PE,29681.22,partner
5254,2024-04-29,1994-02-14,PE,13726.49,social_media
5255,2025-06-20,2002-09-07,BA,16579.69,referral
5256,2023-08-20,1973-03-19,RJ,22656.86,paid_search
5257,2025-09-19,1952-10-24,RJ,25902.84,social_media
5258,2025-04-10,1967-07-12,MG,19231.82,referral
5259,2025-09-24,1956-12-31,RJ,7766.57,social_media
5260,2025-03-05,2003-05-01,BA,12756.15,social_media
5261,2024-09-14,2004-12-13,PR,3749.84,organic
5262,2023-06-07,1965-11-15,CE,1949.28,social_media
5263,2024-03-04,1955-09-25,BA,19683.76,referral
5264,2025-10-25,1967-08-07,PE,5544.52,partner
5265,2025-10-05,1983-10-09,MG,4895.75,referral
5266,2023-02-22,1972-03-09,MG,16216.93,organic
5267,2025-04-24,1958-03-23,SP,23255.21,referral
5268,2024-12-14,1988-03-21,CE,5043.28,social_media
5269,2024-07-11,1985-11-17,PR,26810.19,referral
5270,2024-02-17,1971-09-27,PR,26753.3,referral
5271,2025-09-05,1985-01-27,SP,14723.26,paid_search
5272,2024-03-23,1989-09-06,RJ,27089.1,referral
5273,2025-01-01,1952-11-14,RJ,16648.88,social_media
5274,2025-12-17,1963-12-30,RJ,18138.28,organic
5275,2025-09-01,1999-06-20,BA,3017.89,social_media
5276,2025-07-28,2000-08-23,BA,10305.94,referral
5277,2023-05-20,1997-04-13,RS,8589.12,organic
5278,2026-07-26,1985-02-17,PR,25422.11,referral
5279,2024-03-24,1997-10-03,PE,26890.74,referral
5280,2025-02-08,1954-09-20,PR,24201.58,referral
5281,2026-08-16,2007-11-27,MG,14802.22,social_media
5282,2025-03-02,1978-10-10,MG,29493.86,social_media
5283,2026-05-08,1964-03-22,MG,13610.46,referral
5284,2026-02-15,1954-08-26,MG,2789.93,paid_search
5285,2025-04-12,1984-01-28,MG,29847.65,paid_search
5286,2025-10-11,1979-02-01,PE,2169.18,social_media
5287,2023-09-27,2005-07-19,RJ,14120.42,referral
5288,2025-09-23,1971-10-11,RJ,7253.57,organic
5289,2025-04-11,1977-08-26,CE,9481.56,partner
5290,2025-08-09,1984-08-19,SP,11397.58,organic
5291,2024-03-13,1977-02-14,PR,1971.2,social_media
5292,2024-09-05,1955-10-14,PE,10339.82,organic
5293,2026-01-31,1970-03-13,RJ,12981.29,referral
5294,2024-07-11,1973-08-07,CE,10050.52,organic
5295,2026-08-26,1995-11-01,BA,12942.73,organic
5296,2026-08-21,1989-12-06,MG,24508.23,paid_search
5297,2026-07-08,1953-02-04,SP,17214.13,organic
5298,2026-06-13,1954-04-21,RJ,22109.08,partner
5299,2024-02-05,1995-01-08,RJ,2197.91,organic
5300,2025-03-07,1971-06-23,PR,20223.68,referral
5301,2025-02-08,1955-08-19,BA,3828.03,paid_search
5302,2025-06-25,2006-04-06,RJ,4989.4,referral
5303,2026-02-16,2003-06-20,MG,16055.08,paid_search
5304,2026-04-11,2007-08-12,RS,14062.16,referral
5305,2024-03-20,1979-09-13,CE,10624.56,referral
5306,2024-10-21,2002-11-10,RS,28631.27,social_media
5307,2024-03-12,1953-11-18,BA,2739.97,social_media
5308,2025-02-16,1975-09-09,MG,23870.78,partner
5309,2026-05-08,1959-12-18,SP,21173.71,partner
5310,2023-02-28,1974-06-03,SP,25474.33,partner
5311,2024-12-31,1989-05-28,PR,25844.21,paid_search
5312,2023-09-14,1963-05-16,PR,27408.13,partner
5313,2023-11-02,1982-11-08,BA,20385.43,paid_search
5314,2024-05-04,1973-02-06,PE,17948.6,social_media
5315,2023-10-09,1971-05-21,RS,23060.84,partner
5316,2025-11-30,1953-09-09,PR,22487.2,partner
5317,2025-08-04,1965-02-21,BA,29444.33,social_media
5318,2024-04-23,1951-09-27,RJ,10225.68,referral
5319,2026-05-07,1959-10-07,CE,26363.57,organic
5320,2023-03-29,1996-06-30,CE,3701.79,organic
5321,2025-09-06,1980-11-22,PR,6403.9,paid_search
5322,2024-11-08,1972-09-13,PR,7481.66,partner
5323,2024-10-25,1960-01-05,PE,7648.61,organic
5324,2026-07-16,2003-01-27,BA,14613.86,social_media
5325,2023-01-03,1991-10-26,PR,12514.44,paid_search
5326,2023-09-18,1959-10-15,PR,25448.91,partner
5327,2025-12-30,1951-04-13,RS,29169.78,referral
5328,2023-02-22,1966-04-05,BA,13430.14,referral
5329,2024-02-21,1966-05-05,RS,5191.95,paid_search
5330,2023-05-07,1963-01-05,MG,20002.84,partner
5331,2024-01-06,1968-08-15,RS,22974.87,social_media
5332,2023-12-07,1972-05-14,RJ,2869.43,referral
5333,2024-07-01,1959-05-26,MG,3176.93,partner
5334,2026-02-23,1955-06-14,SP,25522.14,paid_search
5335,2023-07-27,1957-03-25,MG,15912.08,partner
5336,2026-05-10,1974-08-20,SP,29072.06,referral
5337,2023-12-29,1994-06-14,PE,18751.64,partner
5338,2023-09-07,1992-10-22,PR,17943.11,social_media
5339,2024-01-15,1958-09-15,PR,14790.14,paid_search
5340,2025-03-17,1970-05-20,SP,23534.08,referral
5341,2023-12-10,1994-06-12,PR,5421.13,partner
5342,2025-12-14,1967-10-10,RJ,7285.9,referral
5343,2024-04-27,1960-06-15,RS,29008.05,referral
5344,2024-03-27,2004-06-10,PR,29761.67,paid_search
5345,2024-07-15,1993-08-04,RS,2555.42,organic
5346,2024-01-22,2007-03-20,RJ,3346.43,organic
5347,2026-01-31,1963-06-06,SP,8693.69,organic
5348,2024-06-25,2005-05-06,RS,24829.53,social_media
5349,2025-03-08,1958-04-28,RJ,6299.36,partner
5350,2025-08-06,1981-02-03,CE,21348.75,organic
5351,2026-03-23,1988-09-19,RJ,9180.68,social_media
5352,2024-11-28,1957-01-28,PR,10049.25,paid_search
5353,2023-10-03,1973-03-08,BA,6563.64,referral
5354,2025-04-06,1996-10-25,PE,19442.6,paid_search
5355,2023-11-09,1957-06-25,CE,18655.87,organic
5356,2023-03-31,1983-06-06,PR,17687.55,paid_search
5357,2024-03-26,1981-02-09,CE,5870.06,paid_search
5358,2025-06-19,1985-06-10,MG,22995.79,paid_search
5359,2026-03-07,1990-08-25,SP,16465.88,social_media
5360,2024-06-24,1991-08-28,CE,1959.01,social_media
5361,2025-11-20,1969-03-12,MG,4328.69,partner
5362,2023-07-13,1987-02-20,CE,6590.51,referral
5363,2025-02-27,1972-10-13,PE,24439.9,organic
5364,2026-04-20,2005-12-19,PE,13018.17,paid_search
5365,2023-09-06,1966-03-08,PR,14263.69,referral
5366,2024-02-01,1994-09-29,RS,24116.94,partner
5367,2025-01-13,1969-07-05,RJ,29630.94,paid_search
5368,2024-12-12,1969-02-12,RJ,15597.4,organic
5369,2024-04-29,1997-12-06,CE,19867.19,paid_search
5370,2024-08-10,1992-09-29,PE,19815.39,partner
5371,2026-01-10,1952-03-14,SP,20049.23,organic
5372,2026-03-05,1990-02-25,SP,10326.14,partner
5373,2023-11-26,1958-03-20,BA,10965.1,paid_search
5374,2025-10-07,1985-05-12,CE,14640.44,paid_search
5375,2023-07-02,1985-01-07,SP,20333.11,referral
5376,2024-11-10,1951-12-20,PR,17417.2,referral
5377,2023-09-11,1996-02-21,SP,3183.86,referral
5378,2023-09-08,2004-11-20,PE,2264.33,referral
5379,2024-06-20,1982-01-28,MG,8788.8,organic
5380,2024-04-05,1970-01-20,RJ,19680.95,partner
5381,2025-05-17,1955-10-31,RJ,27875.02,referral
5382,2023-10-31,1978-10-14,SP,5287.81,partner
5383,2025-03-18,1969-05-27,MG,19299.89,organic
5384,2023-04-13,1968-03-11,PE,26668.42,partner
5385,2026-05-08,1961-10-28,BA,4247.76,organic
5386,2026-02-15,1964-06-07,PR,16484.72,organic
5387,2026-02-28,1999-12-09,SP,29829.72,organic
5388,2025-03-20,1952-01-12,BA,14091.43,social_media
5389,2026-06-16,1969-08-12,RS,7139.07,referral
5390,2025-02-12,1966-08-05,SP,2016.59,social_media
5391,2023-06-28,1954-09-28,RS,6842.26,referral
5392,2025-07-09,1964-07-04,RJ,18990.35,referral
5393,2025-03-08,1998-10-13,RS,19931.04,organic
5394,2023-05-24,1965-01-24,MG,17927.91,referral
5395,2024-01-03,1951-09-30,PE,27513.91,paid_search
5396,2024-02-10,1993-03-10,PE,4371.49,paid_search
5397,2025-10-28,1963-02-11,BA,14560.12,organic
5398,2025-07-11,1969-09-09,BA,24812.98,referral
5399,2024-03-30,1978-03-16,SP,5030.18,social_media
5400,2025-05-26,1996-01-19,PR,4869.82,social_media
5401,2023-08-03,1988-01-15,RS,17634.6,paid_search
5402,2024-03-02,1972-01-22,PE,9132.14,partner
5403,2025-04-17,1954-09-04,BA,10884.16,organic
5404,2025-05-03,1963-05-23,RS,25908.07,organic
5405,2026-02-04,2000-08-05,SP,19930.23,paid_search
5406,2024-02-04,1963-03-15,RS,18908.71,partner
5407,2023-05-05,1968-01-07,PR,25679.99,partner
5408,2024-03-24,1978-12-30,BA,28873.37,referral
5409,2026-05-27,1995-02-09,MG,17249.38,referral
5410,2023-06-05,1956-04-17,SP,15735.66,paid_search
5411,2025-09-15,1975-07-09,RS,5292.26,paid_search
5412,2026-08-19,1973-10-28,RS,18803.26,partner
5413,2024-07-09,1987-04-25,PE,8367.78,social_media
5414,2025-05-23,1995-03-31,MG,19763.75,referral
5415,2025-10-26,2000-08-31,RJ,28143.48,paid_search
5416,2023-11-09,1978-01-27,PE,15370.59,partner
5417,2024-06-04,1982-03-16,BA,14175.04,social_media
5418,2026-07-30,1982-05-02,PE,4364.69,paid_search
5419,2023-02-20,1961-02-23,RS,22493.66,social_media
5420,2026-05-17,1968-06-10,RS,3972.19,organic
5421,2023-11-19,1995-07-26,RS,19119.25,partner
5422,2025-06-29,1998-12-28,PR,26850.29,referral
5423,2023-07-16,2000-10-18,RS,20122.65,referral
5424,2023-10-19,1963-08-20,RJ,17559.38,partner
5425,2024-12-13,1961-06-07,BA,25256.48,social_media
5426,2024-09-10,2004-06-12,BA,3197.37,paid_search
5427,2024-05-10,1993-12-17,PE,22224.06,referral
5428,2025-08-14,1999-01-04,MG,15782.56,paid_search
5429,2023-08-28,1951-07-24,PR,19367.42,referral
5430,2025-02-26,1969-05-04,PR,23105.81,partner
5431,2026-08-30,2000-08-19,MG,29697.44,partner
5432,2025-09-01,2003-05-01,MG,26988.49,paid_search
5433,2026-08-04,1987-12-18,SP,16788.33,partner
5434,2023-08-26,1964-02-23,RJ,3802.99,referral
5435,2024-04-15,1968-04-20,RJ,28477.12,organic
5436,2026-07-03,1962-01-28,MG,18515.65,social_media
5437,2023-04-22,1975-02-05,PR,7356.37,organic
5438,2024-12-05,1997-04-02,RJ,9524.27,partner
5439,2024-08-29,1963-02-18,RS,17413.76,social_media
5440,2024-04-24,2003-07-09,PE,15081.5,referral
5441,2025-09-30,2003-11-07,CE,3269.26,paid_search
5442,2024-09-18,1967-12-22,RS,14448.28,paid_search
5443,2024-05-20,1992-04-03,RJ,14682.3,social_media
5444,2025-08-23,1964-10-26,BA,6481.6,paid_search
5445,2023-01-25,1989-09-10,RS,16518.83,referral
5446,2024-11-07,1998-02-23,BA,18049.54,partner
5447,2025-11-26,1995-04-08,CE,29373.68,social_media
5448,2024-05-06,1978-01-09,RJ,15794.79,referral
5449,2024-05-16,1972-10-30,PE,5885.33,social_media
5450,2024-01-11,1993-07-16,PR,28578.73,social_media
5451,2026-01-12,1952-05-05,MG,10132.36,referral
5452,2024-08-10,1952-12-04,SP,28587.43,paid_search
5453,2024-05-05,1961-12-07,PR,1636.85,paid_search
5454,2025-12-19,1975-03-27,CE,22019.64,referral
5455,2023-01-13,1993-04-29,PE,10200.97,partner
5456,2026-07-13,1952-05-18,PE,11549.77,referral
5457,2026-01-04,1955-11-07,BA,13275.45,partner
5458,2026-06-18,1995-09-03,MG,6302.68,referral
5459,2024-03-08,2000-10-28,BA,19651.47,partner
5460,2024-05-16,1980-02-21,BA,12643.99,partner
5461,2026-04-13,1951-03-02,PR,28783.91,organic
5462,2023-12-23,1971-05-17,CE,2430.84,paid_search
5463,2024-05-28,1983-07-06,PR,14251.26,partner
5464,2026-05-18,2001-10-11,RJ,4251.37,organic
5465,2023-05-28,1983-05-08,BA,19441.27,partner
5466,2026-06-20,1966-01-19,MG,4021.22,partner
5467,2026-05-23,1982-06-26,PR,2204.02,partner
5468,2025-07-18,1971-10-07,RJ,15239.3,referral
5469,2026-06-28,1963-10-02,RJ,17059.38,referral
5470,2026-06-18,1996-11-25,CE,27154.33,social_media
5471,2026-08-06,1974-04-15,SP,12021.47,paid_search
5472,2026-02-27,1981-11-23,PE,9755.28,organic
5473,2025-03-20,1977-04-07,MG,27472.03,organic
5474,2024-07-02,1953-03-03,BA,8514.88,organic
5475,2023-10-02,1998-10-23,SP,27014.29,partner
5476,2024-08-23,1989-04-08,PE,9900.8,partner
5477,2026-04-16,1984-12-19,SP,19986.18,partner
5478,2023-03-09,1970-07-25,RS,4903.56,social_media
5479,2026-02-12,1973-05-18,PE,18727.44,organic
5480,2023-11-27,2003-09-06,SP,17024.87,paid_search
5481,2024-01-07,2003-07-28,BA,7338.03,organic
5482,2025-04-05,1974-09-21,PR,20571.74,referral
5483,2023-02-01,1989-03-10,PR,3852.65,referral
5484,2025-04-15,1953-02-07,RJ,16327.97,paid_search
5485,2024-11-22,1957-08-04,MG,3781.56,organic
5486,2023-01-21,1998-02-09,PE,27257.44,social_media
5487,2024-09-17,1994-03-02,RJ,11260.91,referral
5488,2026-06-06,1980-02-23,PE,16277.78,paid_search
5489,2023-06-04,2002-02-12,CE,3782.78,paid_search
5490,2023-10-25,2000-07-16,CE,10363.49,organic
5491,2024-05-17,1975-12-19,PR,19656.56,social_media
5492,2024-11-15,1983-03-11,CE,17792.22,partner
5493,2023-07-12,1975-01-29,PE,9500.31,paid_search
5494,2024-01-07,1957-04-15,RJ,27170.06,partner
5495,2024-11-26,1972-03-22,PE,1603.98,referral
5496,2025-04-25,1966-10-20,BA,1873.82,social_media
5497,2023-10-22,1964-05-31,RJ,23747.3,paid_search
5498,2023-07-04,2006-06-04,BA,23726.39,partner
5499,2024-10-13,1985-03-27,PR,3619.7,organic
5500,2024-02-25,1973-02-21,MG,1810.19,referral
5501,2024-12-30,1988-08-13,BA,23835.4,referral
5502,2026-06-19,1956-11-27,SP,16374.21,partner
5503,2023-03-29,1957-12-27,PE,25948.49,organic
5504,2023-12-29,1952-08-30,CE,2372.11,paid_search
5505,2025-04-04,1985-06-18,BA,23655.04,social_media
5506,2026-07-04,1969-01-09,MG,7886.0,organic
5507,2025-02-13,1965-08-21,PE,27384.89,social_media
5508,2024-10-23,1985-08-13,PR,23300.82,partner
5509,2024-01-30,2004-10-30,CE,10764.94,organic
5510,2026-07-28,2007-09-09,CE,13199.26,paid_search
5511,2023-05-03,2002-11-06,RS,11922.03,partner
5512,2024-05-16,1962-02-03,CE,27238.36,organic
5513,2026-03-26,1988-09-23,CE,19023.03,partner
5514,2024-02-15,1981-11-29,RS,19212.07,paid_search
5515,2023-10-31,1973-08-07,SP,3222.45,partner
5516,2025-06-10,1954-04-09,RS,21780.73,paid_search
5517,2024-02-06,1998-01-21,PR,16484.71,paid_search
5518,2025-12-10,2001-05-02,BA,5604.07,social_media
5519,2025-11-03,1987-10-19,MG,29479.03,referral
5520,2024-04-10,1973-11-08,RS,26182.75,partner
5521,2026-01-16,1951-02-01,MG,16349.01,organic
5522,2025-01-24,1986-09-02,MG,9508.85,paid_search
5523,2024-08-23,1952-02-25,PR,11880.04,referral
5524,2025-02-01,1976-02-27,RJ,27766.11,paid_search
5525,2026-08-16,1958-02-06,MG,26678.42,partner
5526,2024-06-06,1954-01-15,RJ,3078.26,organic
5527,2025-01-29,1955-10-24,PE,23159.69,paid_search
5528,2026-08-21,1960-10-16,SP,12400.44,referral
5529,2023-02-19,1958-07-25,BA,26222.66,paid_search
5530,2026-04-20,2001-08-08,PR,11620.43,organic
5531,2024-02-23,1970-10-20,MG,9914.87,organic
5532,2023-01-13,1954-07-28,BA,6873.86,partner
5533,2025-02-28,1959-07-30,PR,24643.8,social_media
5534,2023-12-01,1997-05-10,MG,20060.29,organic
5535,2025-12-20,1990-12-21,BA,4639.6,paid_search
5536,2025-10-09,1973-04-30,RJ,27182.83,referral
5537,2025-03-26,1951-05-27,MG,9425.42,paid_search
5538,2026-08-27,1969-04-24,RS,29603.14,organic
5539,2023-03-11,1996-05-01,MG,6396.44,social_media
5540,2025-08-07,1953-05-05,BA,1592.31,paid_search
5541,2023-09-03,1969-01-15,BA,16065.51,referral
5542,2026-04-07,1986-01-09,RS,29888.76,organic
5543,2024-11-02,2002-04-15,CE,3268.32,referral
5544,2025-09-21,1987-01-13,MG,21995.4,paid_search
5545,2024-09-29,1953-08-16,CE,3209.62,organic
5546,2023-04-06,1991-01-15,PR,20535.77,paid_search
5547,2023-12-05,2002-07-27,PE,28822.92,social_media
5548,2024-01-07,1993-09-15,RS,20012.65,paid_search
5549,2026-02-09,1994-02-10,RS,21970.43,organic
5550,2023-07-07,2001-04-01,BA,15558.98,social_media
5551,2026-06-21,1992-11-17,PE,5561.06,paid_search
5552,2025-11-10,1994-09-21,SP,12908.45,paid_search
5553,2023-02-12,2005-01-06,BA,3419.63,partner
5554,2025-10-03,1971-10-24,PR,13594.68,social_media
5555,2026-04-17,1961-11-29,SP,15122.68,paid_search
5556,2023-12-13,1996-01-28,RJ,14839.54,paid_search
5557,2023-01-27,2000-12-09,PR,14059.42,partner
5558,2026-01-07,1982-04-22,SP,20230.64,organic
5559,2024-07-06,1966-05-11,PE,12388.79,partner
5560,2025-05-11,1980-08-11,RJ,12473.95,paid_search
5561,2024-04-05,1969-08-05,RJ,24612.97,organic
5562,2023-09-03,1996-02-03,PE,28506.45,referral
5563,2025-07-19,1955-12-04,MG,27035.95,partner
5564,2025-08-30,2007-02-26,PR,7663.96,referral
5565,2023-12-13,1959-12-07,RS,28893.57,partner
5566,2025-12-09,1964-08-05,MG,15624.74,social_media
5567,2024-05-29,1998-11-13,RJ,21960.03,referral
5568,2026-05-28,2002-05-26,RS,16943.55,organic
5569,2023-05-09,1972-04-21,PR,1786.57,social_media
5570,2026-01-25,1971-12-03,PE,4697.72,partner
5571,2026-01-02,2001-07-10,BA,21542.29,partner
5572,2023-06-25,1968-12-12,SP,28286.72,partner
5573,2023-08-23,1954-11-27,BA,19881.37,organic
5574,2024-02-04,2003-03-26,CE,17094.22,partner
5575,2024-05-22,1960-12-23,BA,11845.82,partner
5576,2024-06-27,1956-09-15,PE,23266.44,referral
5577,2025-12-12,1955-05-13,RJ,5901.72,referral
5578,2024-03-20,1990-05-23,BA,3581.81,referral
5579,2026-02-11,1993-09-08,RS,5391.8,social_media
5580,2025-05-24,1975-10-05,PR,16892.13,social_media
5581,2024-01-29,1989-06-02,PR,27628.84,organic
5582,2026-04-11,1956-11-20,SP,17085.28,organic
5583,2026-03-02,1970-07-17,MG,16768.6,organic
5584,2026-06-05,1967-11-17,PR,24780.2,social_media
5585,2025-12-24,2001-02-15,MG,9339.11,organic
5586,2026-05-02,1984-01-20,BA,16224.02,partner
5587,2024-09-13,1995-10-08,PE,28802.71,organic
5588,2024-09-24,1984-03-26,RS,1951.33,social_media
5589,2023-12-30,1972-03-26,BA,8209.69,partner
5590,2023-07-13,1953-08-05,SP,4048.79,partner
5591,2026-06-08,1960-11-26,MG,24302.73,social_media
5592,2023-07-03,2007-08-13,CE,5168.74,referral
5593,2023-09-07,1976-01-06,PR,25078.79,paid_search
5594,2024-12-21,1957-07-27,CE,2834.27,organic
5595,2024-12-22,2006-07-29,PR,16973.45,paid_search
5596,2023-01-29,1965-12-07,BA,26773.05,partner
5597,2023-09-03,1999-06-14,MG,20355.33,social_media
5598,2026-07-04,1980-08-19,RS,24398.93,social_media
5599,2026-03-24,1955-09-18,CE,7465.44,social_media
5600,2023-01-24,1990-08-04,PR,13681.54,paid_search
5601,2025-04-27,1998-10-05,PR,4537.15,social_media
5602,2023-08-12,1967-03-15,RJ,24459.75,social_media
5603,2024-02-10,1963-11-14,PR,4809.76,referral
5604,2023-03-24,1958-10-19,RS,2107.34,referral
5605,2026-02-23,1967-12-16,CE,28013.97,referral
5606,2025-07-03,1980-11-25,MG,8708.96,referral
5607,2023-10-22,1965-10-23,RJ,17646.28,organic
5608,2023-07-16,1965-06-29,PR,18753.3,organic
5609,2025-05-16,2001-01-24,RS,14499.08,social_media
5610,2026-03-10,1999-05-06,RS,22699.59,paid_search
5611,2026-05-22,1967-05-25,PE,24531.17,paid_search
5612,2024-06-17,1975-10-08,CE,27604.8,referral
5613,2023-06-18,1993-07-26,PR,21599.66,social_media
5614,2023-04-01,1958-09-04,CE,21636.83,social_media
5615,2026-04-23,2007-11-18,SP,5861.44,paid_search
5616,2024-12-19,1981-12-24,RJ,17229.16,partner
5617,2026-01-26,2007-10-30,RS,9885.43,paid_search
5618,2026-07-02,1961-05-01,RS,21651.0,organic
5619,2026-02-27,1980-05-08,RJ,16747.07,organic
5620,2024-03-11,1968-05-18,RS,14029.76,social_media
5621,2024-05-02,2003-04-05,RJ,24953.03,referral
5622,2025-08-05,2003-03-20,RJ,25064.36,organic
5623,2025-12-19,2004-07-18,RJ,27592.06,referral
5624,2025-01-09,1991-08-16,PR,15862.06,partner
5625,2025-02-07,1979-07-08,MG,14696.74,organic
5626,2026-04-08,1987-08-06,RS,13598.8,paid_search
5627,2024-05-21,1985-11-25,CE,14015.91,social_media
5628,2026-03-05,1978-05-06,MG,22144.71,paid_search
5629,2023-03-25,1985-06-18,SP,12107.22,organic
5630,2024-07-06,1964-11-04,PR,22361.06,organic
5631,2026-05-20,1968-07-09,MG,8200.78,organic
5632,2024-12-30,1971-09-13,PE,18962.57,organic
5633,2024-03-18,1971-03-10,RJ,20697.38,referral
5634,2023-07-24,1991-06-11,PR,10790.02,referral
5635,2025-04-23,1994-01-18,CE,13238.02,organic
5636,2026-07-18,1993-07-05,RJ,24410.44,social_media
5637,2024-11-26,1963-11-08,RS,4168.85,paid_search
5638,2024-02-11,1956-07-31,MG,9196.29,social_media
5639,2023-09-18,1969-12-08,SP,10405.6,referral
5640,2024-09-24,2001-04-18,BA,9299.33,social_media
5641,2026-02-26,1999-10-16,BA,14974.36,organic
5642,2026-04-07,1994-09-08,MG,26027.32,organic
5643,2026-03-06,1957-12-15,SP,20930.74,organic
5644,2025-08-16,1963-08-09,PE,2875.1,paid_search
5645,2025-10-14,1956-10-30,CE,15696.81,social_media
5646,2023-04-30,1983-03-06,PR,28990.73,social_media
5647,2024-12-15,1957-10-01,PR,28178.92,paid_search
5648,2024-05-21,1962-08-29,BA,18652.63,social_media
5649,2026-04-19,1980-07-31,PE,15711.2,referral
5650,2025-11-15,1982-08-13,RJ,14372.15,paid_search
5651,2024-10-11,1999-03-22,CE,16436.12,partner
5652,2024-05-01,1953-09-27,BA,23038.67,referral
5653,2025-02-22,1958-06-22,PR,18245.47,paid_search
5654,2023-03-15,1968-12-08,BA,17995.42,paid_search
5655,2026-06-02,1958-09-25,PE,21569.94,social_media
5656,2025-10-24,1967-12-29,RJ,1982.87,referral
5657,2023-03-13,1969-01-29,PE,10122.44,partner
5658,2024-03-28,1996-01-24,SP,3581.38,organic
5659,2026-03-29,1986-01-13,PR,16644.07,paid_search
5660,2024-03-01,1977-12-31,SP,18300.99,referral
5661,2026-08-18,2001-02-08,SP,2569.72,paid_search
5662,2025-07-02,2006-06-18,CE,18775.2,referral
5663,2026-03-08,1958-01-19,RJ,29286.08,organic
5664,2025-08-02,1955-12-11,CE,29290.14,social_media
5665,2023-10-02,1981-10-27,PR,12577.62,paid_search
5666,2023-01-13,1967-06-22,PR,26457.34,referral
5667,2025-05-26,1958-09-14,RJ,26392.62,partner
5668,2024-03-25,1977-04-29,PE,10378.99,paid_search
5669,2025-02-08,1987-11-30,BA,3002.1,social_media
5670,2024-02-04,1995-06-29,RS,12838.1,social_media
5671,2024-02-21,1990-12-23,RS,10827.28,organic
5672,2024-05-19,1951-01-04,MG,25800.9,referral
5673,2026-08-15,1998-11-18,RS,9604.25,partner
5674,2024-06-28,1962-08-01,RJ,26052.02,partner
5675,2023-04-06,1979-12-24,PE,15957.7,social_media
5676,2025-01-26,1978-08-25,SP,7616.97,partner
5677,2025-03-27,1954-09-30,BA,19740.57,partner
5678,2025-05-25,1973-02-17,RS,27004.11,paid_search
5679,2025-03-20,1992-08-07,CE,26499.15,partner
5680,2023-10-03,1992-10-18,CE,12007.89,paid_search
5681,2023-12-05,1978-02-16,PE,2294.55,social_media
5682,2025-05-27,1986-05-19,RJ,3317.2,referral
5683,2024-01-06,2007-02-27,RJ,22456.95,paid_search
5684,2025-12-04,1955-07-24,RJ,20584.07,referral
5685,2025-12-17,1987-02-19,RS,17590.78,partner
5686,2024-09-11,1971-10-01,PR,13206.44,paid_search
5687,2026-06-12,1976-09-08,CE,26961.04,paid_search
5688,2026-04-01,1952-07-17,RS,26566.41,partner
5689,2023-08-15,1986-09-11,BA,16467.15,organic
5690,2023-06-11,2001-01-20,PR,12024.51,referral
5691,2024-11-29,1991-11-20,CE,21261.01,social_media
5692,2024-07-17,1988-05-10,RJ,7930.75,referral
5693,2023-06-05,1956-07-09,MG,25469.94,paid_search
5694,2024-10-06,2004-08-15,PR,13292.6,referral
5695,2024-04-17,1984-07-19,MG,19037.3,paid_search
5696,2024-06-01,2004-07-24,RS,8977.77,partner
5697,2024-10-01,1998-09-30,RS,27790.65,organic
5698,2023-07-27,1956-04-13,BA,9474.29,partner
5699,2026-06-11,1957-08-01,BA,11981.81,organic
5700,2025-10-16,1963-10-26,SP,3126.77,paid_search
5701,2023-04-12,2005-09-21,RJ,21068.28,referral
5702,2025-11-19,1983-07-03,PE,9260.44,paid_search
5703,2026-05-21,1991-11-15,RS,25934.05,paid_search
5704,2024-11-28,1974-08-29,SP,15448.32,social_media
5705,2024-11-22,1991-02-27,SP,23680.33,organic
5706,2026-03-13,1991-04-09,PE,20973.01,organic
5707,2025-09-19,2002-10-10,SP,9487.25,partner
5708,2023-11-01,1976-06-03,RJ,2371.28,referral
5709,2025-01-17,1978-12-10,PE,25403.71,organic
5710,2024-08-25,1951-04-29,BA,25872.91,social_media
5711,2023-08-10,1964-08-26,PE,12617.37,paid_search
5712,2024-10-07,1977-07-20,RS,9410.42,social_media
5713,2023-09-23,1959-10-23,PR,1683.09,organic
5714,2026-04-30,1974-09-23,MG,24728.92,social_media
5715,2023-08-03,1975-04-11,PE,3959.78,organic
5716,2025-12-21,1985-04-22,PR,10971.77,organic
5717,2024-04-05,1973-09-17,MG,15201.84,organic
5718,2023-01-12,1990-02-01,RJ,5713.92,paid_search
5719,2023-08-03,1959-01-25,PE,17662.23,social_media
5720,2024-12-04,1974-09-03,SP,2270.73,referral
5721,2023-01-11,1964-03-25,CE,15995.96,referral
5722,2026-08-29,1992-03-25,CE,22868.26,paid_search
5723,2023-08-20,1952-06-16,PE,23862.96,partner
5724,2025-07-11,1963-09-21,PE,5953.62,social_media
5725,2025-01-08,1968-05-15,CE,23251.41,referral
5726,2025-09-27,1999-08-15,PE,11879.38,organic
5727,2026-05-17,1966-06-16,SP,12045.52,referral
5728,2024-08-31,1951-03-04,MG,14509.64,organic
5729,2024-08-12,2000-08-02,CE,22217.8,referral
5730,2025-02-15,1969-02-18,MG,21532.19,social_media
5731,2026-05-14,1978-12-01,BA,12701.2,referral
5732,2026-01-07,1953-03-30,BA,16939.8,social_media
5733,2025-06-25,1996-12-18,SP,26228.81,organic
5734,2023-12-10,1998-04-04,PE,24401.11,partner
5735,2023-07-03,1955-07-09,MG,17752.43,partner
5736,2026-08-21,1978-08-15,MG,17590.24,referral
5737,2023-05-13,1971-03-21,SP,27264.07,partner
5738,2024-06-09,1995-10-19,MG,6911.71,paid_search
5739,2024-11-30,1955-10-17,RJ,21553.61,partner
5740,2026-05-16,1981-01-28,BA,11537.19,referral
5741,2024-06-28,1980-06-19,PR,18488.16,paid_search
5742,2025-02-19,2000-09-17,RS,28727.64,paid_search
5743,2023-10-07,1976-01-09,SP,29293.05,organic
5744,2025-08-13,1977-12-04,MG,21152.66,organic
5745,2023-07-24,1995-02-08,SP,15427.14,organic
5746,2023-04-16,1963-07-14,MG,3440.69,organic
5747,2023-09-05,1992-04-27,RJ,25539.98,partner
5748,2025-10-10,1966-04-18,CE,19634.69,organic
5749,2026-07-18,1993-03-28,PE,24512.52,partner
5750,2024-11-21,1985-12-04,BA,19805.63,organic
5751,2025-02-16,1997-09-11,CE,13481.16,social_media
5752,2026-05-04,1966-01-31,PE,3980.65,organic
5753,2024-02-04,1980-08-09,SP,24694.91,referral
5754,2025-09-12,1958-06-16,PR,12894.69,paid_search
5755,2026-03-24,1968-07-29,SP,10935.49,organic
5756,2026-05-18,1951-12-12,BA,21398.12,referral
5757,2023-01-15,2002-01-02,PE,5628.43,partner
5758,2025-01-30,2000-07-15,SP,2684.02,referral
5759,2026-06-06,2005-04-20,RS,6420.86,partner
5760,2024-09-28,1993-02-13,RJ,11935.83,partner
5761,2026-05-23,1979-10-28,PE,22637.58,paid_search
5762,2023-04-12,1995-09-06,RS,22394.94,social_media
5763,2023-11-13,1994-07-28,SP,23699.86,organic
5764,2026-04-29,2004-09-11,RS,19546.94,referral
5765,2023-09-29,1956-02-02,CE,9485.87,social_media
5766,2025-10-20,1969-12-14,RJ,2469.57,organic
5767,2024-07-23,1982-10-31,RJ,14543.15,paid_search
5768,2026-07-27,1996-10-01,PR,20679.07,organic
5769,2023-04-26,1999-11-19,PE,2481.63,social_media
5770,2023-03-02,1976-01-21,RJ,23365.8,partner
5771,2024-08-24,1957-03-14,BA,12911.11,social_media
5772,2023-11-05,1954-06-30,PE,25081.71,referral
5773,2026-07-18,2007-01-11,SP,15600.8,referral
5774,2025-05-15,1984-10-13,SP,12801.17,social_media
5775,2026-02-22,2001-10-17,MG,14684.78,social_media
5776,2025-02-26,1979-05-02,PR,12384.9,organic
5777,2024-09-26,1970-06-01,CE,15214.48,social_media
5778,2026-05-07,1982-01-02,BA,13648.71,paid_search
5779,2025-07-03,1980-11-14,CE,18573.35,partner
5780,2023-08-05,1952-12-10,PR,14366.4,partner
5781,2023-10-07,1994-06-15,RJ,5412.69,organic
5782,2025-01-20,1997-09-02,RJ,15704.73,referral
5783,2024-07-15,1997-05-23,RS,9778.16,paid_search
5784,2026-07-16,2001-10-04,MG,14193.24,organic
5785,2023-06-29,1984-02-22,CE,6880.47,social_media
5786,2024-12-16,1961-02-08,MG,4997.36,organic
5787,2026-08-09,1980-03-04,RS,22472.55,organic
5788,2025-04-28,1961-09-01,MG,11027.32,paid_search
5789,2025-05-10,1998-10-25,PE,17770.61,paid_search
5790,2026-06-12,1957-11-11,PE,9817.49,partner
5791,2023-03-18,1960-08-19,PE,7361.72,organic
5792,2024-06-23,1971-03-24,SP,25652.92,social_media
5793,2026-07-07,1990-03-05,PE,16387.01,social_media
5794,2025-10-24,2006-11-25,CE,18826.3,referral
5795,2023-10-13,1971-03-19,BA,23104.81,partner
5796,2025-06-11,1969-01-16,RS,22232.39,partner
5797,2025-05-13,2007-03-30,SP,19666.05,paid_search
5798,2025-06-27,1958-02-05,SP,28399.93,partner
5799,2023-10-15,1990-07-24,BA,4955.44,social_media
5800,2026-01-21,1986-06-02,RS,6410.8,social_media
5801,2024-12-01,1954-09-08,PR,8949.39,social_media
5802,2025-03-08,1975-08-20,RS,5704.47,partner
5803,2026-05-28,2000-09-26,PE,29929.2,partner
5804,2024-11-30,1963-05-16,PE,26798.99,partner
5805,2025-09-10,1971-06-17,SP,29493.49,organic
5806,2025-02-24,1963-10-27,BA,7139.48,social_media
5807,2025-05-31,2003-10-26,PE,27975.24,referral
5808,2025-12-27,1995-03-01,BA,16971.22,organic
5809,2026-07-05,1968-12-30,MG,14411.9,paid_search
5810,2023-12-19,2001-02-28,RJ,7730.02,organic
5811,2025-04-20,2004-08-11,PE,9605.47,referral
5812,2025-10-11,1971-09-17,PE,18977.67,paid_search
5813,2025-09-03,1969-12-14,MG,22543.42,referral
5814,2024-08-17,1993-02-28,MG,5583.41,social_media
5815,2024-09-15,1998-03-11,RS,28427.18,referral
5816,2025-01-29,1999-06-25,RS,22908.9,social_media
5817,2026-07-19,1975-01-11,RS,23727.4,partner
5818,2023-12-16,1990-04-08,CE,11256.72,organic
5819,2026-09-01,1966-01-21,CE,4779.7,referral
5820,2023-01-10,1979-07-20,CE,2887.38,organic
5821,2024-05-09,1954-03-07,CE,29673.9,paid_search
5822,2025-09-06,1956-01-11,BA,2900.08,partner
5823,2024-04-06,1963-08-26,RS,21001.09,referral
5824,2023-11-04,1962-05-29,PR,15830.23,partner
5825,2026-08-28,1977-07-29,PR,16023.74,paid_search
5826,2026-01-03,1973-07-31,MG,5092.33,paid_search
5827,2025-10-27,1955-08-07,CE,11128.04,social_media
5828,2025-12-17,1972-10-21,RJ,5937.25,partner
5829,2026-06-23,1995-09-01,MG,10706.49,organic
5830,2023-05-04,2000-07-19,CE,3163.85,social_media
5831,2025-11-02,1999-04-23,CE,10594.74,referral
5832,2024-12-27,1968-11-08,RS,13221.07,organic
5833,2026-04-16,2003-01-24,SP,25268.09,paid_search
5834,2023-09-14,2006-09-29,CE,9614.67,organic
5835,2026-01-14,2001-02-16,SP,17482.02,referral
5836,2023-11-20,1991-01-14,PE,18879.0,organic
5837,2025-08-08,1998-10-03,PE,29318.73,organic
5838,2025-09-08,1987-09-17,BA,6801.24,organic
5839,2023-03-24,1993-09-29,CE,2253.39,partner
5840,2024-12-08,1969-10-23,CE,26723.72,organic
5841,2026-08-28,1963-08-09,SP,17510.84,paid_search
5842,2023-02-12,1952-10-08,PR,17686.9,referral
5843,2025-01-12,1953-09-07,BA,18784.94,referral
5844,2025-09-04,2004-07-29,BA,12310.76,organic
5845,2025-02-05,2003-11-07,RJ,8208.07,partner
5846,2023-01-25,1975-04-26,RJ,10047.47,social_media
5847,2025-10-21,1980-01-09,RS,5859.24,social_media
5848,2023-05-10,1989-05-10,MG,29810.8,social_media
5849,2024-10-09,1997-06-14,PR,24004.86,paid_search
5850,2025-07-12,1987-09-28,PE,17090.74,organic
5851,2023-05-08,1951-03-26,RS,21124.73,partner
5852,2023-02-02,1955-10-17,PR,11217.22,organic
5853,2026-07-24,2001-01-20,PR,8867.11,organic
5854,2025-11-08,1987-02-01,BA,25919.75,paid_search
5855,2026-04-04,1964-05-06,BA,8747.51,paid_search
5856,2024-05-30,1969-09-03,RJ,11392.9,referral
5857,2024-04-19,1954-03-14,RS,18300.28,paid_search
5858,2025-07-27,1983-01-21,RJ,23600.65,social_media
5859,2024-08-05,1979-09-28,RS,22837.93,social_media
5860,2025-08-06,1982-08-21,RS,14573.96,paid_search
5861,2024-08-11,1976-05-17,MG,18266.46,paid_search
5862,2025-08-12,1951-01-20,MG,15086.61,partner
5863,2025-09-04,1963-11-23,MG,16922.5,referral
5864,2025-01-13,1995-10-02,SP,21225.8,referral
5865,2024-01-30,1969-03-11,BA,29680.21,referral
5866,2023-09-02,1993-07-09,MG,14539.07,referral
5867,2026-07-29,1996-07-08,PR,28019.25,organic
5868,2024-05-13,1960-04-25,RJ,25301.54,referral
5869,2024-12-16,1993-01-23,MG,15133.86,partner
5870,2024-03-17,1961-08-06,PE,23060.47,organic
5871,2025-06-02,1980-10-22,PR,3586.38,social_media
5872,2023-10-15,2002-12-08,CE,2924.04,social_media
5873,2025-09-09,2007-07-09,RJ,3720.41,paid_search
5874,2026-08-11,1974-09-01,BA,27116.01,partner
5875,2024-07-09,1972-03-23,RJ,29419.37,partner
5876,2024-04-27,1969-01-08,CE,22258.51,paid_search
5877,2026-03-11,1952-01-21,CE,22514.46,referral
5878,2026-08-09,1992-10-07,SP,11109.69,partner
5879,2023-11-16,1969-06-22,RS,16731.26,organic
5880,2024-02-14,1974-09-26,RS,23460.82,paid_search
5881,2023-04-02,2006-06-17,RJ,29253.36,partner
5882,2023-11-26,1975-06-10,SP,16122.06,paid_search
5883,2024-06-30,1958-04-13,PE,4506.06,organic
5884,2025-01-25,1974-08-19,PE,16538.26,organic
5885,2026-06-01,2000-10-25,PR,27749.36,referral
5886,2023-08-01,1971-04-19,PR,17501.17,organic
5887,2025-03-01,1953-04-05,BA,14090.67,referral
5888,2025-07-23,1989-04-02,PR,5112.02,referral
5889,2024-03-20,1960-06-23,PR,22656.46,partner
5890,2023-06-06,1986-10-04,BA,26103.44,social_media
5891,2025-01-17,1973-03-28,BA,23251.41,organic
5892,2026-05-18,1981-09-01,MG,11150.04,paid_search
5893,2024-07-23,1992-07-21,RS,15609.58,referral
5894,2025-08-10,1984-12-05,PR,4777.46,referral
5895,2025-07-07,1985-10-13,RJ,25843.37,referral
5896,2025-10-16,1981-08-20,BA,22091.54,partner
5897,2024-06-11,1963-02-20,PE,3385.07,social_media
5898,2025-11-25,1991-01-02,CE,23121.12,partner
5899,2025-10-03,1956-10-17,PE,21220.37,organic
5900,2023-07-14,1973-10-14,SP,29679.27,organic
5901,2025-05-04,1959-08-28,BA,29697.89,paid_search
5902,2026-06-09,1957-06-22,PR,12769.54,organic
5903,2025-02-26,1963-04-21,PR,6484.1,paid_search
5904,2025-01-26,2007-01-22,MG,27503.78,paid_search
5905,2025-11-27,1953-06-13,MG,11156.24,social_media
5906,2024-10-10,2006-07-27,CE,14390.75,partner
5907,2024-05-26,1996-02-22,RJ,12955.45,social_media
5908,2024-11-28,2000-10-30,RS,1589.46,social_media
5909,2026-08-28,1985-02-08,CE,26287.84,paid_search
5910,2024-05-20,1953-02-03,PR,13680.44,organic
5911,2025-02-11,1962-11-11,MG,24894.95,paid_search
5912,2025-02-13,1985-05-26,CE,23492.98,paid_search
5913,2023-02-26,1962-07-20,PE,24994.82,referral
5914,2024-08-08,1960-07-08,PE,1589.06,social_media
5915,2023-10-05,2003-07-01,CE,17784.23,paid_search
5916,2024-12-15,1986-09-08,RS,25084.21,referral
5917,2023-08-07,1956-05-01,CE,29142.63,organic
5918,2025-10-20,1954-09-29,RJ,1502.07,organic
5919,2024-07-08,1975-05-30,SP,10305.13,referral
5920,2024-10-24,1959-04-07,RJ,4463.01,social_media
5921,2024-07-09,1991-01-13,CE,10265.18,organic
5922,2024-02-16,1978-02-24,CE,24515.67,referral
5923,2024-01-29,1953-09-13,RS,18898.55,paid_search
5924,2024-08-22,1967-08-14,BA,6364.11,organic
5925,2026-01-18,1999-06-21,SP,9331.87,social_media
5926,2025-09-23,1958-04-24,PE,21012.43,partner
5927,2023-11-21,1986-10-17,PR,24483.0,referral
5928,2026-08-29,1985-05-21,SP,9297.49,organic
5929,2024-12-17,1974-07-20,BA,10156.56,partner
5930,2026-03-13,1963-10-02,CE,11195.78,social_media
5931,2025-03-17,1991-07-18,RS,27255.86,organic
5932,2026-03-07,1975-01-29,PE,17037.19,organic
5933,2023-10-03,1965-07-02,MG,20389.7,paid_search
5934,2024-01-02,1997-12-18,SP,9533.98,partner
5935,2024-10-09,1958-08-29,RJ,1906.48,referral
5936,2023-07-11,1957-03-05,BA,25195.51,social_media
5937,2025-04-08,1961-07-02,CE,13668.84,referral
5938,2024-03-25,1972-06-10,RS,28572.73,social_media
5939,2026-07-17,1985-12-15,MG,20705.3,partner
5940,2024-05-14,2003-04-10,RS,20824.94,referral
5941,2025-11-12,1976-09-30,RS,6347.65,organic
5942,2023-08-02,1996-12-27,PR,4891.07,paid_search
5943,2023-07-29,2007-12-15,CE,6171.39,organic
5944,2026-01-10,1966-12-30,MG,29890.03,social_media
5945,2023-06-03,2000-09-23,RS,28986.08,organic
5946,2023-03-05,1953-07-31,MG,13353.93,paid_search
5947,2026-08-12,1960-10-17,PE,15312.53,partner
5948,2023-02-23,1982-04-15,BA,13248.98,referral
5949,2024-02-18,1982-08-17,RS,17764.02,partner
5950,2023-07-05,1964-12-02,PE,5820.76,organic
5951,2023-03-27,2000-07-19,RJ,21212.49,social_media
5952,2025-10-18,2005-09-27,PR,3916.33,paid_search
5953,2025-09-27,1997-07-21,RJ,26081.13,organic
5954,2024-12-18,1992-07-16,CE,7511.23,partner
5955,2023-03-18,1992-02-15,CE,28214.12,paid_search
5956,2024-10-22,1959-07-23,PE,18677.99,paid_search
5957,2025-10-16,1994-09-14,PR,21132.09,organic
5958,2024-11-19,1962-07-08,BA,2616.55,paid_search
5959,2023-10-18,1978-05-05,RJ,25216.44,partner
5960,2024-10-14,1989-10-22,SP,17970.71,organic
5961,2026-01-28,1957-07-07,CE,28246.07,social_media
5962,2026-01-03,1956-01-21,PE,26408.9,organic
5963,2026-03-28,1987-02-02,CE,29261.28,partner
5964,2026-07-09,1996-12-14,RJ,27177.59,partner
5965,2023-04-07,1988-06-02,PE,26875.1,organic
5966,2026-02-19,1973-04-15,CE,28639.79,referral
5967,2024-05-10,1990-02-03,SP,18653.76,paid_search
5968,2024-08-07,1995-04-02,BA,25437.16,referral
5969,2025-02-10,2001-02-11,RJ,11941.77,paid_search
5970,2023-09-09,2000-07-15,BA,4625.29,referral
5971,2023-11-21,1968-09-08,SP,4809.33,referral
5972,2023-04-09,1971-08-04,BA,21143.02,referral
5973,2025-10-22,1985-09-13,MG,28299.93,paid_search
5974,2025-11-18,1990-02-03,SP,1798.81,paid_search
5975,2025-12-16,2005-04-22,BA,21538.78,referral
5976,2024-03-29,1977-07-18,PR,11123.57,paid_search
5977,2025-05-06,1981-06-25,MG,7216.03,referral
5978,2024-11-07,1953-12-09,CE,9462.83,organic
5979,2025-08-20,1968-11-05,PE,26782.07,partner
5980,2023-06-12,1979-11-24,BA,2654.85,organic
5981,2025-08-30,1977-06-17,BA,15304.05,social_media
5982,2025-04-11,1976-05-27,RS,9474.99,organic
5983,2024-10-29,1978-07-15,PR,28488.5,paid_search
5984,2024-08-20,2007-03-16,SP,17449.68,referral
5985,2025-04-18,2005-02-03,MG,16178.77,partner
5986,2023-04-14,1981-10-17,SP,3158.78,partner
5987,2023-01-04,1990-04-08,RS,26656.18,referral
5988,2025-08-31,1989-08-29,CE,11813.38,social_media
5989,2023-01-25,1998-09-20,BA,15385.22,social_media
5990,2025-02-11,1989-05-21,SP,10075.54,referral
5991,2023-01-09,2003-01-02,RJ,28448.04,partner
5992,2023-06-01,1953-09-26,CE,18766.49,partner
5993,2023-06-26,1953-02-23,MG,9933.17,referral
5994,2025-11-09,1993-03-06,PE,17931.35,referral
5995,2023-03-28,1972-09-18,RJ,14855.03,paid_search
5996,2025-05-06,1993-01-19,RJ,8210.06,social_media
5997,2024-02-23,1958-09-16,RJ,15378.66,referral
5998,2025-08-05,1984-05-12,MG,11962.19,referral
5999,2025-10-23,1965-01-13,BA,21204.88,social_media
6000,2025-12-10,1969-08-10,MG,14397.18,referral
6001,2025-07-21,1962-12-27,RJ,18064.15,social_media
6002,2025-06-13,1953-03-16,RJ,2187.7,partner
6003,2024-03-15,1963-06-28,BA,22576.45,social_media
6004,2026-08-08,1988-10-16,RJ,5039.67,organic
6005,2025-12-19,2005-06-08,RJ,14347.97,paid_search
6006,2025-08-20,2003-09-15,RS,21893.18,paid_search
6007,2024-10-23,1981-02-08,RS,5318.0,paid_search
6008,2025-02-03,1998-05-01,MG,10070.02,paid_search
6009,2023-05-11,1996-09-04,CE,15161.45,paid_search
6010,2024-07-09,1961-02-07,CE,4810.33,paid_search
6011,2023-09-12,1978-07-24,MG,11113.33,referral
6012,2025-01-20,1970-08-03,MG,3466.79,paid_search
6013,2026-02-17,1971-12-22,RJ,16202.45,organic
6014,2024-11-07,1979-12-18,RJ,17443.1,paid_search
6015,2024-05-29,1985-06-16,PE,14776.55,paid_search
6016,2026-04-12,1996-10-31,MG,27468.16,organic
6017,2025-12-30,1985-10-09,MG,26445.38,organic
6018,2025-08-07,1988-10-05,RJ,27291.32,organic
6019,2026-01-12,1970-06-06,PR,26794.47,organic
6020,2024-01-18,1989-05-24,RJ,18271.19,social_media
6021,2023-08-16,1979-01-15,RS,7355.95,referral
6022,2024-04-18,1970-05-02,PE,8126.71,social_media
6023,2025-08-21,1991-03-20,CE,12035.31,social_media
6024,2023-11-22,2001-05-14,PE,27586.36,social_media
6025,2025-02-26,1984-05-04,RS,26397.15,paid_search
6026,2023-10-08,1974-10-17,RS,28646.55,organic
6027,2023-10-22,1968-09-25,MG,16013.8,referral
6028,2025-11-28,1968-05-09,SP,8682.4,organic
6029,2023-07-18,2006-04-16,RS,7542.47,referral
6030,2025-04-12,1978-07-14,SP,19100.42,organic
6031,2023-03-07,1966-12-24,MG,8758.93,referral
6032,2023-11-01,1951-12-17,CE,12346.12,organic
6033,2023-02-15,1969-10-15,RS,24070.58,referral
6034,2025-06-14,2000-07-30,MG,23336.69,organic
6035,2026-06-01,1979-02-28,RS,24922.21,organic
6036,2024-12-12,1954-07-10,PR,8410.64,partner
6037,2024-08-30,1977-05-22,BA,5187.76,partner
6038,2023-06-19,1957-03-25,RJ,29319.84,paid_search
6039,2025-04-29,1956-07-08,PR,26307.61,social_media
6040,2025-06-15,1996-11-06,SP,7479.13,paid_search
6041,2026-02-11,2005-03-27,PE,19330.69,referral
6042,2024-01-11,1987-08-06,RS,18338.11,paid_search
6043,2026-08-25,2007-10-13,SP,8642.76,partner
6044,2024-03-27,1952-09-18,RS,4830.28,paid_search
6045,2024-08-24,1962-04-02,PR,28403.16,social_media
6046,2023-04-10,1990-06-13,PR,15885.55,organic
6047,2023-07-20,1983-02-05,RJ,6517.65,paid_search
6048,2024-04-24,1989-01-31,SP,23593.9,social_media
6049,2025-10-14,1979-01-29,PE,9537.21,paid_search
6050,2025-02-06,1983-06-28,RS,16089.73,paid_search
6051,2025-08-03,1976-09-26,PE,10994.42,paid_search
6052,2024-04-08,1980-01-31,CE,23015.83,organic
6053,2024-03-18,1982-01-16,PE,11271.59,partner
6054,2026-07-17,1953-04-24,BA,25256.19,paid_search
6055,2024-07-22,1978-12-27,MG,9663.69,organic
6056,2025-07-04,1958-12-01,RS,25118.46,paid_search
6057,2024-05-18,1986-11-11,SP,11434.2,paid_search
6058,2025-07-30,1958-04-03,CE,2530.73,organic
6059,2023-06-07,1988-03-24,PE,4861.4,referral
6060,2024-04-26,1957-04-27,RS,18700.75,partner
6061,2023-02-16,1961-04-02,SP,6036.32,social_media
6062,2024-10-26,1955-08-18,BA,13514.56,partner
6063,2025-07-02,1958-07-02,RJ,25218.58,referral
6064,2025-05-22,2006-08-12,MG,19793.55,social_media
6065,2026-05-21,1983-11-08,PR,23102.89,referral
6066,2024-04-13,1971-08-29,PE,6097.32,partner
6067,2024-09-15,1978-09-24,PE,7144.25,social_media
6068,2024-08-04,1996-06-10,CE,24436.92,partner
6069,2023-08-25,1966-01-08,PR,16246.45,social_media
6070,2025-05-13,1956-05-17,SP,3747.71,partner
6071,2024-04-27,1992-11-25,MG,2169.72,referral
6072,2025-02-07,2007-05-31,MG,7455.27,social_media
6073,2024-06-26,1990-12-21,PR,15731.18,organic
6074,2026-08-19,1998-01-23,SP,25879.28,social_media
6075,2023-10-17,1993-04-23,PE,17179.07,partner
6076,2023-03-15,2006-03-09,MG,28494.15,paid_search
6077,2023-12-16,2007-06-25,RJ,22748.73,referral
6078,2024-01-01,1989-06-04,RS,24045.72,paid_search
6079,2023-01-22,1959-04-22,MG,12481.5,referral
6080,2025-05-09,1999-11-07,PR,29557.15,referral
6081,2024-10-04,1956-01-11,BA,20067.38,organic
6082,2025-03-02,1968-04-18,RJ,9954.45,social_media
6083,2026-05-01,1959-01-05,CE,24433.15,partner
6084,2023-01-06,1953-06-28,BA,26495.98,organic
6085,2026-02-12,1962-06-09,MG,29034.07,partner
6086,2024-02-01,2002-02-24,RJ,24879.78,referral
6087,2023-05-14,1997-06-11,PE,17445.85,social_media
6088,2023-06-02,2000-10-28,MG,7156.64,referral
6089,2025-07-28,1977-10-10,RJ,1626.43,referral
6090,2023-05-26,1983-10-31,CE,23012.03,social_media
6091,2024-02-07,1997-08-05,MG,23156.38,referral
6092,2024-04-11,1959-10-19,CE,17526.67,organic
6093,2023-12-23,1994-03-23,RJ,25836.28,paid_search
6094,2023-02-14,1962-04-20,SP,18177.0,organic
6095,2023-01-23,2003-03-14,RJ,27558.63,partner
6096,2026-08-09,1979-11-18,RJ,3724.33,referral
6097,2026-08-02,1966-12-30,RS,11401.35,partner
6098,2023-06-12,1965-04-06,MG,28064.87,social_media
6099,2025-06-06,1953-01-26,CE,2607.51,organic
6100,2023-11-17,1955-01-27,PR,12076.6,referral
6101,2023-06-04,1988-03-16,MG,29285.97,social_media
6102,2025-12-08,1983-12-05,BA,21145.95,social_media
6103,2023-02-02,1977-07-23,SP,16038.95,paid_search
6104,2026-02-28,1977-07-09,CE,20731.25,referral
6105,2024-05-13,1959-12-27,RJ,6414.14,paid_search
6106,2026-02-12,1952-09-16,MG,13017.8,organic
6107,2026-04-02,1951-01-20,RS,19278.83,social_media
6108,2025-05-27,1968-10-07,BA,12614.43,paid_search
6109,2024-11-12,1981-02-17,BA,23018.62,partner
6110,2024-07-20,1998-05-29,PE,14210.77,social_media
6111,2026-03-10,1974-12-10,CE,4182.04,social_media
6112,2026-03-30,1996-05-05,RS,29490.94,partner
6113,2024-04-18,1986-03-26,BA,5754.0,paid_search
6114,2026-04-10,1975-10-03,PE,2324.98,partner
6115,2025-05-31,1984-09-03,PR,28332.94,partner
6116,2025-12-06,1968-10-06,PR,17229.6,paid_search
6117,2026-02-14,2001-11-12,CE,8965.38,social_media
6118,2024-10-30,1982-01-11,BA,5640.6,social_media
6119,2025-06-19,2005-07-09,CE,26813.22,organic
6120,2025-09-13,1959-01-21,PE,21523.23,paid_search
6121,2024-07-02,1957-01-07,BA,17581.86,social_media
6122,2025-07-05,1995-11-22,PE,24012.58,organic
6123,2024-02-10,1963-02-21,BA,23498.04,referral
6124,2023-07-02,1978-06-02,SP,2911.48,referral
6125,2023-11-07,1992-12-25,BA,5372.77,partner
6126,2023-12-23,1959-01-29,RS,19776.74,social_media
6127,2023-11-13,1960-08-05,SP,23112.61,referral
6128,2025-01-22,1964-12-16,MG,22548.97,partner
6129,2025-04-20,1962-09-04,PR,13096.73,partner
6130,2023-12-19,1956-11-27,RS,24978.57,referral
6131,2026-07-23,1958-08-05,RJ,19442.97,referral
6132,2025-12-29,1956-04-26,CE,22457.44,referral
6133,2025-10-10,1994-10-04,PR,11113.51,social_media
6134,2024-08-29,1982-06-02,RS,26311.71,social_media
6135,2023-01-18,1954-10-06,SP,29766.36,partner
6136,2026-05-19,1964-01-24,SP,11067.15,social_media
6137,2025-12-13,1958-11-03,BA,12955.83,referral
6138,2025-03-24,1991-11-04,PR,20940.28,social_media
6139,2024-12-16,1969-11-20,PR,5582.68,social_media
6140,2024-10-25,1959-04-22,RS,5899.82,referral
6141,2023-12-29,1985-08-11,PR,24655.57,referral
6142,2023-09-04,1988-08-21,RJ,4710.02,social_media
6143,2024-06-25,1985-06-01,PE,3339.59,organic
6144,2025-02-24,1998-01-21,PR,8896.2,paid_search
6145,2025-11-22,1955-08-03,PR,25067.2,social_media
6146,2023-01-25,1995-03-18,RJ,14219.59,organic
6147,2026-02-18,1970-12-30,BA,13362.68,organic
6148,2026-08-16,1985-03-18,RS,21402.08,partner
6149,2023-06-09,1983-08-12,MG,27174.29,referral
6150,2023-03-01,1965-05-25,BA,29346.19,organic
6151,2025-12-20,1961-06-04,BA,16624.73,organic
6152,2023-04-13,1961-08-16,RS,28441.74,organic
6153,2026-05-04,1989-05-27,PE,8414.91,social_media
6154,2023-04-21,2001-04-11,RJ,4481.87,paid_search
6155,2025-05-31,1992-02-01,PR,25253.16,partner
6156,2026-05-08,1959-08-14,RS,3119.66,organic
6157,2024-04-28,1964-11-02,PR,9409.17,organic
6158,2026-06-17,1958-08-22,CE,20412.51,social_media
6159,2025-04-27,2002-09-02,RJ,9375.31,referral
6160,2025-09-20,1975-12-13,RS,1943.65,social_media
6161,2025-12-11,2004-10-02,BA,14369.79,organic
6162,2025-03-27,1986-01-14,MG,11061.73,paid_search
6163,2023-05-01,2003-05-13,PE,14121.32,social_media
6164,2026-04-28,1959-04-14,MG,19721.66,referral
6165,2025-01-30,1985-02-20,BA,17033.69,paid_search
6166,2025-06-11,2005-07-07,PR,27380.32,partner
6167,2025-04-11,1982-08-29,CE,19554.29,referral
6168,2025-04-14,2005-12-08,PR,10624.09,partner
6169,2023-06-08,1954-01-03,CE,15564.08,social_media
6170,2024-08-21,2000-12-02,PR,4995.4,referral
6171,2024-10-02,1972-02-15,MG,14310.47,referral
6172,2026-08-01,1996-07-06,BA,15852.61,paid_search
6173,2024-08-23,1964-03-12,RS,22190.36,paid_search
6174,2025-05-12,1967-11-12,SP,24078.79,organic
6175,2024-10-06,1973-10-11,SP,20671.84,partner
6176,2023-03-01,1989-09-19,RS,11143.69,referral
6177,2024-05-04,1985-03-12,RS,17895.25,referral
6178,2023-01-04,1970-01-20,PE,19626.53,social_media
6179,2025-12-17,1992-06-22,CE,27428.95,paid_search
6180,2025-03-18,2001-09-14,CE,8757.43,organic
6181,2026-03-25,1960-06-26,CE,3215.37,partner
6182,2024-02-20,1987-09-15,PE,29475.17,social_media
6183,2026-07-24,1969-11-27,CE,4211.69,partner
6184,2026-06-18,1980-04-04,RS,12104.02,paid_search
6185,2026-08-11,1958-07-10,RJ,21295.05,social_media
6186,2025-04-27,1968-02-12,BA,18863.65,partner
6187,2025-04-02,1953-04-11,SP,25448.71,referral
6188,2025-11-30,1980-01-11,MG,28062.24,paid_search
6189,2025-09-08,1962-05-14,PR,19214.18,organic
6190,2026-06-17,1951-12-30,BA,2879.44,partner
6191,2024-10-20,1964-10-13,CE,15791.76,organic
6192,2026-05-27,1984-02-22,PR,1781.79,organic
6193,2025-04-17,1998-01-05,PE,22023.35,social_media
6194,2026-05-12,1959-01-15,RJ,5699.96,organic
6195,2023-07-06,1953-01-26,RJ,16280.06,social_media
6196,2023-03-13,1985-04-09,RJ,10398.78,social_media
6197,2024-04-01,1997-01-12,PE,19792.97,social_media
6198,2023-08-11,1987-06-24,MG,29910.41,paid_search
6199,2025-04-25,1976-03-19,BA,26900.45,partner
6200,2023-02-25,1966-09-18,CE,12551.87,paid_search
6201,2024-08-14,2006-01-31,BA,4944.67,partner
6202,2025-12-13,1997-05-13,RS,14128.4,partner
6203,2025-10-05,1975-02-03,BA,12772.34,social_media
6204,2025-08-29,2003-01-14,RJ,28402.37,referral
6205,2025-03-09,1962-04-26,SP,3105.25,referral
6206,2024-12-20,1979-04-30,RS,16358.45,social_media
6207,2023-05-18,1958-10-24,BA,6783.48,organic
6208,2026-02-13,1974-03-05,SP,20910.83,referral
6209,2023-09-04,1965-05-28,BA,25365.09,social_media
6210,2026-07-27,1982-10-27,SP,5536.31,organic
6211,2024-11-18,1954-04-15,PR,28294.39,social_media
6212,2025-05-05,1965-08-22,CE,20967.15,referral
6213,2023-05-02,1958-05-09,SP,28523.19,organic
6214,2023-04-13,1999-07-25,MG,15046.06,partner
6215,2024-07-25,1995-07-18,BA,27452.33,social_media
6216,2023-02-11,2001-06-09,PE,15338.45,social_media
6217,2023-07-21,1981-10-09,MG,28299.99,paid_search
6218,2023-08-02,1961-03-18,MG,28758.51,paid_search
6219,2023-05-19,1978-09-30,PE,20928.93,referral
6220,2025-01-23,1952-12-08,MG,17112.55,social_media
6221,2024-02-11,1970-12-04,PR,4026.64,social_media
6222,2025-01-14,1966-05-22,BA,18135.2,partner
6223,2025-05-25,1985-03-24,RS,22506.68,paid_search
6224,2023-06-26,1960-02-27,RJ,27195.53,partner
6225,2025-07-17,1966-01-05,PE,8452.24,paid_search
6226,2024-10-15,1991-03-13,RJ,7408.9,referral
6227,2024-08-13,1996-03-30,MG,23309.65,referral
6228,2024-07-29,2001-05-21,BA,13213.37,social_media
6229,2026-08-09,1954-02-06,RJ,26946.88,social_media
6230,2024-11-15,1956-06-09,PR,21015.0,social_media
6231,2024-01-14,1991-06-13,MG,24163.77,referral
6232,2023-06-03,2000-01-07,SP,11970.57,paid_search
6233,2024-05-17,2007-10-18,BA,6504.39,referral
6234,2026-05-26,1960-08-01,PR,18554.41,organic
6235,2026-04-09,1955-02-12,RS,27621.83,paid_search
6236,2024-05-08,1968-04-27,CE,17015.19,social_media
6237,2024-03-25,1952-11-21,MG,24517.27,organic
6238,2023-03-12,1992-09-08,PE,13550.36,organic
6239,2023-08-31,1995-01-16,PE,22129.02,partner
6240,2025-11-07,1985-08-01,RS,2835.47,paid_search
6241,2025-06-11,2000-08-28,BA,21514.53,paid_search
6242,2025-12-31,1994-11-10,PR,1538.24,paid_search
6243,2023-07-19,1965-08-20,PR,24480.8,referral
6244,2023-07-05,1988-06-21,CE,9423.59,partner
6245,2023-11-01,1986-05-30,SP,8536.19,referral
6246,2025-02-12,1977-12-05,CE,14723.15,partner
6247,2024-09-29,1951-09-20,PE,3850.74,paid_search
6248,2024-05-22,1953-12-09,PE,11021.46,paid_search
6249,2024-09-28,1988-12-12,BA,27404.6,partner
6250,2025-11-05,1982-02-09,MG,5643.62,partner
6251,2023-09-14,1956-10-17,CE,18800.75,paid_search
6252,2023-05-10,1956-04-18,RS,14759.66,social_media
6253,2026-07-25,2001-04-29,PR,18644.98,social_media
6254,2023-09-05,2005-04-05,PR,14068.66,partner
6255,2025-06-24,1966-04-21,MG,29377.95,social_media
6256,2025-01-02,1990-11-26,PE,17040.02,paid_search
6257,2026-04-05,1984-02-23,BA,20399.59,referral
6258,2024-07-14,1998-12-28,RS,27071.35,referral
6259,2024-12-15,1967-06-14,PR,15754.71,organic
6260,2023-08-02,1953-03-07,SP,23114.36,referral
6261,2023-10-05,1967-04-11,RJ,18036.31,social_media
6262,2024-02-09,1965-10-31,PR,25417.7,paid_search
6263,2025-11-02,1992-09-29,PE,23594.11,social_media
6264,2025-12-02,1985-06-02,BA,19591.13,partner
6265,2026-07-28,2001-11-30,PR,6668.44,paid_search
6266,2023-10-05,1956-12-24,SP,14813.76,paid_search
6267,2025-11-17,1982-11-27,RJ,23565.83,referral
6268,2025-12-13,1956-07-26,PR,24429.57,partner
6269,2023-09-02,1962-11-16,PE,12995.57,organic
6270,2026-01-09,1992-11-11,MG,7051.95,referral
6271,2023-09-28,1957-10-27,SP,8124.74,referral
6272,2025-02-12,2007-04-12,RS,2658.57,social_media
6273,2024-01-28,1978-01-12,PE,15925.04,partner
6274,2024-09-07,1994-08-01,MG,1821.87,social_media
6275,2026-04-02,1962-12-08,PR,5416.23,partner
6276,2026-06-17,2004-06-05,RS,13571.06,paid_search
6277,2025-11-21,1992-09-20,MG,5161.97,partner
6278,2023-07-15,1981-07-29,RS,4887.2,social_media
6279,2023-11-18,1986-06-21,PE,4038.54,social_media
6280,2025-05-01,1996-12-20,PE,27340.12,social_media
6281,2026-05-13,2005-03-16,PR,8948.85,referral
6282,2024-01-14,1986-02-10,SP,15212.93,partner
6283,2026-06-29,2001-03-14,BA,2791.31,referral
6284,2026-03-15,1986-06-13,RS,15946.34,social_media
6285,2023-03-23,1993-01-26,RJ,10204.58,paid_search
6286,2024-08-11,1962-11-11,PR,11335.58,social_media
6287,2026-01-29,1957-08-20,BA,6508.69,social_media
6288,2023-08-20,2000-10-18,PR,29869.13,organic
6289,2025-04-08,1958-08-05,RJ,7155.52,social_media
6290,2026-05-12,1966-12-04,RJ,19646.11,referral
6291,2024-10-18,1963-01-10,SP,29891.65,social_media
6292,2026-03-17,2003-09-11,PE,28070.87,social_media
6293,2023-07-09,1976-07-27,SP,10517.19,organic
6294,2024-08-06,1995-12-31,CE,25818.68,referral
6295,2025-08-24,1969-05-01,PE,7156.05,paid_search
6296,2025-03-09,2003-01-10,RS,28404.62,paid_search
6297,2023-03-04,1961-09-26,BA,13180.17,partner
6298,2024-05-28,1998-10-28,PE,16705.32,referral
6299,2025-09-05,1979-07-29,PR,2650.99,organic
6300,2025-12-04,1961-10-18,RJ,18830.2,organic
6301,2023-12-19,1994-12-08,MG,21438.77,social_media
6302,2026-04-12,1976-12-17,RS,9829.09,partner
6303,2025-08-20,1977-12-23,BA,10638.01,partner
6304,2024-10-12,2007-03-25,PR,22753.86,organic
6305,2024-02-25,1994-04-26,PR,20173.87,paid_search
6306,2026-08-31,1996-02-14,MG,23443.57,paid_search
6307,2024-01-01,1968-06-24,MG,18903.74,referral
6308,2024-05-25,2007-10-05,SP,24801.52,paid_search
6309,2024-01-18,1980-11-29,PR,1568.75,referral
6310,2026-08-18,1974-03-21,RS,26634.33,paid_search
6311,2025-05-06,1987-07-06,RJ,21656.5,social_media
6312,2023-07-27,1998-01-03,PE,10676.63,paid_search
6313,2023-03-02,1991-11-13,BA,16875.76,paid_search
6314,2026-05-05,1959-08-07,MG,14566.48,social_media
6315,2023-07-02,1964-07-07,PE,11305.55,paid_search
6316,2024-04-16,2003-05-06,MG,8412.6,organic
6317,2024-12-02,1995-12-04,RS,20526.77,referral
6318,2023-05-08,1962-11-25,MG,9279.64,paid_search
6319,2024-06-27,1997-01-16,BA,19667.73,referral
6320,2024-11-02,1979-04-07,RJ,7720.09,partner
6321,2024-07-11,1959-08-24,RS,25656.73,paid_search
6322,2023-11-05,1982-02-19,CE,3610.99,organic
6323,2026-08-02,1999-04-29,RS,10071.68,referral
6324,2024-03-22,1969-09-02,RS,5465.9,paid_search
6325,2025-05-20,1984-01-07,CE,4937.57,paid_search
6326,2023-05-31,1981-04-11,CE,27544.31,social_media
6327,2024-04-28,1996-07-05,SP,13844.98,organic
6328,2023-12-07,1968-10-29,PE,16108.42,referral
6329,2023-09-26,2001-01-26,CE,3275.2,referral
6330,2026-07-25,1959-06-01,MG,19294.96,partner
6331,2026-02-04,1963-08-19,MG,13977.6,partner
6332,2025-11-05,1970-07-24,SP,7673.04,social_media
6333,2024-07-17,1964-09-28,RS,23231.44,organic
6334,2024-12-10,1991-05-19,PR,17036.64,partner
6335,2026-03-24,1961-12-10,MG,11858.93,partner
6336,2025-10-20,1988-11-12,PR,4848.73,referral
6337,2023-07-13,2002-03-11,PE,10128.92,organic
6338,2024-07-22,1984-10-17,BA,12909.43,organic
6339,2023-03-06,1972-09-12,PE,12877.53,partner
6340,2024-12-30,1959-05-05,CE,9037.16,social_media
6341,2025-11-11,1958-06-12,RJ,12799.58,paid_search
6342,2025-01-16,1997-06-05,SP,3337.39,organic
6343,2024-11-14,1959-04-01,SP,28195.19,paid_search
6344,2026-03-19,1954-05-21,RS,24531.85,paid_search
6345,2024-11-04,1963-09-10,PE,5673.65,organic
6346,2025-09-28,1967-07-30,MG,15927.01,partner
6347,2024-03-23,1980-05-20,RS,8674.0,organic
6348,2026-03-01,1990-08-01,CE,29416.12,social_media
6349,2025-04-21,1963-08-28,RS,14863.51,social_media
6350,2023-08-04,1973-03-29,MG,20580.83,organic
6351,2026-08-21,1964-05-23,PR,11486.72,partner
6352,2025-03-29,1956-12-25,PE,29776.45,organic
6353,2024-05-12,2001-06-25,PE,11082.2,social_media
6354,2024-10-26,1967-08-17,PR,24145.64,organic
6355,2023-09-10,1991-10-13,PR,6803.67,referral
6356,2024-10-21,1997-09-07,RJ,25131.49,paid_search
6357,2023-09-18,1997-01-30,PR,23883.23,partner
6358,2024-04-24,1955-10-23,SP,9254.63,social_media
6359,2024-09-20,1961-08-31,RJ,5262.23,social_media
6360,2023-10-03,1972-01-07,PE,19746.04,social_media
6361,2026-01-01,2002-10-17,SP,9773.65,social_media
6362,2025-07-23,1998-10-08,RJ,13821.78,paid_search
6363,2025-08-25,1980-02-18,RS,24379.5,social_media
6364,2024-05-18,2006-04-24,CE,11340.95,referral
6365,2025-12-17,1983-05-04,RS,16904.09,paid_search
6366,2025-11-22,1983-06-06,SP,29517.66,referral
6367,2023-01-30,1954-03-01,BA,23151.98,paid_search
6368,2025-07-08,1990-10-08,CE,11205.57,partner
6369,2024-06-30,1976-02-10,CE,21999.81,social_media
6370,2025-11-30,1997-10-27,BA,29056.87,social_media
6371,2026-01-05,1977-01-26,MG,13123.64,organic
6372,2023-06-27,2003-08-04,SP,10147.26,organic
6373,2025-10-17,1981-08-04,PR,16327.87,paid_search
6374,2025-06-08,1951-11-09,SP,18508.4,paid_search
6375,2026-04-17,1974-10-08,CE,6292.67,partner
6376,2024-03-29,1965-05-10,MG,19316.91,paid_search
6377,2023-01-14,1989-06-10,SP,21082.91,organic
6378,2023-08-13,1968-02-23,CE,12081.5,social_media
6379,2024-05-01,1955-06-08,PR,6845.7,paid_search
6380,2025-03-10,1990-03-24,RJ,27857.99,organic
6381,2025-06-10,1992-03-11,RS,5351.71,referral
6382,2024-08-31,1988-07-06,CE,17300.58,social_media
6383,2025-08-01,1993-08-26,BA,2508.36,paid_search
6384,2024-09-14,1992-03-02,MG,5493.38,paid_search
6385,2025-11-24,1982-09-07,BA,13148.64,social_media
6386,2024-01-08,1985-12-21,RJ,2310.53,paid_search
6387,2025-04-03,2001-09-02,RJ,23791.5,paid_search
6388,2025-02-17,1967-01-15,MG,20507.46,social_media
6389,2023-10-01,1984-05-30,PE,26454.24,referral
6390,2025-01-31,1974-02-15,CE,28107.63,paid_search
6391,2025-07-22,1958-10-19,BA,7154.44,paid_search
6392,2024-03-08,1970-03-18,MG,6371.93,organic
6393,2023-08-07,1981-06-09,CE,17205.58,referral
6394,2023-12-24,2005-02-06,SP,7052.18,referral
6395,2025-04-08,1976-12-19,RJ,28791.63,partner
6396,2023-06-29,1980-03-31,MG,7927.01,organic
6397,2024-07-27,1998-01-05,RS,12622.99,referral
6398,2023-03-10,1998-03-31,PE,27610.93,social_media
6399,2023-09-07,1997-06-24,MG,17578.75,social_media
6400,2024-03-20,1988-03-04,PR,17811.98,social_media
6401,2026-04-19,1990-01-17,PR,13273.15,organic
6402,2026-01-29,2007-03-06,SP,22217.83,organic
6403,2026-07-10,1982-12-07,PE,17213.16,organic
6404,2026-04-07,1987-01-09,PE,13254.06,organic
6405,2026-05-29,1962-01-24,CE,18544.15,social_media
6406,2025-04-26,2004-05-11,PR,10412.3,paid_search
6407,2024-12-22,1991-12-13,SP,8099.13,organic
6408,2023-02-19,1986-10-29,RS,7995.9,referral
6409,2024-01-27,2006-07-07,RJ,7935.39,organic
6410,2024-01-09,1976-11-08,MG,23221.27,social_media
6411,2023-09-04,2002-05-24,BA,5767.01,organic
6412,2026-03-07,1999-01-27,PR,7205.89,referral
6413,2024-12-08,1966-11-14,PE,15928.09,paid_search
6414,2024-07-26,1953-12-28,MG,4145.59,referral
6415,2026-07-14,1968-08-30,PR,21156.66,paid_search
6416,2023-11-03,1990-04-21,MG,6725.83,partner
6417,2023-03-09,1979-10-11,MG,4995.32,paid_search
6418,2025-10-29,1978-08-22,RS,15684.54,social_media
6419,2024-11-14,1993-11-27,CE,19060.69,referral
6420,2025-05-02,1975-01-17,BA,13830.03,social_media
6421,2025-10-08,1953-04-10,CE,4229.92,paid_search
6422,2024-02-01,1998-01-17,RJ,8317.41,organic
6423,2024-01-21,1991-03-09,MG,10225.46,partner
6424,2023-04-05,1999-10-19,RJ,23079.32,social_media
6425,2023-02-19,1991-12-31,SP,26751.51,organic
6426,2025-07-30,1952-10-12,BA,18786.27,referral
6427,2023-07-03,1962-08-28,PR,17779.34,partner
6428,2023-04-14,1974-06-09,SP,1843.99,partner
6429,2025-10-02,2007-12-26,RJ,10406.33,social_media
6430,2023-06-11,2004-12-01,RS,16717.16,partner
6431,2024-11-30,1964-06-06,BA,10476.67,social_media
6432,2023-03-27,1958-06-25,RS,8393.19,social_media
6433,2026-07-25,1996-03-20,PE,9381.91,paid_search
6434,2025-01-26,1977-09-04,RJ,29945.44,organic
6435,2026-01-30,2000-07-10,BA,16586.56,organic
6436,2025-07-22,1979-07-06,MG,13449.5,referral
6437,2026-04-21,1984-04-20,PE,28002.17,referral
6438,2024-05-03,1956-07-02,PE,8295.43,referral
6439,2024-08-16,1954-01-13,PE,16956.78,partner
6440,2025-09-26,1987-07-01,CE,23310.97,paid_search
6441,2026-05-25,1973-01-03,PE,21803.57,organic
6442,2024-04-15,1970-07-09,PE,26125.69,organic
6443,2024-11-29,1964-03-05,MG,16541.2,paid_search
6444,2023-01-21,1968-03-24,MG,13711.5,referral
6445,2025-10-26,2005-04-19,RJ,12950.01,social_media
6446,2026-04-04,1962-12-19,CE,13349.83,organic
6447,2026-01-01,1951-04-08,PE,23553.45,paid_search
6448,2026-08-11,1957-08-22,CE,29234.49,social_media
6449,2024-01-11,2005-05-29,PR,9339.35,social_media
6450,2025-07-01,2002-05-20,MG,26018.71,organic
6451,2023-03-30,1981-07-10,RS,24377.07,referral
6452,2023-12-24,1963-05-07,PE,28747.46,partner
6453,2026-02-02,1951-07-12,RS,26789.16,referral
6454,2024-12-10,1955-11-09,SP,16164.53,organic
6455,2024-02-05,1971-07-09,PR,12580.76,referral
6456,2025-06-23,1995-04-22,PE,1891.95,partner
6457,2025-07-15,2000-12-10,RS,22997.5,paid_search
6458,2025-08-12,1985-07-31,SP,9623.62,social_media
6459,2025-09-24,1987-12-25,MG,2845.57,referral
6460,2026-08-06,1960-06-07,CE,24791.58,referral
6461,2024-02-18,1995-08-27,SP,2888.98,referral
6462,2025-10-06,2004-10-14,PR,15399.11,partner
6463,2023-04-07,1959-12-02,RJ,28153.0,partner
6464,2026-04-05,2006-08-14,BA,28346.71,paid_search
6465,2024-04-01,1954-08-05,CE,20438.68,partner
6466,2023-12-28,1993-07-15,SP,3789.12,referral
6467,2023-01-27,1979-12-12,MG,11604.37,organic
6468,2024-10-09,1973-12-22,CE,10990.88,organic
6469,2024-11-17,2002-02-20,PE,19990.57,organic
6470,2024-06-07,2006-06-02,SP,21605.37,organic
6471,2026-03-03,1987-10-13,MG,13208.3,paid_search
6472,2023-04-23,2006-04-28,PE,4334.72,partner
6473,2024-11-10,1970-07-08,MG,15522.01,social_media
6474,2024-06-24,1971-09-14,MG,1500.69,organic
6475,2023-10-11,1954-09-18,PR,28542.58,paid_search
6476,2024-06-22,2001-02-02,PE,22254.52,social_media
6477,2023-05-12,1975-10-21,PR,4808.86,paid_search
6478,2026-07-29,1981-11-13,PR,11781.5,social_media
6479,2025-03-06,1994-11-23,SP,3224.49,social_media
6480,2025-12-03,2004-02-11,CE,16349.68,paid_search
6481,2023-05-08,1994-12-22,PR,9158.81,organic
6482,2023-11-04,1969-09-28,BA,5537.48,partner
6483,2025-02-04,1987-12-19,RS,9269.34,paid_search
6484,2023-05-30,1956-06-21,RS,14278.25,partner
6485,2023-01-26,1952-04-05,BA,3078.59,referral
6486,2024-06-03,1969-03-31,RS,6386.36,referral
6487,2024-09-29,1959-07-05,BA,12048.89,referral
6488,2026-07-28,1988-06-15,MG,23592.97,referral
6489,2026-06-20,1952-12-24,CE,23930.57,partner
6490,2023-07-04,1962-06-18,RS,6997.71,paid_search
6491,2023-08-30,1993-04-18,CE,15328.6,organic
6492,2026-02-06,1979-05-01,SP,26625.27,partner
6493,2025-04-12,1969-07-13,MG,19437.51,social_media
6494,2024-01-13,1958-05-25,MG,16747.75,social_media
6495,2024-10-25,1961-01-02,MG,13867.29,organic
6496,2026-04-16,1978-02-16,SP,28070.67,social_media
6497,2025-08-02,1991-04-22,RS,27322.54,organic
6498,2023-08-24,1968-06-21,RS,7904.04,partner
6499,2026-08-06,1981-11-27,PE,3318.4,organic
6500,2024-07-09,1991-07-15,PE,6592.79,social_media
6501,2023-08-12,1969-08-08,CE,26257.79,referral
6502,2026-01-03,1984-05-13,MG,29179.27,social_media
6503,2025-03-01,2000-06-17,RS,27353.08,referral
6504,2025-10-07,1952-09-09,PE,22961.61,partner
6505,2025-05-11,1962-01-05,BA,25482.0,partner
6506,2025-02-25,2003-07-22,PE,11623.4,social_media
6507,2025-01-22,2001-10-29,PR,28789.67,social_media
6508,2024-12-09,1962-09-04,SP,8435.28,social_media
6509,2023-03-16,2007-08-02,SP,21551.54,partner
6510,2023-08-04,1951-09-13,PR,22838.75,partner
6511,2023-03-09,1992-06-15,BA,18081.9,partner
6512,2024-04-10,1991-10-31,PE,4554.1,social_media
6513,2025-04-02,1966-12-05,PR,5376.18,organic
6514,2024-01-16,2001-06-06,SP,28725.45,social_media
6515,2023-12-11,1984-12-22,SP,3240.79,paid_search
6516,2023-12-03,1982-07-13,PE,17639.4,paid_search
6517,2024-01-02,1973-10-23,PE,12019.19,organic
6518,2026-03-15,1986-03-03,SP,19944.85,social_media
6519,2026-03-24,1975-01-09,CE,4836.88,partner
6520,2026-05-21,1999-09-16,MG,20040.03,partner
6521,2026-01-22,2004-11-08,MG,16287.15,partner
6522,2024-07-20,1994-04-28,SP,9651.85,partner
6523,2023-06-02,1957-12-22,CE,2883.56,referral
6524,2024-06-29,1987-01-05,BA,19589.85,referral
6525,2024-06-18,1975-09-14,BA,2024.45,partner
6526,2025-03-29,2003-01-04,RS,25733.61,partner
6527,2024-07-23,1971-06-04,SP,22994.45,social_media
6528,2026-01-14,1966-07-18,RS,20630.2,organic
6529,2023-12-22,1986-01-21,BA,22316.26,partner
6530,2025-07-28,1973-05-28,CE,14452.85,paid_search
6531,2026-02-15,1980-04-16,SP,26411.38,social_media
6532,2026-01-15,1979-03-16,PE,28197.12,paid_search
6533,2023-01-11,1968-05-02,RS,19055.49,organic
6534,2025-03-28,2006-01-31,SP,25902.11,partner
6535,2025-05-26,1960-12-14,RS,28327.11,partner
6536,2025-12-12,2005-04-17,CE,28600.77,referral
6537,2025-01-25,1979-06-16,PR,5589.9,social_media
6538,2023-12-24,2007-09-14,RS,1919.01,paid_search
6539,2023-12-20,2004-06-21,MG,1630.94,referral
6540,2024-12-26,1966-12-02,CE,4345.44,social_media
6541,2026-06-10,1991-03-28,BA,22603.78,social_media
6542,2024-10-01,1955-02-26,MG,20827.28,paid_search
6543,2025-01-28,1987-06-19,PE,12894.05,partner
6544,2026-07-27,1976-10-08,RJ,11611.8,referral
6545,2024-10-24,1953-08-28,RS,18940.25,social_media
6546,2024-04-19,1974-07-20,PR,13107.95,paid_search
6547,2025-04-03,1991-11-02,RJ,19403.53,organic
6548,2024-01-01,1981-07-22,BA,4128.52,organic
6549,2023-07-30,1956-03-05,CE,18350.58,referral
6550,2024-07-08,1965-11-24,SP,2513.77,social_media
6551,2023-12-23,2001-12-05,PR,26228.16,organic
6552,2023-10-13,1975-08-06,RJ,10524.83,partner
6553,2023-06-09,1976-11-13,BA,9744.96,partner
6554,2026-03-21,1986-08-27,RJ,21268.35,organic
6555,2024-08-11,1959-05-31,PR,28888.25,organic
6556,2023-07-23,1990-05-25,SP,28740.59,partner
6557,2025-07-23,1956-04-30,CE,13114.26,paid_search
6558,2025-08-14,1957-02-06,SP,23837.17,organic
6559,2026-05-07,1981-06-13,BA,16803.55,referral
6560,2026-04-02,1972-11-24,CE,12313.75,partner
6561,2025-10-20,1965-02-19,SP,15119.15,social_media
6562,2024-11-26,1964-03-17,RS,29393.39,referral
6563,2023-12-18,1959-09-30,RJ,12771.77,social_media
6564,2026-01-01,1961-05-08,BA,10695.01,paid_search
6565,2024-05-11,2000-11-04,RJ,8024.83,referral
6566,2026-07-04,1978-05-28,SP,22922.53,referral
6567,2026-06-14,1955-09-07,BA,12829.57,referral
6568,2024-10-06,1997-10-11,RJ,7788.71,paid_search
6569,2025-02-27,2000-06-30,PE,2348.38,organic
6570,2024-03-03,1952-09-05,MG,17850.32,social_media
6571,2025-11-14,1993-11-14,MG,27635.98,paid_search
6572,2024-11-06,1951-08-29,PR,24426.17,partner
6573,2024-08-14,1989-10-12,MG,4953.69,organic
6574,2023-03-24,1980-05-17,RS,26354.97,paid_search
6575,2023-04-15,1994-05-26,MG,9974.42,partner
6576,2026-02-06,2000-02-29,SP,29708.9,partner
6577,2024-11-28,1966-06-07,RS,13687.87,social_media
6578,2024-10-12,1957-05-04,PE,29729.7,organic
6579,2023-05-16,1953-09-15,SP,21799.47,partner
6580,2023-04-09,2002-06-03,MG,8061.32,referral
6581,2026-03-25,1999-11-08,CE,7085.38,partner
6582,2024-11-22,1967-09-02,RJ,16413.26,organic
6583,2024-02-01,1987-03-16,MG,14859.04,social_media
6584,2026-01-01,1953-03-29,RS,15523.51,partner
6585,2025-05-23,1989-09-16,SP,14820.29,partner
6586,2024-10-30,1985-09-01,RJ,5587.73,social_media
6587,2024-08-16,1995-10-07,CE,10421.66,partner
6588,2025-01-02,1954-10-11,SP,24218.73,partner
6589,2023-02-14,1981-05-06,SP,11984.29,referral
6590,2025-05-12,1982-12-10,MG,8081.11,social_media
6591,2024-01-05,1968-01-12,CE,21464.9,social_media
6592,2024-12-19,2004-01-02,PE,15628.94,organic
6593,2026-07-08,1981-04-18,MG,18106.14,organic
6594,2023-02-08,1973-10-12,RJ,7043.51,organic
6595,2025-12-30,1963-07-28,PR,6973.5,paid_search
6596,2026-02-11,1976-05-26,PE,4149.82,organic
6597,2024-04-05,1964-02-01,PR,4416.34,organic
6598,2025-05-09,1972-02-01,CE,14739.41,organic
6599,2026-03-31,1995-08-02,CE,11416.01,partner
6600,2026-06-11,1994-10-31,PE,20147.27,referral
6601,2023-07-20,1971-06-30,RS,21987.49,organic
6602,2025-10-31,1984-06-23,RS,10454.16,paid_search
6603,2024-04-29,1985-05-09,MG,26725.89,paid_search
6604,2026-02-13,2002-09-28,RS,13741.77,partner
6605,2025-06-15,1965-12-02,BA,14475.85,organic
6606,2026-07-01,1993-02-17,RS,24242.72,referral
6607,2026-06-27,1994-06-15,PR,5514.64,referral
6608,2024-09-21,2005-12-28,BA,22003.42,paid_search
6609,2026-07-21,1970-11-09,SP,16929.22,organic
6610,2026-07-01,2006-04-11,PR,4819.47,referral
6611,2025-12-19,1973-04-27,PR,12319.76,social_media
6612,2025-12-04,1954-06-16,PR,1756.74,partner
6613,2023-10-20,1963-08-08,PE,3570.78,paid_search
6614,2025-03-14,1992-03-27,RS,12849.6,social_media
6615,2025-02-26,1954-09-14,BA,2663.76,organic
6616,2023-07-16,1962-05-07,RJ,27983.1,organic
6617,2025-12-17,1980-05-05,SP,28934.85,paid_search
6618,2025-07-31,1955-05-04,MG,14603.34,paid_search
6619,2025-10-04,1986-01-30,BA,1873.11,social_media
6620,2024-03-10,1956-06-08,RS,7112.84,paid_search
6621,2023-12-06,1971-02-03,BA,15389.2,organic
6622,2025-03-07,1985-10-14,PR,27169.87,organic
6623,2026-05-28,1997-03-29,CE,3199.29,partner
6624,2024-05-27,1958-05-28,SP,11055.3,social_media
6625,2023-02-06,1960-05-30,SP,16499.75,partner
6626,2026-07-30,2007-08-12,SP,28032.25,referral
6627,2023-01-24,1993-07-05,SP,14657.94,partner
6628,2025-08-07,1954-08-03,PR,3128.41,organic
6629,2024-11-07,1976-06-03,SP,21601.0,paid_search
6630,2025-02-11,1990-07-26,PR,17618.4,organic
6631,2025-04-07,1979-06-02,RS,16611.14,organic
6632,2024-03-17,2001-12-14,CE,17704.82,social_media
6633,2026-05-10,2005-03-18,SP,17921.75,social_media
6634,2023-03-18,1991-04-13,MG,6069.09,social_media
6635,2023-03-28,1960-07-23,SP,17777.25,referral
6636,2025-03-24,1986-12-08,PE,23034.17,paid_search
6637,2023-09-19,1988-05-28,BA,28680.85,organic
6638,2025-06-23,1981-02-15,RS,28967.78,referral
6639,2023-01-12,2002-10-05,MG,26411.8,partner
6640,2024-02-29,1977-05-10,MG,11039.38,organic
6641,2026-01-14,1979-05-22,BA,19997.66,paid_search
6642,2023-11-16,1962-06-01,CE,19368.43,paid_search
6643,2023-08-07,1952-02-03,CE,19433.92,partner
6644,2024-10-03,1978-12-29,PR,19304.24,social_media
6645,2026-06-28,1972-01-01,BA,20723.71,organic
6646,2023-02-01,1956-05-21,MG,20806.74,referral
6647,2025-07-11,1993-09-24,MG,13087.05,referral
6648,2025-08-22,1974-02-20,PE,8310.96,social_media
6649,2025-07-21,1981-11-24,RS,9966.46,partner
6650,2024-03-01,1999-04-14,BA,24263.6,social_media
6651,2025-06-02,1988-11-06,MG,26925.52,paid_search
6652,2023-02-19,1971-07-26,PR,26652.78,referral
6653,2024-12-20,1998-02-07,MG,2361.17,referral
6654,2023-07-10,1973-01-29,PR,2681.03,organic
6655,2023-11-12,1994-03-25,PE,17077.05,organic
6656,2024-07-16,2002-12-27,PE,3072.63,referral
6657,2024-10-20,1983-12-18,CE,6762.28,paid_search
6658,2023-08-07,1995-01-08,PE,10974.05,paid_search
6659,2025-03-19,1980-04-25,MG,13119.34,organic
6660,2023-10-25,1986-05-04,CE,2354.35,organic
6661,2024-04-03,1965-11-12,RS,20918.19,organic
6662,2024-12-19,1963-07-31,RJ,29223.96,partner
6663,2025-03-22,1973-10-02,RJ,20250.05,social_media
6664,2026-06-02,1986-12-29,MG,10661.37,referral
6665,2024-01-07,2001-04-12,CE,16821.59,partner
6666,2024-07-18,1980-09-18,BA,17458.83,social_media
6667,2023-01-11,1976-04-11,BA,26205.46,referral
6668,2023-06-11,1976-02-25,BA,22662.95,referral
6669,2023-12-20,1967-12-11,RS,5842.0,paid_search
6670,2026-07-08,1966-09-16,SP,9362.82,partner
6671,2026-07-10,1962-03-26,RS,23423.52,organic
6672,2023-09-23,2005-09-17,PR,9623.11,social_media
6673,2026-07-30,2004-02-12,PE,21063.96,paid_search
6674,2023-03-15,1994-02-21,CE,2971.88,referral
6675,2024-10-09,2000-07-13,CE,9560.84,partner
6676,2023-12-28,1961-10-04,SP,16344.1,paid_search
6677,2024-05-27,1989-01-17,RS,9271.46,partner
6678,2025-03-26,2002-12-10,BA,27441.5,paid_search
6679,2026-05-06,1957-01-02,BA,11046.59,organic
6680,2026-03-31,1953-05-27,PE,28339.06,organic
6681,2023-11-01,1957-08-18,PE,12986.95,referral
6682,2025-07-10,1996-10-26,CE,8500.09,referral
6683,2024-05-18,1966-10-05,RS,8574.43,organic
6684,2023-07-25,2005-06-05,PE,15324.13,paid_search
6685,2023-06-29,2005-11-28,RJ,17326.95,social_media
6686,2026-01-23,1966-08-28,PR,27852.58,partner
6687,2026-07-23,1962-05-29,PE,16709.78,referral
6688,2023-09-29,1997-05-01,PE,25631.46,referral
6689,2026-08-10,2007-07-27,SP,16546.35,social_media
6690,2025-10-08,1987-02-08,MG,27928.19,organic
6691,2023-01-14,1997-08-06,RS,13156.43,social_media
6692,2024-05-26,1971-09-04,PR,18530.53,social_media
6693,2024-08-25,1965-01-18,CE,5598.66,social_media
6694,2023-02-20,1984-04-07,RS,11216.29,organic
6695,2023-06-07,1970-11-05,PE,26889.85,referral
6696,2025-08-16,1969-06-29,PR,26718.91,partner
6697,2026-05-26,2005-06-17,SP,15937.12,referral
6698,2023-12-22,1981-07-04,PE,12968.76,social_media
6699,2023-04-04,1977-01-06,BA,26238.74,organic
6700,2024-02-07,1995-04-04,RS,13398.57,referral
6701,2024-06-05,1966-06-06,BA,11752.23,paid_search
6702,2023-01-18,1986-03-13,RS,4438.93,social_media
6703,2023-08-13,1996-10-11,PE,12402.91,partner
6704,2024-09-28,1984-03-02,SP,5681.27,social_media
6705,2023-01-14,1964-03-07,PR,28473.15,social_media
6706,2025-12-24,1954-09-23,RJ,9090.3,partner
6707,2026-06-19,1992-04-15,BA,14177.15,organic
6708,2025-08-08,1980-12-02,CE,20286.11,partner
6709,2024-07-19,2005-06-13,SP,27021.68,organic
6710,2024-01-10,1975-08-05,RS,27557.6,social_media
6711,2023-07-12,1966-08-18,SP,6180.09,organic
6712,2023-06-30,1951-10-09,BA,7448.75,organic
6713,2025-01-30,1953-06-06,SP,8683.56,partner
6714,2025-04-02,2002-01-13,PR,27142.39,social_media
6715,2025-06-05,1957-02-03,RJ,18621.99,referral
6716,2024-01-30,1952-05-10,MG,13128.73,referral
6717,2025-12-10,1985-04-23,PR,24208.1,social_media
6718,2023-12-31,2003-03-20,SP,9956.02,social_media
6719,2025-09-29,1981-10-12,CE,6428.05,paid_search
6720,2023-08-12,1996-09-14,RJ,18511.12,partner
6721,2023-05-13,1970-03-02,RS,3127.94,organic
6722,2025-10-17,1997-02-02,RS,17687.36,referral
6723,2026-01-07,2004-09-22,BA,16956.13,partner
6724,2023-11-21,1983-06-04,SP,16464.9,paid_search
6725,2025-07-09,1951-04-20,RS,16363.26,referral
6726,2026-07-13,1979-08-04,MG,12462.14,organic
6727,2024-11-23,1956-02-21,SP,3414.6,referral
6728,2023-06-04,1996-11-10,BA,6125.49,organic
6729,2024-09-22,1986-05-23,RS,23779.19,organic
6730,2026-05-23,1957-04-04,PE,8546.59,paid_search
6731,2026-05-29,1983-04-10,MG,19469.17,paid_search
6732,2025-01-11,1967-04-26,CE,29030.0,referral
6733,2024-05-20,1978-02-05,PE,25510.78,social_media
6734,2023-06-05,2000-11-25,RJ,18340.43,organic
6735,2024-08-30,1988-11-02,CE,17824.11,referral
6736,2023-01-25,1967-12-15,RJ,13951.36,organic
6737,2025-12-12,2003-02-06,BA,4371.23,partner
6738,2023-10-18,1981-02-23,CE,27351.4,referral
6739,2024-12-28,1997-07-14,CE,5926.12,partner
6740,2026-01-04,1993-12-31,SP,24884.2,social_media
6741,2025-11-16,1988-03-25,CE,8796.44,organic
6742,2024-05-05,1997-08-09,MG,8477.16,organic
6743,2025-10-02,1973-05-27,RJ,29610.0,referral
6744,2025-04-05,1982-12-22,SP,11027.15,referral
6745,2023-08-14,1966-09-05,MG,16661.41,paid_search
6746,2024-09-07,1953-05-13,SP,4916.96,paid_search
6747,2026-04-01,1955-08-14,BA,5508.05,paid_search
6748,2023-12-14,1996-02-29,RJ,9925.15,social_media
6749,2024-01-28,1988-07-25,PE,7750.0,referral
6750,2023-05-23,2000-09-09,SP,28780.85,organic
6751,2024-06-11,1999-05-05,RJ,8624.37,organic
6752,2025-04-29,1979-01-26,BA,20931.05,paid_search
6753,2025-12-29,1980-11-04,PR,28611.82,organic
6754,2023-07-06,1981-04-21,MG,26550.05,organic
6755,2026-03-06,2006-08-01,SP,22843.37,organic
6756,2025-08-05,1993-03-14,RJ,29784.57,paid_search
6757,2026-04-22,1984-03-12,MG,11061.43,organic
6758,2025-11-11,1978-04-30,RJ,12850.53,partner
6759,2024-04-05,1963-08-05,BA,8833.23,partner
6760,2023-02-11,1984-11-22,SP,20690.85,partner
6761,2025-03-29,1957-12-22,MG,12027.38,social_media
6762,2024-01-03,1951-08-21,CE,11836.16,organic
6763,2024-06-25,1975-03-12,CE,24268.39,partner
6764,2025-04-03,1996-01-27,SP,4853.31,partner
6765,2023-05-24,1991-08-18,CE,27174.61,paid_search
6766,2025-08-31,1995-01-22,SP,21341.06,paid_search
6767,2023-11-07,1976-10-16,MG,20788.83,paid_search
6768,2024-04-24,2003-12-31,MG,27395.36,partner
6769,2025-02-03,1965-12-20,BA,23992.26,social_media
6770,2026-06-06,1965-09-04,RS,23907.67,referral
6771,2025-07-01,1952-05-19,RJ,28039.0,paid_search
6772,2026-07-20,1986-02-25,CE,5856.14,paid_search
6773,2023-07-17,1955-08-15,RJ,15433.27,paid_search
6774,2025-02-26,1968-10-05,MG,13579.55,social_media
6775,2023-09-04,1969-08-15,RS,9175.34,partner
6776,2023-04-17,1954-08-21,PR,19321.73,paid_search
6777,2025-11-25,1978-02-10,PE,29767.49,partner
6778,2024-04-22,1985-12-09,PR,21336.76,paid_search
6779,2025-06-22,1987-10-08,BA,18752.92,organic
6780,2024-09-14,2001-01-13,MG,10498.35,social_media
6781,2025-12-27,2003-10-04,BA,5622.54,social_media
6782,2023-11-14,1976-07-17,SP,14975.29,paid_search
6783,2024-01-16,2004-12-13,BA,23362.03,organic
6784,2025-09-10,1977-05-17,BA,7830.69,referral
6785,2025-12-30,1990-07-03,PR,21390.52,social_media
6786,2026-03-14,1979-12-30,BA,11853.13,organic
6787,2026-02-05,1952-02-08,BA,15576.74,partner
6788,2024-08-02,1993-09-03,PE,16140.81,organic
6789,2026-04-29,1995-04-29,RJ,20657.32,referral
6790,2024-11-02,1956-11-18,PE,7713.31,organic
6791,2025-05-31,1976-12-24,MG,13520.86,partner
6792,2023-07-29,1995-12-24,RJ,14296.93,referral
6793,2024-11-06,1952-07-17,BA,25925.8,partner
6794,2026-02-27,1962-09-15,SP,25269.43,social_media
6795,2025-05-03,1989-11-22,PE,2142.71,social_media
6796,2025-12-13,1972-05-31,MG,22641.72,partner
6797,2024-03-20,1986-04-26,PR,25215.86,social_media
6798,2023-09-19,1968-04-16,RJ,16307.38,partner
6799,2024-02-02,1964-12-13,SP,27579.61,referral
6800,2025-01-05,1953-01-21,BA,4527.96,referral
6801,2025-05-18,1954-10-07,BA,17778.08,social_media
6802,2025-06-02,2006-01-23,RJ,18349.83,referral
6803,2024-11-16,2004-01-17,RS,5373.6,partner
6804,2025-03-16,2003-12-02,BA,22388.13,partner
6805,2024-04-14,1977-09-19,BA,26242.75,partner
6806,2023-06-17,1981-03-14,SP,14007.53,referral
6807,2024-06-15,1976-04-19,RJ,23241.75,organic
6808,2026-05-22,1999-10-09,RJ,7727.47,partner
6809,2024-06-16,1982-07-15,RJ,3511.8,referral
6810,2026-05-20,1955-12-19,PE,25735.04,paid_search
6811,2025-12-24,1966-08-09,SP,2797.66,social_media
6812,2025-05-22,1973-08-24,MG,4060.04,referral
6813,2024-03-07,1961-07-17,BA,9853.56,referral
6814,2023-10-02,1964-05-09,RJ,28417.89,organic
6815,2024-03-16,2003-12-21,CE,20350.56,paid_search
6816,2026-08-07,2002-05-09,PE,23689.83,referral
6817,2026-08-31,1980-02-02,BA,25687.06,paid_search
6818,2023-08-01,1979-05-24,PE,6997.03,referral
6819,2026-06-29,1993-05-07,SP,2953.88,paid_search
6820,2023-05-03,1953-03-22,SP,2399.56,partner
6821,2025-01-30,2002-06-11,SP,24571.77,referral
6822,2023-05-15,1987-11-12,MG,26382.21,partner
6823,2026-08-19,1987-04-11,RS,21054.37,partner
6824,2023-04-22,1979-01-29,RS,8338.02,social_media
6825,2024-08-12,1989-06-17,PE,14083.6,referral
6826,2023-06-05,1974-08-30,RJ,2336.8,organic
6827,2023-07-25,1985-02-13,CE,15845.53,paid_search
6828,2024-02-05,1957-12-11,BA,7598.31,organic
6829,2026-01-02,1953-01-19,RS,2382.13,paid_search
6830,2023-08-29,1993-09-03,PE,5126.77,organic
6831,2024-04-18,2000-05-24,CE,27053.08,paid_search
6832,2023-09-01,1961-05-29,RJ,29171.72,organic
6833,2026-08-11,1980-07-08,RJ,18669.89,social_media
6834,2023-07-15,1996-04-28,MG,25661.35,social_media
6835,2025-01-11,1953-06-04,MG,2041.12,referral
6836,2025-04-05,1981-02-12,MG,3921.52,organic
6837,2024-11-04,2007-11-13,RS,9881.06,social_media
6838,2023-04-16,1976-03-28,BA,18757.16,paid_search
6839,2025-05-08,1953-08-31,RS,23923.83,referral
6840,2025-03-31,1970-05-24,RS,9267.68,partner
6841,2024-10-04,1976-10-25,MG,8526.42,paid_search
6842,2025-05-10,1955-11-10,BA,2901.42,social_media
6843,2024-10-10,1999-10-07,CE,28211.02,paid_search
6844,2024-05-17,1974-12-23,SP,10884.23,organic
6845,2023-05-15,1965-01-23,RS,19828.03,paid_search
6846,2024-12-17,1957-09-18,RJ,4119.94,organic
6847,2023-12-20,1989-06-26,SP,18217.73,organic
6848,2023-02-12,1995-03-05,PE,13580.72,social_media
6849,2024-01-16,1996-01-29,PR,4266.06,organic
6850,2026-03-13,1961-07-06,RJ,24109.64,organic
6851,2023-01-06,1980-01-22,MG,18758.97,referral
6852,2025-10-16,1989-07-31,RJ,17661.01,paid_search
6853,2024-01-31,1972-09-28,BA,9345.4,partner
6854,2024-12-06,1997-11-17,PE,25772.65,referral
6855,2024-05-09,2000-01-09,CE,4841.18,social_media
6856,2025-12-02,1970-01-07,BA,15144.27,organic
6857,2024-08-16,1993-09-20,PE,11138.04,paid_search
6858,2026-02-07,2007-07-27,PE,10476.24,referral
6859,2025-06-02,2005-06-07,SP,23778.08,paid_search
6860,2025-12-01,1955-10-13,BA,13440.33,referral
6861,2025-09-05,2007-07-28,CE,24770.9,referral
6862,2025-02-02,1961-03-20,RJ,15535.91,paid_search
6863,2024-05-10,1996-10-02,MG,6435.22,social_media
6864,2024-03-20,1998-01-09,BA,10103.4,partner
6865,2026-05-11,1993-09-02,PE,2703.49,referral
6866,2024-02-20,1959-03-26,SP,9776.4,organic
6867,2023-06-07,1975-02-09,BA,7519.5,referral
6868,2025-08-05,1958-04-01,MG,14417.08,paid_search
6869,2023-03-29,1963-06-21,PE,19018.33,paid_search
6870,2023-06-29,1958-06-14,RJ,25587.09,organic
6871,2025-03-25,1977-12-30,RS,28676.35,referral
6872,2025-12-10,2007-09-26,SP,18848.7,referral
6873,2023-04-28,2003-07-09,RS,11763.94,referral
6874,2023-06-17,1994-09-06,MG,5823.14,referral
6875,2024-10-10,1975-02-08,RS,23196.44,paid_search
6876,2025-07-28,1964-03-21,PR,24235.89,organic
6877,2023-02-06,1957-10-07,RJ,26684.26,paid_search
6878,2023-11-08,2001-12-12,SP,18640.74,referral
6879,2026-05-13,1963-03-20,RJ,21684.41,organic
6880,2025-02-15,1992-01-28,BA,20992.09,organic
6881,2025-06-13,1967-03-13,BA,17321.55,paid_search
6882,2026-08-09,2006-01-26,PE,10711.65,referral
6883,2024-10-07,2006-09-26,BA,20646.7,paid_search
6884,2025-10-19,1992-06-29,SP,24175.78,referral
6885,2025-04-09,1982-02-20,PR,27995.35,organic
6886,2024-07-05,1991-07-15,MG,17932.84,referral
6887,2024-09-22,1966-07-11,CE,13782.48,organic
6888,2024-12-02,1984-09-09,MG,27462.0,paid_search
6889,2023-04-29,1999-07-07,PE,8003.33,social_media
6890,2026-07-31,1989-05-28,MG,18528.26,partner
6891,2024-03-12,1970-05-12,RJ,26938.9,paid_search
6892,2025-08-04,1958-08-02,SP,25888.96,paid_search
6893,2025-01-25,1970-06-27,BA,24922.05,social_media
6894,2026-01-26,1967-05-10,BA,4522.84,partner
6895,2026-07-18,2004-11-19,PR,22756.63,partner
6896,2026-07-03,1969-08-01,CE,17384.47,paid_search
6897,2025-12-15,1991-02-05,PR,22687.67,organic
6898,2024-03-14,1969-03-10,BA,3004.3,organic
6899,2023-06-28,1954-06-08,RS,24059.72,partner
6900,2024-10-05,2004-01-26,RS,2579.97,partner
6901,2025-06-07,1976-07-29,CE,3211.94,social_media
6902,2025-11-01,1977-12-26,CE,11927.95,partner
6903,2025-03-28,2005-06-26,SP,2221.78,organic
6904,2025-10-01,1969-06-30,SP,23351.13,paid_search
6905,2023-05-19,1980-11-26,RJ,14997.26,social_media
6906,2025-12-17,1967-08-03,BA,7231.03,partner
6907,2025-09-25,1953-11-08,PE,3532.51,organic
6908,2023-05-23,1984-11-08,RJ,28121.19,social_media
6909,2025-09-30,1998-05-31,SP,23676.91,partner
6910,2026-02-10,1961-10-28,PR,20895.54,partner
6911,2026-02-06,1976-02-24,MG,25788.09,referral
6912,2024-11-03,2007-02-02,PE,19107.36,paid_search
6913,2026-06-09,1962-06-16,CE,12233.65,organic
6914,2026-06-30,1983-02-27,SP,19625.92,partner
6915,2023-05-29,1967-11-18,MG,20483.53,paid_search
6916,2023-04-10,1966-01-25,SP,16235.63,partner
6917,2026-06-15,1976-10-12,PE,22427.8,referral
6918,2026-08-20,1962-06-21,PE,6730.04,partner
6919,2023-11-05,1985-08-25,CE,17900.89,referral
6920,2023-08-08,1977-05-02,RJ,8005.0,paid_search
6921,2025-04-14,2000-04-26,RS,24532.65,referral
6922,2023-04-23,1972-07-14,RJ,29701.32,referral
6923,2025-10-24,1975-02-03,PE,15731.77,partner
6924,2023-12-06,1953-06-04,RS,27687.28,social_media
6925,2025-05-20,1986-05-04,BA,25462.01,referral
6926,2026-02-18,2003-06-28,PE,22929.48,organic
6927,2025-03-13,1971-10-26,SP,2451.96,referral
6928,2025-04-03,1975-08-03,BA,22389.51,organic
6929,2025-11-14,1952-07-15,PE,7990.98,paid_search
6930,2026-07-11,2001-10-23,RJ,7448.98,social_media
6931,2025-07-20,1982-02-28,CE,10118.12,partner
6932,2026-01-14,1979-09-21,RJ,15976.85,referral
6933,2026-08-10,1957-05-19,MG,19803.36,organic
6934,2024-10-29,1980-08-05,RS,15720.64,paid_search
6935,2023-04-12,1956-11-21,BA,21634.89,organic
6936,2025-02-06,1978-12-17,SP,19856.45,paid_search
6937,2024-04-13,1953-11-20,BA,7503.5,social_media
6938,2026-07-17,1955-03-14,RJ,12134.67,partner
6939,2026-07-31,1993-03-07,SP,13809.02,partner
6940,2026-05-02,1951-05-04,CE,8344.45,social_media
6941,2026-04-21,1972-06-21,MG,6948.68,partner
6942,2025-11-08,1953-05-04,PE,3798.23,referral
6943,2023-07-26,1969-06-29,BA,21900.45,organic
6944,2024-07-01,1953-04-23,MG,2421.07,partner
6945,2023-09-21,1979-06-19,RJ,6176.37,partner
6946,2024-05-07,1960-06-21,BA,6223.5,partner
6947,2023-01-24,1977-11-26,CE,13404.33,partner
6948,2023-09-01,1951-03-24,BA,7428.0,social_media
6949,2024-01-13,1991-06-09,CE,23001.06,social_media
6950,2025-07-06,1997-11-08,CE,12544.88,referral
6951,2023-03-29,1955-09-05,MG,25619.72,social_media
6952,2024-07-08,1999-06-16,PE,21521.85,paid_search
6953,2026-01-08,1979-05-30,PR,11158.0,partner
6954,2026-02-12,1956-07-17,SP,9969.17,partner
6955,2024-07-23,1998-02-02,PR,1909.74,organic
6956,2025-08-31,1962-07-26,MG,26102.52,social_media
6957,2026-03-04,1955-10-27,PE,16811.29,referral
6958,2025-05-07,1975-09-08,PE,2817.79,referral
6959,2025-02-19,1954-07-25,PE,20430.72,organic
6960,2026-05-18,1952-07-09,PR,9962.3,paid_search
6961,2026-05-13,1955-08-01,PR,5717.35,partner
6962,2023-12-11,2004-09-28,PE,9112.8,paid_search
6963,2025-06-23,1996-02-25,SP,18219.32,social_media
6964,2025-01-04,1990-01-09,BA,8078.38,organic
6965,2025-12-11,1954-09-23,SP,26260.62,social_media
6966,2024-03-09,2006-03-20,PR,4135.77,referral
6967,2024-03-04,1967-07-02,PE,11938.19,referral
6968,2023-12-16,1998-04-01,PR,5197.47,paid_search
6969,2023-08-20,2002-01-23,SP,16899.23,organic
6970,2025-01-14,1990-05-09,RJ,6589.77,referral
6971,2025-10-11,1982-04-22,SP,1766.03,social_media
6972,2025-02-17,1981-10-24,RJ,7593.01,paid_search
6973,2026-02-03,1962-02-21,BA,5149.04,organic
6974,2023-01-18,1951-04-02,PE,14266.5,social_media
6975,2023-02-22,2005-12-30,CE,26278.31,partner
6976,2023-12-13,1996-02-11,RJ,18134.44,social_media
6977,2024-04-15,2007-02-07,SP,17796.36,partner
6978,2024-08-17,1988-08-26,SP,2955.24,social_media
6979,2025-02-22,1975-05-17,PE,15147.38,partner
6980,2024-03-13,1976-02-06,CE,14114.35,referral
6981,2023-10-30,1962-04-05,RS,18744.81,referral
6982,2024-12-13,1955-08-12,SP,2401.79,social_media
6983,2026-03-17,2001-08-03,BA,25513.25,referral
6984,2024-08-26,1988-06-26,BA,14261.46,organic
6985,2024-03-18,1960-07-20,PE,2965.98,referral
6986,2023-08-19,1993-08-13,PE,17423.32,social_media
6987,2023-08-24,2003-04-25,MG,21806.4,organic
6988,2025-08-04,1981-03-31,RJ,9621.97,social_media
6989,2026-05-22,1999-10-08,SP,27392.82,partner
6990,2024-06-25,1994-05-25,PR,21202.49,organic
6991,2026-04-13,1998-02-20,PR,20778.99,organic
6992,2023-02-13,1993-12-16,MG,28655.34,social_media
6993,2025-11-18,1973-11-10,MG,11819.12,paid_search
6994,2023-08-13,1959-07-04,MG,1758.84,organic
6995,2025-11-04,1988-10-20,CE,29463.44,social_media
6996,2026-01-15,2001-09-01,RS,6622.64,social_media
6997,2025-08-02,1955-05-22,RJ,13040.09,organic
6998,2023-01-31,1985-01-28,RJ,12957.65,paid_search
6999,2023-08-11,1978-03-18,RJ,8991.18,paid_search
7000,2023-10-22,1957-07-22,PR,11820.4,paid_search
7001,2024-08-27,1952-01-10,PR,9626.97,paid_search
7002,2026-02-18,1969-10-15,MG,3542.62,social_media
7003,2026-04-30,1958-03-26,BA,15200.94,paid_search
7004,2026-07-22,1997-06-01,CE,23699.65,paid_search
7005,2026-02-02,1956-02-11,RJ,15153.84,partner
7006,2024-10-18,1988-08-26,SP,4627.47,referral
7007,2026-02-02,1999-04-22,BA,17137.13,referral
7008,2024-01-23,1991-10-03,PR,21474.59,referral
7009,2024-04-01,1974-10-14,PE,7075.12,paid_search
7010,2023-07-29,1961-03-01,RS,19678.22,organic
7011,2025-09-17,1969-05-22,RS,16555.82,paid_search
7012,2023-07-16,1993-12-14,PR,26261.04,social_media
7013,2025-08-14,1954-06-23,RS,22716.32,paid_search
7014,2024-11-17,1958-03-08,RJ,14477.1,organic
7015,2023-08-02,2004-11-13,CE,15862.76,partner
7016,2026-08-27,1979-03-23,MG,17245.97,social_media
7017,2023-07-17,1990-03-26,CE,15824.09,social_media
7018,2024-10-04,1955-06-05,MG,21274.31,social_media
7019,2025-09-13,1964-04-07,PE,29754.47,paid_search
7020,2025-09-24,1992-05-23,RS,10460.62,social_media
7021,2026-05-23,1996-10-22,PR,3655.95,referral
7022,2023-01-05,1960-08-25,CE,25281.96,partner
7023,2025-05-28,1999-09-08,BA,5368.0,partner
7024,2023-10-28,1966-05-13,SP,23292.57,referral
7025,2023-03-18,1958-03-29,BA,1870.15,organic
7026,2026-07-10,1972-03-23,BA,13566.26,partner
7027,2023-05-04,1983-06-30,PR,12751.03,social_media
7028,2025-07-16,1996-12-12,PR,3525.37,partner
7029,2024-03-24,1964-04-12,MG,16851.18,partner
7030,2025-04-13,1995-07-22,PR,25728.17,partner
7031,2025-07-07,1972-04-21,CE,6845.54,organic
7032,2025-02-02,1970-10-22,BA,5633.55,partner
7033,2025-11-23,1992-12-27,CE,23097.98,social_media
7034,2024-08-01,1968-09-10,RS,24834.38,organic
7035,2026-03-10,1972-01-05,PE,19002.05,referral
7036,2025-05-09,1969-07-15,BA,17589.86,partner
7037,2025-02-04,1975-01-24,PE,13176.21,referral
7038,2023-10-07,2000-10-08,PE,19533.8,social_media
7039,2023-04-24,1991-12-10,PR,6122.87,organic
7040,2026-05-23,2000-01-13,CE,21662.47,organic
7041,2024-12-22,1999-05-09,SP,9621.57,partner
7042,2024-02-20,1998-05-12,CE,5684.94,social_media
7043,2023-06-14,1961-03-19,PE,16233.86,referral
7044,2024-11-16,1988-08-06,RJ,4861.3,paid_search
7045,2025-10-25,1952-11-22,PE,29579.81,organic
7046,2026-01-28,1985-10-10,PE,13988.94,referral
7047,2023-04-24,1965-07-18,RJ,28208.41,partner
7048,2024-10-17,1980-01-14,BA,26567.43,organic
7049,2025-07-12,1991-12-19,BA,25609.08,referral
7050,2024-03-16,1990-05-09,PR,26243.1,organic
7051,2023-03-05,1999-02-18,RS,24208.86,social_media
7052,2023-02-18,2006-05-20,PE,11897.58,paid_search
7053,2025-10-19,2006-11-16,RJ,8253.95,partner
7054,2025-10-14,1960-10-02,SP,13363.0,social_media
7055,2025-03-03,2000-03-18,PR,5897.83,social_media
7056,2024-04-11,1967-06-11,RJ,10546.1,social_media
7057,2026-04-23,1953-03-05,RJ,29370.92,organic
7058,2024-10-18,2004-08-09,RJ,22784.96,partner
7059,2025-09-26,1995-07-12,SP,7273.59,partner
7060,2025-02-21,1991-05-02,CE,28025.17,organic
7061,2026-05-25,1974-04-30,RJ,20363.95,organic
7062,2025-04-25,1956-12-23,RS,12603.74,paid_search
7063,2024-05-02,1957-12-07,BA,29585.8,referral
7064,2026-06-05,1956-12-06,CE,21882.77,referral
7065,2023-05-30,1976-11-11,BA,14569.8,social_media
7066,2025-06-11,1972-06-20,PR,8218.93,paid_search
7067,2025-09-07,1984-02-12,RS,8936.69,paid_search
7068,2024-01-13,1974-03-26,RJ,2976.45,organic
7069,2024-10-18,1974-06-13,RJ,27548.56,partner
7070,2024-12-06,1984-01-20,SP,14153.2,referral
7071,2024-12-21,1996-07-04,RS,1767.54,organic
7072,2025-02-20,1974-09-10,PE,22135.34,paid_search
7073,2025-10-18,1963-05-17,RS,2231.06,referral
7074,2025-05-20,1963-03-24,PR,7261.54,partner
7075,2023-04-02,1997-04-17,RS,29281.21,organic
7076,2025-05-13,1982-01-04,CE,25381.48,social_media
7077,2023-06-13,1992-10-04,PE,23832.74,referral
7078,2026-06-09,1981-12-03,RS,16005.38,partner
7079,2026-04-12,1995-08-08,MG,7467.13,partner
7080,2025-09-02,1956-01-26,MG,8304.55,referral
7081,2023-04-13,1975-05-20,RJ,7507.95,referral
7082,2025-10-09,1980-04-20,PE,4163.79,social_media
7083,2025-10-09,1955-10-24,RJ,27584.74,organic
7084,2025-07-05,1959-05-25,MG,12296.95,partner
7085,2023-09-10,1984-01-16,BA,20348.62,social_media
7086,2023-03-22,1963-08-17,BA,10588.28,referral
7087,2026-04-20,1962-01-28,RJ,14865.71,organic
7088,2023-07-19,1982-03-31,PR,12971.73,referral
7089,2026-03-12,1972-07-16,CE,7500.02,referral
7090,2024-05-18,1987-06-26,RJ,18947.12,organic
7091,2024-09-13,1985-05-01,SP,7487.76,partner
7092,2025-12-15,2000-02-15,PR,12449.2,paid_search
7093,2026-03-23,1970-02-12,MG,23773.39,paid_search
7094,2023-10-19,1966-11-01,PE,10184.18,paid_search
7095,2025-04-27,1952-10-16,MG,24664.15,paid_search
7096,2023-06-19,1981-11-13,MG,21768.51,referral
7097,2026-06-16,1976-03-11,SP,2297.04,referral
7098,2025-11-07,1957-01-04,RJ,14951.99,paid_search
7099,2025-07-05,2005-11-09,BA,17174.35,organic
7100,2025-04-11,1983-12-01,RJ,11734.05,paid_search
7101,2026-05-06,1987-07-10,BA,16039.25,partner
7102,2026-05-20,1970-05-08,SP,24098.42,organic
7103,2026-04-07,1953-06-10,BA,6875.19,paid_search
7104,2024-11-27,1980-02-07,BA,28227.4,organic
7105,2026-03-06,1954-12-23,SP,12338.77,partner
7106,2025-10-23,1980-12-27,PE,7684.41,organic
7107,2024-06-23,1988-11-20,PR,17330.75,organic
7108,2024-01-05,1964-06-30,CE,18506.0,organic
7109,2023-03-24,2002-11-27,RS,10946.14,partner
7110,2026-06-06,1970-12-17,MG,25905.03,partner
7111,2025-08-03,1993-04-15,BA,23856.98,paid_search
7112,2025-11-29,1969-04-27,PE,17185.3,organic
7113,2024-05-01,1957-11-05,PR,4619.33,social_media
7114,2024-02-13,1993-01-23,BA,18362.41,social_media
7115,2025-09-15,1976-07-22,PR,25600.94,organic
7116,2023-10-02,1977-06-05,CE,7821.12,organic
7117,2025-10-22,2006-03-05,PR,28491.7,paid_search
7118,2025-05-26,1959-04-20,CE,15323.0,organic
7119,2023-01-17,1989-11-28,PE,4716.82,paid_search
7120,2025-04-19,2004-06-23,PR,3645.29,partner
7121,2025-06-26,1955-07-07,SP,10889.03,organic
7122,2025-09-05,1991-11-30,BA,7545.24,partner
7123,2025-04-04,1954-03-15,CE,23047.63,partner
7124,2025-10-04,1960-10-13,PE,25131.89,referral
7125,2024-12-07,1957-10-13,CE,26513.83,partner
7126,2025-10-17,1993-09-06,PR,15688.08,partner
7127,2023-06-07,1963-10-30,CE,20093.41,social_media
7128,2026-04-24,2001-10-18,PR,13580.49,paid_search
7129,2023-04-01,1952-12-25,PE,12183.48,social_media
7130,2026-06-04,1965-01-21,PR,7396.01,organic
7131,2025-04-21,1980-07-29,SP,24134.75,referral
7132,2023-04-02,1978-11-10,RJ,29057.68,paid_search
7133,2023-03-23,1972-10-15,PE,24610.46,partner
7134,2024-05-13,1992-08-15,PE,13473.29,social_media
7135,2024-09-18,2000-11-06,BA,17993.79,social_media
7136,2023-04-15,1951-02-16,SP,14846.27,organic
7137,2024-04-11,2005-01-07,MG,6924.99,referral
7138,2025-05-08,1995-12-13,CE,8445.66,partner
7139,2023-12-17,1966-08-05,RS,15199.53,organic
7140,2026-08-24,1953-04-18,SP,15811.52,social_media
7141,2023-11-26,1956-11-18,CE,13655.77,paid_search
7142,2025-08-11,1976-04-08,CE,7615.04,paid_search
7143,2025-07-08,1984-11-11,RJ,18342.07,referral
7144,2025-01-12,1957-09-19,RS,23008.09,referral
7145,2024-06-23,1992-07-27,MG,5873.26,social_media
7146,2024-06-18,1970-06-14,PE,27369.04,paid_search
7147,2024-09-24,1994-06-04,MG,24824.04,social_media
7148,2023-10-16,1986-11-24,CE,13808.98,organic
7149,2024-10-22,1953-11-14,BA,24406.53,partner
7150,2023-06-10,1953-07-03,MG,2780.19,organic
7151,2025-01-29,2001-11-06,RJ,3175.54,paid_search
7152,2025-11-02,1960-05-12,PR,13139.63,social_media
7153,2026-02-05,2002-02-27,SP,26499.17,organic
7154,2024-06-01,1975-03-29,SP,16737.68,social_media
7155,2024-12-22,1959-05-29,PE,1615.45,referral
7156,2024-10-04,1971-05-02,RJ,25264.23,partner
7157,2023-08-23,2002-05-22,PR,24872.32,social_media
7158,2025-08-25,2005-09-10,CE,2959.71,social_media
7159,2025-05-21,1953-06-29,RS,27524.35,paid_search
7160,2026-04-30,1967-01-08,PE,3012.34,organic
7161,2024-02-21,1967-04-20,PE,16456.97,organic
7162,2025-01-03,1993-01-02,MG,7996.4,referral
7163,2025-07-24,1977-01-29,RJ,4433.87,partner
7164,2026-02-02,1966-10-21,RJ,4952.49,paid_search
7165,2026-07-30,1955-09-04,RJ,21947.35,partner
7166,2025-07-19,1974-07-25,MG,16648.95,partner
7167,2025-04-02,2002-07-23,SP,8304.3,social_media
7168,2026-03-14,1977-04-10,RS,29461.85,partner
7169,2024-12-19,1959-01-31,RS,22684.57,social_media
7170,2024-06-14,1985-11-22,RJ,17581.4,social_media
7171,2026-06-25,2000-10-31,RS,11037.19,paid_search
7172,2025-08-09,1974-09-02,BA,12913.12,referral
7173,2026-04-11,1955-10-11,RJ,24346.45,referral
7174,2025-05-26,1958-09-20,CE,22539.32,partner
7175,2024-02-14,1995-12-11,SP,26853.78,paid_search
7176,2023-08-27,1981-09-23,PE,2544.69,partner
7177,2023-03-05,1997-01-13,RS,25924.35,social_media
7178,2025-10-29,1974-06-24,RJ,3204.45,partner
7179,2024-03-20,1980-05-18,PE,16441.0,social_media
7180,2026-08-28,1992-11-08,RS,29345.23,referral
7181,2024-08-04,1969-11-25,CE,6255.04,paid_search
7182,2024-06-19,1998-10-13,RS,17077.44,paid_search
7183,2025-06-12,1998-04-25,CE,20336.78,organic
7184,2025-10-19,1967-11-15,PR,18684.58,organic
7185,2025-03-02,1978-08-21,PE,3529.52,referral
7186,2024-02-10,1991-10-12,SP,25843.16,organic
7187,2026-08-04,1975-08-25,BA,12491.05,referral
7188,2024-10-23,1951-09-24,MG,6903.28,referral
7189,2024-11-13,2003-09-09,RJ,11717.56,referral
7190,2023-09-30,2004-03-18,MG,9970.02,partner
7191,2023-05-18,1979-12-20,CE,14455.43,social_media
7192,2025-06-12,1997-09-30,PE,4430.13,organic
7193,2025-09-23,1967-02-05,PE,24973.42,social_media
7194,2024-01-25,1996-01-24,CE,7172.45,partner
7195,2025-10-18,1985-08-12,CE,8309.47,partner
7196,2024-08-15,2003-02-22,RS,5822.62,referral
7197,2024-12-19,1962-09-02,SP,4661.19,organic
7198,2024-07-21,2002-05-18,SP,11457.69,referral
7199,2023-09-28,1993-07-16,BA,17068.34,social_media
7200,2026-07-20,1998-03-25,RJ,15266.69,organic
7201,2025-07-13,1968-06-19,MG,2721.39,paid_search
7202,2024-04-28,1952-08-16,RS,6336.31,organic
7203,2023-04-12,1975-11-29,MG,17011.12,organic
7204,2025-04-04,1998-09-02,SP,12109.86,referral
7205,2025-02-16,1966-11-02,RJ,3714.56,partner
7206,2025-02-05,1969-12-17,CE,23994.5,paid_search
7207,2024-12-08,1956-10-29,PE,26605.14,referral
7208,2026-02-02,1984-07-10,PR,3424.18,paid_search
7209,2025-10-23,1951-10-04,PE,18199.56,social_media
7210,2024-07-26,2006-04-09,PR,4212.29,referral
7211,2026-08-09,1997-07-03,RS,8446.98,partner
7212,2023-04-13,1971-12-18,CE,5047.57,partner
7213,2023-09-26,2005-03-09,BA,24594.19,social_media
7214,2024-04-02,2004-11-29,MG,23029.45,organic
7215,2026-03-22,1956-12-31,BA,21138.01,partner
7216,2026-08-05,1954-10-10,CE,26455.28,partner
7217,2024-03-11,2003-10-21,BA,19225.05,referral
7218,2025-09-04,1959-11-26,BA,8402.54,paid_search
7219,2024-10-31,2005-04-30,BA,14649.8,partner
7220,2024-11-03,1952-09-22,SP,7992.12,organic
7221,2024-10-14,1954-06-06,RS,21274.76,social_media
7222,2025-07-14,1954-08-05,SP,24443.74,organic
7223,2025-07-02,1978-11-10,SP,10089.36,partner
7224,2023-11-01,1973-09-07,PR,22042.17,paid_search
7225,2023-11-08,1991-09-15,CE,23039.54,partner
7226,2023-04-07,1992-06-16,CE,21026.57,paid_search
7227,2023-09-08,1981-11-10,BA,1556.33,social_media
7228,2024-10-02,1976-05-21,BA,9734.4,social_media
7229,2026-02-11,1988-08-10,MG,13956.83,organic
7230,2023-08-31,1979-07-09,SP,18556.69,paid_search
7231,2023-03-17,1977-11-23,CE,7812.46,organic
7232,2025-01-18,1974-02-04,MG,12587.29,partner
7233,2025-04-02,1996-07-26,CE,13546.71,partner
7234,2026-08-17,1965-05-13,RJ,16226.0,referral
7235,2026-05-11,1979-04-03,SP,12816.87,referral
7236,2023-04-04,1995-08-04,RJ,12396.97,referral
7237,2023-02-19,1998-11-28,SP,27276.89,partner
7238,2024-12-29,1999-10-12,PR,7696.26,organic
7239,2025-03-17,1989-03-02,MG,13058.11,partner
7240,2023-11-27,1966-06-22,BA,20952.21,social_media
7241,2023-01-24,1983-09-16,PR,10208.34,referral
7242,2026-02-23,1997-07-29,PE,29525.71,organic
7243,2025-11-08,1984-01-30,BA,10553.82,partner
7244,2025-07-23,1992-10-16,SP,29206.92,referral
7245,2025-04-07,1976-06-18,MG,10703.97,social_media
7246,2023-10-23,1986-03-18,RS,20798.09,partner
7247,2023-03-06,1984-01-07,MG,4583.34,paid_search
7248,2025-02-28,1985-05-22,PE,25112.92,referral
7249,2024-03-09,1969-09-24,MG,24278.55,paid_search
7250,2025-02-28,1971-07-02,BA,5899.22,referral
7251,2026-05-24,1981-08-07,SP,16169.2,referral
7252,2025-04-03,1958-10-08,BA,19835.28,partner
7253,2023-06-19,1992-10-23,PE,4030.31,organic
7254,2024-05-14,1982-05-09,RS,19368.94,referral
7255,2025-09-03,1955-11-14,PR,2412.44,paid_search
7256,2025-06-09,1951-09-06,PE,16953.21,referral
7257,2023-08-22,1986-10-28,CE,16199.62,organic
7258,2023-06-12,1972-07-14,MG,21361.92,organic
7259,2024-09-25,1990-06-27,PE,22739.34,organic
7260,2026-04-16,1983-06-26,PE,6385.81,social_media
7261,2025-10-26,1985-01-25,SP,21810.51,partner
7262,2024-09-01,2001-12-28,BA,7457.44,partner
7263,2024-07-20,1991-10-22,PR,8821.68,referral
7264,2024-07-23,1955-11-18,CE,23468.01,paid_search
7265,2024-03-21,1951-06-05,CE,23643.27,paid_search
7266,2025-07-04,1970-02-06,PR,14112.32,referral
7267,2024-06-29,1980-11-04,CE,2993.2,partner
7268,2024-02-08,1989-05-11,PE,29972.9,organic
7269,2024-06-07,2004-12-13,CE,28594.2,social_media
7270,2026-04-30,1971-03-23,RJ,9060.71,referral
7271,2025-12-02,1993-04-27,CE,13430.44,social_media
7272,2023-05-25,1962-02-02,BA,25773.0,organic
7273,2026-06-17,1989-09-25,RS,25326.09,social_media
7274,2023-10-19,1963-02-26,PE,12584.84,partner
7275,2023-10-25,1977-02-14,RJ,24186.79,partner
7276,2024-08-14,1966-08-09,PE,2712.95,referral
7277,2023-12-14,1995-10-14,PE,13625.38,social_media
7278,2024-09-05,1952-03-24,PR,22983.36,referral
7279,2024-02-27,1988-09-09,MG,7694.4,social_media
7280,2023-03-10,1991-12-04,BA,19498.15,referral
7281,2024-01-06,1990-05-11,BA,4676.99,social_media
7282,2023-01-07,1958-12-11,CE,22879.49,organic
7283,2025-04-25,1984-09-21,MG,25929.23,paid_search
7284,2025-03-05,1951-07-02,MG,18315.14,organic
7285,2023-12-30,1972-03-23,SP,23109.67,paid_search
7286,2024-11-08,1966-10-10,SP,29694.37,paid_search
7287,2023-10-20,1967-01-02,PR,1781.74,organic
7288,2024-02-12,1974-01-02,MG,18629.94,social_media
7289,2023-03-07,1982-10-04,BA,6400.93,paid_search
7290,2023-11-05,1963-01-25,PE,16013.24,social_media
7291,2025-12-13,1955-11-10,MG,21292.53,paid_search
7292,2024-03-17,2003-10-30,SP,21379.77,social_media
7293,2024-03-26,1966-04-30,CE,14216.69,partner
7294,2023-03-21,1994-11-04,SP,7994.35,referral
7295,2026-08-10,1988-04-13,RJ,3012.04,paid_search
7296,2024-09-24,1987-03-03,SP,12949.87,social_media
7297,2024-02-11,1972-09-06,CE,23234.68,paid_search
7298,2023-07-03,1989-12-21,PE,8395.85,partner
7299,2023-09-28,2000-02-05,RS,22974.89,referral
7300,2024-04-06,1964-04-18,PE,2246.34,referral
7301,2023-10-25,2006-11-09,MG,4203.85,partner
7302,2024-12-07,2007-02-26,PE,25665.34,organic
7303,2023-05-31,1971-08-13,RJ,19857.11,organic
7304,2024-09-19,1958-03-29,CE,7642.59,paid_search
7305,2023-07-16,1957-09-29,CE,14819.48,partner
7306,2023-02-27,1980-07-20,PE,28773.71,paid_search
7307,2024-01-17,1980-11-07,PR,15890.92,social_media
7308,2025-01-11,1977-07-03,RS,13338.03,social_media
7309,2024-12-07,1979-01-19,PR,4597.47,referral
7310,2024-12-01,2000-11-05,SP,17756.32,referral
7311,2024-08-26,1984-03-08,PE,27457.68,referral
7312,2026-03-18,1959-01-06,RJ,3592.23,paid_search
7313,2025-05-16,1996-03-12,BA,13240.87,referral
7314,2025-03-15,1965-02-04,RS,14348.8,referral
7315,2026-03-07,1964-12-03,RJ,20663.96,social_media
7316,2025-08-16,2004-08-17,PE,25989.89,referral
7317,2024-12-09,1982-06-13,CE,9729.2,partner
7318,2023-07-27,1987-11-09,PE,6558.83,paid_search
7319,2025-03-23,1977-06-28,CE,17466.28,partner
7320,2023-10-08,1985-01-23,RS,14358.99,referral
7321,2025-04-19,1958-05-22,CE,14958.22,organic
7322,2026-01-10,1968-12-24,BA,12049.78,referral
7323,2024-12-26,1971-12-05,PE,17868.74,paid_search
7324,2024-05-31,1985-05-15,MG,24907.52,partner
7325,2026-02-18,1992-08-26,BA,14371.76,referral
7326,2023-06-30,1951-03-21,BA,24309.06,organic
7327,2025-05-08,1989-05-31,MG,27077.61,social_media
7328,2026-06-22,1974-02-14,MG,21579.51,paid_search
7329,2023-02-20,2008-01-01,PR,12789.58,paid_search
7330,2023-08-17,1981-06-16,BA,15934.14,organic
7331,2025-03-20,1961-08-15,CE,23715.83,paid_search
7332,2026-01-31,1973-08-31,MG,22166.09,organic
7333,2025-03-17,1983-01-07,CE,4468.97,paid_search
7334,2023-02-05,1954-10-19,RS,12971.58,paid_search
7335,2023-12-13,1973-06-23,RJ,28769.47,partner
7336,2025-05-03,2004-04-15,RS,20413.51,organic
7337,2026-02-11,1982-02-10,RJ,8604.07,referral
7338,2026-02-03,1955-03-24,PR,17503.22,organic
7339,2026-02-24,1972-06-25,SP,11418.2,social_media
7340,2026-08-30,1998-01-27,PE,16676.56,referral
7341,2023-05-27,2002-03-07,RJ,3330.37,social_media
7342,2023-07-04,1967-01-12,PE,3985.16,paid_search
7343,2025-04-05,1994-12-11,BA,22397.12,paid_search
7344,2025-12-28,1988-12-17,RJ,23269.02,referral
7345,2025-07-30,1970-07-14,SP,8366.1,paid_search
7346,2025-12-07,1996-03-04,PE,17240.96,partner
7347,2023-10-12,2006-05-01,RJ,2600.48,organic
7348,2024-05-14,1957-06-04,RJ,29606.93,partner
7349,2024-06-16,2000-09-13,CE,22964.54,referral
7350,2024-06-25,1968-06-17,PR,21109.37,referral
7351,2024-03-06,1977-08-20,RS,21930.57,paid_search
7352,2023-12-31,1994-01-07,MG,17569.97,social_media
7353,2026-01-17,1952-05-28,PE,23061.06,referral
7354,2026-01-01,1980-03-12,SP,4974.48,paid_search
7355,2023-11-04,1968-12-03,CE,21807.87,paid_search
7356,2026-03-23,1998-08-06,CE,25546.75,partner
7357,2024-11-26,1987-07-16,PR,13738.71,referral
7358,2025-12-31,1980-01-31,PE,8215.45,social_media
7359,2024-09-06,1963-03-07,BA,20501.4,social_media
7360,2026-05-15,1975-04-08,RJ,18585.79,paid_search
7361,2023-05-11,1958-07-09,PE,28829.78,partner
7362,2025-12-30,1982-07-12,RS,10988.03,partner
7363,2023-01-04,1973-05-13,MG,19757.5,partner
7364,2025-06-01,1956-04-28,MG,24622.27,social_media
7365,2024-08-21,1981-09-16,RS,21061.74,social_media
7366,2025-12-24,1951-07-01,RS,7784.76,paid_search
7367,2025-08-14,1996-03-22,PE,26627.47,referral
7368,2026-01-20,1992-08-10,PE,15265.44,referral
7369,2023-05-19,1957-09-27,CE,13197.07,organic
7370,2024-01-01,1993-03-02,SP,15141.75,organic
7371,2025-12-12,1971-10-11,RS,25631.32,paid_search
7372,2024-02-08,2003-07-23,SP,1966.86,referral
7373,2024-12-23,1977-06-24,MG,3412.41,referral
7374,2025-01-16,1996-08-19,PR,21658.3,organic
7375,2025-12-19,2006-11-24,BA,28443.07,organic
7376,2023-05-05,1979-09-01,RS,27824.87,referral
7377,2024-01-24,1997-05-22,RS,11659.43,partner
7378,2026-05-16,1953-12-31,CE,24435.1,partner
7379,2025-05-28,1962-10-07,PE,27902.19,social_media
7380,2024-08-24,1958-09-26,MG,11639.06,partner
7381,2026-06-15,1980-04-18,CE,21350.65,partner
7382,2024-08-08,1956-11-24,MG,27363.97,paid_search
7383,2026-01-23,1962-07-17,BA,19998.17,partner
7384,2026-05-14,1995-12-23,PE,24694.3,partner
7385,2023-07-11,1998-02-12,RJ,7925.35,organic
7386,2025-02-12,1960-11-28,RS,24225.56,paid_search
7387,2023-03-13,1953-10-06,CE,20258.51,partner
7388,2026-04-16,1951-07-22,RS,21527.54,organic
7389,2025-08-13,1968-08-25,PE,11562.21,referral
7390,2024-12-07,1993-04-14,MG,12177.16,partner
7391,2025-10-04,1964-05-08,MG,6377.03,paid_search
7392,2026-01-09,1969-07-12,RS,24439.9,paid_search
7393,2023-04-04,2007-01-22,RS,4982.74,social_media
7394,2025-11-13,1989-03-08,RS,18171.99,social_media
7395,2025-04-26,1952-04-15,RS,5777.25,organic
7396,2025-04-26,1977-03-02,SP,11960.53,partner
7397,2025-12-20,1969-08-08,BA,22591.9,paid_search
7398,2023-10-28,1984-11-10,RS,28858.29,referral
7399,2025-09-30,1953-03-27,BA,27990.79,paid_search
7400,2024-05-04,1970-01-07,BA,10033.52,paid_search
7401,2025-05-05,1978-04-27,SP,15530.31,paid_search
7402,2023-08-19,1972-06-11,MG,10355.11,organic
7403,2023-04-26,1963-11-02,RJ,27571.76,referral
7404,2023-07-13,1980-01-14,CE,14724.74,paid_search
7405,2024-07-07,1988-08-11,MG,29868.16,organic
7406,2026-01-08,1971-02-12,RS,28541.92,referral
7407,2026-05-17,1980-07-16,RJ,11623.92,organic
7408,2024-01-06,2004-05-27,BA,1684.18,paid_search
7409,2026-06-19,1998-04-17,SP,13533.75,partner
7410,2023-04-08,2002-10-02,BA,5520.08,organic
7411,2026-04-27,1970-10-15,BA,27530.15,partner
7412,2025-05-30,1964-11-04,CE,9303.59,referral
7413,2026-07-01,1978-12-21,BA,17755.14,paid_search
7414,2026-06-08,1984-11-29,CE,2212.59,partner
7415,2025-09-28,1998-05-22,MG,21137.3,paid_search
7416,2025-04-22,1953-06-22,SP,18860.52,partner
7417,2024-10-10,2005-05-15,MG,21766.08,organic
7418,2024-12-07,1997-11-24,BA,13112.09,partner
7419,2023-12-05,2005-12-14,RJ,24510.79,organic
7420,2025-12-04,1953-10-28,RJ,23289.58,partner
7421,2024-06-13,1998-03-21,CE,7496.91,partner
7422,2023-10-20,2002-08-27,RS,8873.9,referral
7423,2026-04-09,1974-12-18,PR,18976.59,referral
7424,2023-02-08,1964-04-29,PR,26946.2,organic
7425,2024-11-12,1980-01-01,PE,25984.22,paid_search
7426,2026-07-06,1991-03-29,PR,27580.85,referral
7427,2025-01-08,1998-09-07,MG,24565.55,paid_search
7428,2025-02-24,1997-09-28,RS,7231.8,referral
7429,2025-04-08,1985-11-28,PR,15288.65,paid_search
7430,2024-02-16,1980-03-12,CE,26422.52,referral
7431,2024-06-09,1955-07-10,RJ,7562.87,social_media
7432,2026-01-22,1961-09-20,RS,28497.88,partner
7433,2025-05-20,1976-06-12,PE,18921.71,organic
7434,2026-08-22,1953-07-19,BA,29456.79,referral
7435,2025-09-04,1976-06-17,SP,18301.41,referral
7436,2024-10-11,1959-04-09,SP,2774.71,paid_search
7437,2026-08-23,1998-01-18,MG,19247.08,organic
7438,2023-07-08,1973-07-10,SP,11242.33,social_media
7439,2025-09-29,1973-02-12,PE,19647.12,referral
7440,2024-04-05,1986-05-15,BA,3726.85,paid_search
7441,2026-01-20,1992-07-24,RS,15987.49,social_media
7442,2025-11-18,2007-10-28,BA,20311.87,organic
7443,2025-08-19,1957-12-06,PR,23523.37,social_media
7444,2025-02-04,1989-01-02,BA,23138.43,referral
7445,2023-05-22,2003-10-09,CE,3767.45,referral
7446,2025-05-27,1989-08-10,MG,21472.33,social_media
7447,2023-07-28,1953-01-20,RJ,7575.03,referral
7448,2025-12-17,2007-04-18,CE,22628.16,partner
7449,2025-01-27,1955-02-09,PR,9652.31,organic
7450,2023-03-05,1992-04-01,RJ,9226.79,partner
7451,2024-10-13,2006-04-11,SP,25374.27,partner
7452,2023-07-15,1999-05-11,RJ,19948.57,referral
7453,2025-10-19,1975-09-04,CE,10340.4,paid_search
7454,2024-04-29,1988-03-16,SP,13801.04,referral
7455,2024-02-18,1971-09-14,PE,25890.71,partner
7456,2026-02-23,1997-08-31,PR,22337.36,paid_search
7457,2023-12-23,1956-01-14,CE,24907.05,organic
7458,2026-08-31,1984-01-15,BA,19101.76,partner
7459,2026-03-31,1960-02-25,CE,19740.93,organic
7460,2025-11-11,1971-09-12,PE,14955.66,organic
7461,2026-05-11,1985-02-01,PE,24755.81,social_media
7462,2025-02-19,1996-07-18,PR,3282.97,organic
7463,2026-08-04,1994-12-07,RJ,8654.22,partner
7464,2025-06-18,2002-10-23,CE,10442.31,paid_search
7465,2026-01-27,1967-03-26,RS,10987.79,organic
7466,2024-02-18,1975-05-08,BA,2008.93,referral
7467,2026-02-02,1988-07-18,RJ,24946.69,referral
7468,2024-07-11,1958-01-21,PR,10850.35,partner
7469,2024-07-01,1978-01-15,BA,26235.93,social_media
7470,2025-03-10,1953-06-01,RJ,29194.26,referral
7471,2025-10-04,1998-04-07,RS,12318.36,social_media
7472,2025-01-31,2007-12-31,CE,25788.86,referral
7473,2025-02-01,1981-05-12,PE,25161.02,social_media
7474,2023-10-15,1994-11-07,PE,23454.74,social_media
7475,2025-11-30,2001-12-20,RS,6824.58,social_media
7476,2024-06-27,1956-03-07,MG,18841.14,referral
7477,2024-09-10,1963-10-15,SP,26171.31,paid_search
7478,2024-03-30,1994-09-22,SP,20588.07,referral
7479,2024-05-14,2004-09-14,RS,18107.45,organic
7480,2023-11-04,2001-12-25,RJ,20389.29,social_media
7481,2025-02-21,1972-12-11,RS,23759.12,organic
7482,2024-09-17,1982-10-03,PE,12189.01,organic
7483,2025-06-17,1959-11-24,BA,5030.03,partner
7484,2024-01-30,1984-03-28,SP,9063.47,organic
7485,2026-04-14,1989-04-30,SP,7822.88,paid_search
7486,2023-07-11,2006-01-11,PE,21142.51,referral
7487,2024-06-30,1978-05-22,RS,12692.98,social_media
7488,2023-04-13,1983-08-26,CE,25171.91,partner
7489,2023-10-30,1961-10-18,RJ,16724.63,paid_search
7490,2025-10-19,1973-10-05,RS,13725.15,social_media
7491,2024-10-06,1955-07-24,BA,3710.42,organic
7492,2023-01-21,1976-06-24,RJ,10690.93,social_media
7493,2025-04-02,1985-06-18,RJ,15324.45,paid_search
7494,2024-04-24,1988-11-12,PE,14059.84,organic
7495,2026-01-31,1999-08-18,PE,15490.29,referral
7496,2026-07-26,1979-08-23,SP,19356.87,social_media
7497,2025-05-09,1951-08-03,PR,19764.86,organic
7498,2026-01-12,1962-04-26,CE,10903.51,partner
7499,2025-06-11,1959-08-31,PE,29592.15,paid_search
7500,2025-12-20,1979-04-21,PE,11570.39,organic
7501,2023-04-03,1962-05-04,BA,15325.05,social_media
7502,2024-07-02,1969-11-21,RS,17006.12,partner
7503,2025-10-02,1953-07-11,RJ,27210.77,referral
7504,2026-02-18,2001-02-09,PR,4268.61,partner
7505,2024-08-06,1957-12-18,BA,23527.55,organic
7506,2024-04-21,1971-08-01,RJ,2211.27,organic
7507,2024-09-11,2005-04-28,RS,3441.65,social_media
7508,2026-03-01,1965-12-06,RS,21054.63,paid_search
7509,2025-08-10,1975-11-24,RS,16448.14,paid_search
7510,2025-02-04,2000-12-20,RS,19645.19,paid_search
7511,2025-11-22,1952-07-08,PE,7804.21,referral
7512,2024-03-17,1963-05-23,RJ,29672.1,partner
7513,2024-12-25,1982-05-16,MG,4251.57,paid_search
7514,2023-10-13,1998-05-03,BA,25389.38,referral
7515,2025-03-02,2005-03-14,RJ,2475.1,partner
7516,2023-08-12,1965-03-17,PE,5470.62,paid_search
7517,2025-01-25,1974-01-01,BA,15175.68,social_media
7518,2023-08-20,2004-01-19,BA,18931.09,organic
7519,2024-08-14,1954-03-08,MG,17915.21,referral
7520,2025-03-27,1998-01-16,PR,25359.11,paid_search
7521,2024-10-26,1996-08-01,PR,26078.59,organic
7522,2025-07-01,1997-04-22,BA,13979.09,social_media
7523,2023-05-10,1984-01-10,SP,26093.39,organic
7524,2025-09-14,1987-07-20,PR,9161.5,paid_search
7525,2024-10-17,1951-06-08,SP,14918.86,paid_search
7526,2026-04-10,1996-07-28,PR,28363.95,paid_search
7527,2025-11-22,2007-03-30,CE,24329.25,partner
7528,2023-02-11,1973-01-26,RJ,27458.74,referral
7529,2025-12-10,2004-11-01,BA,21105.03,organic
7530,2024-04-22,1958-12-05,PE,23618.52,organic
7531,2026-04-29,1984-01-01,PE,8546.05,referral
7532,2025-03-07,1997-10-25,RS,2257.15,organic
7533,2025-05-28,1960-02-28,RS,25557.05,referral
7534,2024-11-14,1953-02-24,SP,12249.38,social_media
7535,2025-07-18,1961-11-24,SP,14596.73,paid_search
7536,2026-08-28,1959-04-26,MG,24246.67,organic
7537,2026-07-22,1954-06-14,PR,26615.88,social_media
7538,2024-05-08,1963-03-13,SP,6519.13,referral
7539,2023-11-09,1965-05-03,CE,18833.79,partner
7540,2025-08-13,2003-07-19,PR,14535.67,organic
7541,2026-03-23,1970-12-15,SP,14097.67,referral
7542,2024-04-10,1988-04-02,MG,4572.35,organic
7543,2023-10-16,1983-12-17,BA,27043.0,social_media
7544,2024-10-05,1951-05-21,BA,15474.6,referral
7545,2026-02-24,1951-03-25,CE,3430.47,partner
7546,2025-07-13,1993-08-30,PR,19188.36,organic
7547,2024-02-13,1963-03-06,SP,13110.13,referral
7548,2025-06-22,1993-08-19,PE,8873.13,paid_search
7549,2025-05-08,1981-05-06,RJ,8576.41,referral
7550,2025-04-02,1952-07-11,PR,18841.82,organic
7551,2023-03-05,2000-03-20,MG,22460.06,partner
7552,2024-03-13,1971-02-19,RJ,16710.15,organic
7553,2026-04-10,1991-04-06,RJ,24004.8,paid_search
7554,2026-08-17,1989-09-25,SP,20720.96,social_media
7555,2023-12-10,1963-12-24,PR,2780.0,referral
7556,2025-10-07,1990-08-20,BA,1672.65,partner
7557,2025-09-22,1953-02-27,SP,16030.25,paid_search
7558,2026-04-12,2001-02-13,PE,18096.17,referral
7559,2024-09-16,1965-07-27,MG,5030.76,partner
7560,2025-01-15,1983-10-28,MG,9138.22,partner
7561,2023-12-07,1991-12-07,CE,3319.75,paid_search
7562,2023-01-23,1998-08-18,MG,28010.43,organic
7563,2025-05-09,1986-11-18,RS,5149.23,social_media
7564,2026-06-05,1954-02-03,SP,26647.7,social_media
7565,2023-04-23,1990-11-14,PR,20630.24,paid_search
7566,2025-06-04,1978-07-29,PR,4573.6,referral
7567,2024-05-07,1953-10-15,BA,22667.36,partner
7568,2023-06-10,2007-05-15,BA,21318.51,social_media
7569,2026-07-09,1990-09-19,RJ,26733.36,organic
7570,2023-07-06,1967-03-02,RJ,8944.94,partner
7571,2024-03-17,2007-12-26,BA,25264.71,partner
7572,2024-04-29,1971-06-29,PR,9183.98,partner
7573,2025-03-06,1958-02-07,SP,15136.49,social_media
7574,2024-04-09,1993-11-24,CE,19637.17,partner
7575,2024-10-05,1962-07-08,RJ,2271.39,referral
7576,2023-08-05,1956-08-30,CE,21888.19,partner
7577,2026-05-05,2000-09-11,MG,3123.3,referral
7578,2024-03-10,1956-04-24,MG,27060.75,organic
7579,2023-06-28,1972-11-25,MG,27298.72,paid_search
7580,2023-10-04,1984-10-23,PR,10297.23,social_media
7581,2023-01-04,1974-04-20,PR,23933.08,paid_search
7582,2023-08-21,1951-02-19,PR,26649.7,paid_search
7583,2026-06-08,1954-03-31,PE,23691.25,partner
7584,2023-04-14,1982-04-02,SP,10428.2,social_media
7585,2024-07-17,1974-08-03,BA,6257.54,referral
7586,2026-08-24,1963-01-08,MG,9774.22,social_media
7587,2026-05-03,1981-05-24,RS,4551.62,organic
7588,2023-01-16,1976-05-22,PE,29192.1,organic
7589,2025-05-23,1960-03-19,CE,25153.33,referral
7590,2024-09-03,2005-03-29,SP,22140.07,organic
7591,2024-10-29,1980-05-31,SP,17630.17,referral
7592,2024-08-03,1978-04-04,PE,23298.2,partner
7593,2026-03-31,1958-05-11,SP,4602.92,social_media
7594,2025-06-03,1972-12-16,BA,26262.67,referral
7595,2024-09-10,1969-03-15,MG,9564.55,referral
7596,2024-10-08,1952-10-14,MG,16291.57,paid_search
7597,2025-12-06,2005-10-19,CE,5270.8,paid_search
7598,2025-09-26,1995-12-08,BA,10484.42,partner
7599,2023-10-20,1972-06-17,RJ,23410.37,paid_search
7600,2026-04-14,1989-03-06,PE,11778.41,social_media
7601,2023-06-18,1957-04-16,CE,10546.81,organic
7602,2023-09-28,1999-07-23,PE,20854.19,partner
7603,2025-03-03,1980-03-22,PE,22473.13,partner
7604,2026-07-22,1969-06-12,CE,5417.38,partner
7605,2023-11-17,1957-09-05,MG,18688.02,paid_search
7606,2025-03-22,1959-01-28,PR,19984.72,social_media
7607,2023-01-03,1988-11-29,RJ,13012.88,partner
7608,2024-03-14,1952-11-07,RJ,22730.81,social_media
7609,2024-03-23,1982-04-20,RS,8207.14,organic
7610,2023-11-17,1982-09-17,PE,16583.43,referral
7611,2023-09-09,1998-09-29,CE,5949.55,social_media
7612,2026-01-17,1975-12-11,CE,20759.4,paid_search
7613,2023-03-19,1956-07-06,PE,10160.41,paid_search
7614,2023-04-08,1961-05-12,CE,22041.99,paid_search
7615,2023-06-08,1957-12-08,CE,29411.6,social_media
7616,2026-01-26,2007-11-12,RS,10579.55,partner
7617,2023-07-21,1979-05-22,PE,12704.41,partner
7618,2026-07-01,1990-10-14,RJ,3391.28,referral
7619,2026-02-20,1956-11-07,PR,20611.33,paid_search
7620,2025-08-01,1954-09-16,SP,13525.1,paid_search
7621,2025-12-05,1967-12-08,MG,7988.26,referral
7622,2025-07-08,1983-12-03,BA,23403.32,organic
7623,2024-01-08,1973-02-06,CE,2385.33,social_media
7624,2024-04-21,1989-01-23,MG,29947.53,social_media
7625,2025-08-07,1989-05-12,PE,2458.37,paid_search
7626,2026-07-12,1954-06-26,PE,29892.13,organic
7627,2023-02-16,1975-04-03,CE,25451.36,partner
7628,2023-04-25,1960-08-26,PR,7865.71,social_media
7629,2024-10-27,1953-07-12,MG,3873.21,organic
7630,2024-07-27,1972-08-30,PE,7795.72,social_media
7631,2024-03-31,1969-12-23,RS,24762.18,paid_search
7632,2024-03-30,1991-01-13,RJ,9117.98,partner
7633,2024-02-24,1995-03-27,RS,11046.76,referral
7634,2025-12-05,1968-09-07,MG,24041.21,referral
7635,2023-04-08,2000-05-24,RS,12465.89,referral
7636,2024-01-05,1982-01-18,RS,14842.68,organic
7637,2024-12-11,1984-01-15,BA,13116.4,paid_search
7638,2025-05-22,1962-03-22,MG,12608.19,organic
7639,2023-03-06,1997-10-09,RJ,20489.75,referral
7640,2023-06-17,1956-09-18,RJ,9534.39,partner
7641,2024-03-06,1992-04-20,RJ,21716.68,paid_search
7642,2024-12-10,1960-01-24,PR,27620.73,organic
7643,2026-02-03,2003-04-27,RJ,29820.42,social_media
7644,2026-08-07,1982-10-28,CE,28738.82,partner
7645,2023-05-06,1957-06-18,RJ,21535.04,referral
7646,2024-09-03,1965-12-16,PR,10244.24,paid_search
7647,2023-06-27,1999-03-08,MG,29494.69,referral
7648,2024-07-13,2004-04-27,PR,9968.21,organic
7649,2024-07-03,1979-01-19,RJ,28478.6,referral
7650,2023-02-03,1977-11-11,PE,18958.97,partner
7651,2023-04-01,1974-07-19,SP,22068.42,organic
7652,2025-10-26,1978-11-15,BA,9199.51,partner
7653,2023-10-31,1978-06-28,PR,24740.28,partner
7654,2025-07-19,2007-03-10,SP,24520.36,social_media
7655,2026-06-06,1988-10-03,CE,24849.7,partner
7656,2024-10-01,1982-05-01,PE,27789.05,paid_search
7657,2025-07-23,1991-08-09,RJ,12120.09,paid_search
7658,2023-08-15,1983-03-23,SP,21702.41,social_media
7659,2024-09-07,1995-01-18,PR,5025.27,organic
7660,2025-02-14,1954-01-17,BA,2968.06,referral
7661,2025-04-11,1989-08-11,MG,9269.74,referral
7662,2023-04-06,1964-07-12,BA,15688.49,referral
7663,2026-03-17,1984-05-22,RJ,7698.22,organic
7664,2024-10-14,1991-09-04,MG,22279.72,social_media
7665,2025-03-02,2004-11-11,BA,26788.24,organic
7666,2023-03-12,1994-06-14,BA,16550.86,social_media
7667,2025-12-14,1981-09-28,PE,8006.65,paid_search
7668,2024-12-11,1989-07-27,PR,17139.61,referral
7669,2024-03-27,1999-07-13,RJ,17674.31,organic
7670,2025-12-13,2006-01-20,BA,2797.52,social_media
7671,2023-05-06,1992-07-17,PE,12953.58,paid_search
7672,2023-02-26,1951-12-21,RJ,29794.65,paid_search
7673,2024-10-08,1986-07-26,RJ,17371.82,social_media
7674,2026-04-19,1968-08-15,CE,23937.3,social_media
7675,2023-09-11,1998-04-04,BA,2820.49,partner
7676,2023-08-28,1969-05-23,BA,1719.02,referral
7677,2023-04-16,1954-09-30,PE,20593.45,paid_search
7678,2025-01-10,1970-01-09,PE,4029.99,paid_search
7679,2026-08-30,1962-12-31,RJ,28135.23,partner
7680,2024-06-24,1961-01-16,BA,21291.19,social_media
7681,2023-05-17,1985-11-13,CE,6401.97,partner
7682,2023-03-24,1951-05-14,MG,4595.74,social_media
7683,2025-11-15,2005-12-04,CE,16652.18,referral
7684,2025-02-21,1989-09-12,RJ,5385.27,paid_search
7685,2026-05-15,1961-04-23,RJ,17433.81,partner
7686,2026-07-08,1953-01-19,RJ,16153.51,social_media
7687,2025-11-07,1993-02-01,MG,28636.38,social_media
7688,2026-08-15,1964-08-31,SP,25997.83,paid_search
7689,2024-12-09,1964-08-31,RJ,7329.91,referral
7690,2025-09-21,1958-08-30,SP,10702.91,referral
7691,2026-02-27,1987-08-29,BA,9230.44,social_media
7692,2025-01-11,1957-09-27,RJ,6816.61,partner
7693,2026-03-04,1952-12-02,MG,24551.45,social_media
7694,2024-03-14,1973-11-02,PR,20073.15,social_media
7695,2026-06-03,1975-05-11,RS,25736.03,partner
7696,2025-08-03,1965-11-07,MG,23641.21,social_media
7697,2023-02-03,1958-08-06,RS,23094.19,paid_search
7698,2024-11-30,1978-02-15,PR,21167.24,organic
7699,2023-08-08,1991-06-15,RS,6326.93,partner
7700,2026-04-27,2006-08-28,PE,27093.3,partner
7701,2023-09-06,2001-10-19,PR,24781.79,referral
7702,2025-12-20,2003-04-02,PE,11617.31,paid_search
7703,2025-04-22,1989-08-28,RS,16609.04,organic
7704,2023-06-15,2006-06-28,BA,20637.06,referral
7705,2024-11-19,1974-12-16,CE,17655.0,paid_search
7706,2025-10-10,1999-01-19,PR,24353.76,partner
7707,2024-09-21,1967-08-29,MG,12581.61,referral
7708,2026-06-15,1984-08-19,RJ,2883.76,social_media
7709,2025-01-09,1953-10-08,SP,13430.55,organic
7710,2026-08-11,1956-09-21,MG,25419.59,referral
7711,2024-05-08,1978-12-26,MG,27235.41,partner
7712,2024-08-13,1962-01-15,RS,9087.29,referral
7713,2026-04-09,1989-02-16,SP,5884.13,organic
7714,2024-11-14,1990-02-25,CE,25119.46,partner
7715,2024-07-19,1958-06-09,BA,25476.21,paid_search
7716,2025-10-22,1960-10-02,SP,11683.69,partner
7717,2023-04-01,2006-10-09,CE,22296.66,referral
7718,2024-04-26,1982-09-17,SP,17771.21,paid_search
7719,2023-04-08,1976-12-25,CE,4349.82,paid_search
7720,2025-09-23,2003-07-24,CE,7410.17,referral
7721,2026-02-11,1954-01-25,CE,24325.99,social_media
7722,2024-11-19,1994-05-16,SP,13513.68,partner
7723,2025-10-24,1990-04-07,RS,6422.11,organic
7724,2023-02-14,1956-01-16,BA,1875.39,referral
7725,2026-06-10,1985-07-24,PR,14877.17,organic
7726,2023-02-20,1964-08-27,RS,4772.01,paid_search
7727,2024-11-12,1966-02-28,BA,18564.48,referral
7728,2025-01-15,1989-01-16,BA,11824.08,referral
7729,2025-10-15,1962-01-23,RS,26168.35,organic
7730,2023-07-02,1966-07-07,CE,20713.33,partner
7731,2024-09-27,1985-05-10,PR,11996.07,social_media
7732,2023-03-03,1997-11-09,RS,6259.61,organic
7733,2025-05-01,1973-05-09,RJ,24117.23,social_media
7734,2026-02-16,1971-06-27,MG,29677.15,organic
7735,2025-03-11,1954-07-21,CE,17760.54,referral
7736,2024-06-02,2005-11-19,PE,15991.1,referral
7737,2025-06-12,1989-06-03,PE,26550.19,social_media
7738,2026-05-06,1977-06-04,SP,22887.87,organic
7739,2026-07-26,1961-03-29,MG,8248.23,partner
7740,2025-05-13,1958-08-24,SP,9463.35,social_media
7741,2025-10-15,1985-07-27,CE,7990.09,organic
7742,2025-02-18,1968-09-12,PE,29257.18,referral
7743,2023-06-26,1952-10-21,PR,17388.23,paid_search
7744,2026-05-18,2002-05-17,CE,22984.6,paid_search
7745,2024-08-04,1979-05-22,RJ,18106.21,paid_search
7746,2024-06-25,1963-12-02,BA,20065.59,social_media
7747,2023-05-06,1964-07-22,CE,20721.02,organic
7748,2024-12-10,1973-12-15,SP,16461.79,referral
7749,2023-03-09,1994-12-09,SP,3092.37,paid_search
7750,2025-02-28,1996-08-09,RS,14023.11,partner
7751,2023-07-27,1971-02-24,SP,23072.36,organic
7752,2025-07-26,1990-11-19,PE,5507.16,paid_search
7753,2023-12-13,1956-05-22,PE,12556.72,referral
7754,2026-05-17,2006-06-07,RJ,3862.65,paid_search
7755,2024-11-29,1959-10-04,PE,5392.5,paid_search
7756,2024-07-30,1962-08-26,BA,4137.66,paid_search
7757,2023-11-15,1956-07-05,PE,20527.76,paid_search
7758,2025-09-26,1953-05-07,PR,19860.7,organic
7759,2026-04-02,1992-07-13,BA,19456.81,organic
7760,2025-06-25,1996-09-02,BA,24993.15,social_media
7761,2024-06-02,1953-05-27,RS,29195.11,referral
7762,2025-01-13,1990-10-16,PR,10941.36,referral
7763,2024-11-19,1951-02-18,CE,19115.38,social_media
7764,2025-03-25,1981-05-19,RS,9059.12,paid_search
7765,2026-02-24,1971-06-11,MG,19295.51,referral
7766,2023-10-28,1960-05-08,CE,27614.82,partner
7767,2024-09-18,1980-03-15,RJ,5940.5,organic
7768,2026-02-16,1970-07-09,PE,4252.83,social_media
7769,2026-03-17,1953-11-24,CE,7211.56,organic
7770,2026-06-13,2002-12-29,CE,16461.55,referral
7771,2025-10-02,2002-03-26,CE,20885.99,referral
7772,2026-07-01,1959-12-28,CE,11026.99,organic
7773,2026-06-01,1998-08-30,RS,12811.69,paid_search
7774,2024-09-09,1969-01-31,SP,27630.89,paid_search
7775,2024-07-02,1982-01-09,RS,6424.38,social_media
7776,2025-05-18,1954-11-24,BA,8154.44,social_media
7777,2025-09-11,1987-08-06,PR,2828.95,partner
7778,2023-07-17,1977-12-06,MG,23763.26,partner
7779,2026-04-15,1962-02-27,PE,10171.89,social_media
7780,2023-07-10,1987-09-05,SP,22564.45,referral
7781,2023-07-28,1997-03-18,PR,17774.45,paid_search
7782,2023-05-22,1953-03-30,MG,15059.52,paid_search
7783,2023-09-10,1984-03-06,SP,24550.61,social_media
7784,2025-02-24,1957-03-29,PR,6781.61,referral
7785,2023-05-26,1982-05-25,BA,7515.91,partner
7786,2024-06-10,1955-02-16,CE,22297.32,referral
7787,2023-07-05,1956-04-24,CE,6806.33,organic
7788,2024-10-30,1985-08-03,RS,12939.96,organic
7789,2026-04-11,1975-02-26,PE,6170.36,organic
7790,2026-07-31,1975-05-19,PR,22328.19,organic
7791,2024-11-18,1996-06-01,MG,18949.63,paid_search
7792,2025-05-21,1981-04-28,BA,13273.42,paid_search
7793,2024-09-18,1952-11-26,PR,9160.43,referral
7794,2023-08-21,1976-10-23,CE,19174.65,referral
7795,2025-01-06,1980-02-26,RS,13245.63,social_media
7796,2025-02-08,1995-01-04,RJ,4594.53,partner
7797,2024-01-18,1985-10-17,MG,10491.3,partner
7798,2023-11-09,1991-03-19,BA,3173.39,organic
7799,2023-03-27,1986-04-06,RS,22943.84,partner
7800,2025-08-09,2006-05-24,BA,2657.29,paid_search
7801,2025-03-12,1985-03-23,BA,7209.4,paid_search
7802,2025-08-23,1988-01-06,SP,9531.35,paid_search
7803,2024-03-07,2001-07-09,PR,29765.11,partner
7804,2024-07-21,1968-06-20,PR,15003.08,referral
7805,2023-10-15,1970-06-12,BA,28985.53,social_media
7806,2024-09-20,1968-06-04,SP,17713.59,partner
7807,2026-05-22,1973-04-29,SP,15189.2,organic
7808,2024-04-21,1984-04-19,MG,24961.09,partner
7809,2025-10-08,1956-04-17,BA,13447.92,organic
7810,2024-09-08,1958-10-26,PR,5311.04,social_media
7811,2023-09-27,1952-06-25,RJ,9546.87,social_media
7812,2023-11-09,1959-01-30,RS,26023.67,partner
7813,2025-10-04,1975-12-14,RS,24425.43,referral
7814,2023-05-24,1958-03-27,PE,8381.49,paid_search
7815,2025-04-13,2004-11-18,BA,23410.98,paid_search
7816,2025-02-04,1998-08-26,BA,14818.4,referral
7817,2026-02-20,1961-03-10,PR,6018.63,organic
7818,2025-06-24,1952-09-21,PE,19930.04,partner
7819,2023-04-13,1963-07-06,PE,14065.6,paid_search
7820,2023-01-31,1967-09-05,PE,10551.15,social_media
7821,2023-12-27,1981-09-13,PR,8106.65,paid_search
7822,2024-10-27,1951-04-12,RJ,24675.09,partner
7823,2025-11-20,1990-06-12,RJ,1866.75,referral
7824,2025-12-02,1988-11-18,CE,23974.51,partner
7825,2023-10-10,2006-01-30,PR,24922.75,partner
7826,2026-01-10,1972-04-26,BA,26578.29,partner
7827,2025-09-08,1964-04-15,MG,3995.67,organic
7828,2025-02-11,1966-06-10,MG,14006.76,referral
7829,2026-01-06,1982-07-17,SP,5619.71,social_media
7830,2025-02-23,1990-05-17,SP,18311.31,paid_search
7831,2023-09-17,1989-11-25,SP,12181.54,social_media
7832,2026-04-09,1961-09-29,BA,20201.67,organic
7833,2024-01-24,1970-06-30,RS,8409.13,partner
7834,2023-04-23,1995-05-14,CE,7582.38,social_media
7835,2024-02-04,1989-11-10,PE,22647.38,organic
7836,2025-04-13,1996-12-13,BA,21508.62,social_media
7837,2023-06-20,1993-10-04,BA,27171.9,social_media
7838,2026-05-11,1963-02-10,PE,5643.48,organic
7839,2025-10-29,1990-07-26,SP,13922.59,partner
7840,2024-06-17,1960-12-29,BA,13536.9,referral
7841,2025-04-30,1963-10-25,BA,26681.08,partner
7842,2026-02-06,1995-07-19,RJ,23215.81,social_media
7843,2024-02-25,1972-03-20,RS,5994.45,referral
7844,2025-05-14,1971-07-28,SP,19394.59,organic
7845,2023-10-30,1954-05-19,RS,22221.68,social_media
7846,2025-07-07,1974-10-05,SP,9628.19,paid_search
7847,2024-08-15,1992-08-04,BA,10005.51,referral
7848,2024-12-14,1972-06-10,RS,27759.49,referral
7849,2024-08-29,1990-09-03,PE,15833.17,partner
7850,2023-03-07,1985-05-29,RJ,2520.77,referral
7851,2024-03-27,1977-05-03,RJ,12077.79,organic
7852,2024-07-23,1966-10-20,SP,6995.48,paid_search
7853,2025-12-14,1964-11-26,RS,10425.11,partner
7854,2026-06-08,1989-05-17,BA,9193.72,referral
7855,2024-01-20,1985-05-09,RS,4127.44,organic
7856,2024-12-03,1982-10-10,RJ,18082.02,paid_search
7857,2023-05-23,1990-11-05,SP,22645.83,social_media
7858,2025-02-14,1982-06-19,RJ,7668.65,partner
7859,2025-10-01,1955-01-14,CE,23699.71,referral
7860,2023-03-05,1991-05-01,PR,23100.89,organic
7861,2024-07-08,1997-10-20,CE,14584.76,organic
7862,2025-11-15,1956-05-08,MG,5425.11,paid_search
7863,2025-04-02,1988-09-06,PE,3102.31,partner
7864,2025-08-04,1967-05-21,MG,10401.52,organic
7865,2024-01-06,1957-08-08,SP,13384.12,social_media
7866,2024-07-19,2007-01-28,CE,8601.27,organic
7867,2025-08-29,2004-08-19,MG,2862.95,social_media
7868,2025-11-21,2005-01-11,CE,5770.45,partner
7869,2026-08-22,1988-02-19,RS,6567.75,referral
7870,2023-01-24,1999-10-17,RS,1577.01,organic
7871,2023-05-04,1988-04-17,CE,19436.62,paid_search
7872,2026-03-20,1987-12-03,MG,9042.76,referral
7873,2025-05-24,1971-08-20,RJ,26220.61,organic
7874,2025-09-20,1975-03-20,PR,15563.05,referral
7875,2024-04-19,1963-09-29,SP,14245.04,partner
7876,2026-02-13,1990-01-05,SP,8024.36,referral
7877,2023-01-31,1992-05-14,PR,27741.72,paid_search
7878,2023-08-11,1991-12-03,SP,2727.7,referral
7879,2025-06-06,1965-02-19,CE,5491.27,paid_search
7880,2026-07-16,1963-04-13,BA,6795.1,referral
7881,2023-08-05,1998-10-30,RJ,19481.21,paid_search
7882,2024-06-06,1955-12-23,PR,10954.04,organic
7883,2026-07-27,1964-08-10,PE,28763.37,referral
7884,2026-07-10,1966-01-06,RS,23851.79,organic
7885,2025-01-29,1964-01-29,MG,25193.01,paid_search
7886,2024-05-23,1986-02-03,CE,3023.76,referral
7887,2023-01-25,1957-08-14,PE,27382.54,organic
7888,2024-07-27,1957-04-30,PE,16224.42,partner
7889,2024-05-06,1961-04-25,PE,4237.84,partner
7890,2023-07-26,1970-08-16,MG,10064.35,social_media
7891,2025-10-07,1999-10-02,BA,26319.1,paid_search
7892,2023-07-26,2006-08-09,SP,13812.5,paid_search
7893,2023-07-30,1966-11-23,BA,12590.41,social_media
7894,2026-01-08,1952-01-27,CE,21731.03,social_media
7895,2023-11-07,1990-03-29,BA,13285.41,referral
7896,2025-07-17,2003-04-02,BA,14963.7,referral
7897,2025-11-14,1993-10-01,RS,4224.32,paid_search
7898,2024-11-07,2000-07-29,RS,29532.04,paid_search
7899,2024-09-05,1989-03-09,SP,24052.01,paid_search
7900,2024-08-06,2000-12-06,BA,8949.16,referral
7901,2024-03-30,1967-10-29,RS,9780.61,referral
7902,2024-03-08,2004-03-08,CE,6060.62,organic
7903,2024-09-17,1965-03-01,BA,24153.01,social_media
7904,2024-06-24,1965-12-10,RS,29758.32,paid_search
7905,2024-06-15,1983-11-22,BA,4512.58,social_media
7906,2023-11-25,1983-05-24,PR,9553.93,partner
7907,2025-05-15,1976-08-18,MG,29268.88,social_media
7908,2026-06-12,1997-05-26,CE,20078.69,social_media
7909,2026-07-01,1984-01-25,MG,18319.32,organic
7910,2024-02-27,1981-09-29,RJ,28017.42,referral
7911,2023-01-11,1993-08-27,RJ,19338.39,paid_search
7912,2025-07-11,1985-01-06,MG,24612.72,social_media
7913,2025-07-18,1966-05-26,CE,11937.69,referral
7914,2024-04-24,1978-09-07,RJ,27477.14,partner
7915,2026-05-30,1953-11-01,PR,7335.12,paid_search
7916,2024-11-09,1976-06-27,PR,6938.65,paid_search
7917,2023-09-05,1977-09-23,BA,7742.39,organic
7918,2026-04-29,1982-12-23,MG,23282.31,paid_search
7919,2024-02-19,1953-07-25,MG,27855.89,social_media
7920,2023-08-23,1957-09-16,RJ,20066.42,organic
7921,2023-02-28,1971-08-10,PR,14571.22,partner
7922,2025-04-27,1994-02-25,MG,11573.48,paid_search
7923,2025-08-07,1951-03-31,SP,20490.79,partner
7924,2024-05-17,1993-01-01,MG,1743.87,organic
7925,2025-07-16,2002-09-25,RS,20506.19,social_media
7926,2025-11-18,1971-07-09,PE,11075.88,social_media
7927,2024-11-21,1955-04-09,MG,6343.86,social_media
7928,2023-01-07,2000-03-24,MG,20004.57,partner
7929,2024-04-22,1964-10-02,PR,24049.68,referral
7930,2025-02-13,1987-08-10,MG,10581.99,social_media
7931,2025-07-07,1992-01-16,PR,21718.96,social_media
7932,2024-04-22,1983-10-12,BA,17977.16,social_media
7933,2023-07-26,1965-10-02,SP,7625.62,organic
7934,2023-03-09,1953-02-09,BA,3052.02,partner
7935,2023-06-02,1981-01-26,RS,10637.77,paid_search
7936,2024-06-12,1968-04-04,PR,26056.97,partner
7937,2025-09-18,1960-01-08,MG,18302.18,partner
7938,2025-03-30,1991-03-23,RJ,8627.54,referral
7939,2023-02-19,1959-04-18,RS,27544.9,paid_search
7940,2024-12-17,1955-04-14,SP,25553.22,referral
7941,2024-06-08,1960-03-16,RS,5408.16,social_media
7942,2026-02-16,1995-08-05,RJ,23500.23,partner
7943,2026-05-09,1967-02-20,PR,12713.73,referral
7944,2023-01-03,2002-10-14,RS,1905.58,partner
7945,2025-11-01,1995-12-18,PE,16297.01,partner
7946,2026-03-28,1960-02-11,MG,12695.55,paid_search
7947,2024-07-26,1982-05-03,SP,15701.41,organic
7948,2024-04-08,1997-02-10,CE,14492.82,paid_search
7949,2023-11-29,1977-12-20,RJ,2877.35,paid_search
7950,2025-03-27,1971-04-25,MG,1591.3,partner
7951,2026-04-14,1988-03-11,SP,11600.78,paid_search
7952,2024-07-16,1996-03-12,PE,13327.23,referral
7953,2025-08-03,1968-12-27,RJ,27571.6,social_media
7954,2025-08-27,1993-10-27,BA,24306.76,partner
7955,2024-12-06,1957-09-18,PR,22496.68,partner
7956,2024-05-21,2001-12-25,MG,20129.49,paid_search
7957,2025-11-07,1998-05-04,PR,25501.15,organic
7958,2025-12-07,2002-06-02,BA,2818.44,social_media
7959,2025-10-07,1978-02-11,PE,8325.81,paid_search
7960,2023-01-03,1978-11-03,MG,26621.42,social_media
7961,2023-05-27,1987-12-11,CE,4179.01,organic
7962,2024-07-06,2006-05-15,BA,28634.1,social_media
7963,2024-10-01,1991-12-02,RJ,14160.86,organic
7964,2023-12-25,2004-01-30,RS,17726.56,social_media
7965,2025-04-07,1965-04-16,RJ,17524.84,partner
7966,2025-09-16,1991-12-04,PE,10169.28,paid_search
7967,2023-02-23,1970-03-02,RJ,7356.43,organic
7968,2023-12-13,2006-12-20,BA,17127.18,partner
7969,2025-05-04,1983-06-01,RJ,22250.78,partner
7970,2024-05-16,2004-03-11,RS,5875.54,partner
7971,2026-05-02,1978-08-30,MG,3056.86,social_media
7972,2026-05-07,1951-04-05,SP,20836.0,organic
7973,2023-07-22,1967-10-07,PE,9717.42,social_media
7974,2025-09-15,1964-07-19,RJ,27600.07,referral
7975,2025-03-19,1985-03-01,MG,21095.22,organic
7976,2026-01-13,1994-08-08,MG,27638.16,referral
7977,2024-03-27,1999-05-24,CE,24646.31,referral
7978,2026-02-06,2005-04-08,BA,6699.63,paid_search
7979,2026-05-02,1970-04-17,RS,28184.55,partner
7980,2023-07-29,1982-12-15,RJ,28158.05,organic
7981,2025-07-23,1951-03-21,PR,23790.31,referral
7982,2024-10-09,1987-07-17,PR,23181.59,social_media
7983,2025-08-19,1961-11-25,RS,15080.6,paid_search
7984,2025-02-10,1978-08-06,RJ,18568.77,partner
7985,2023-06-26,1972-05-07,PE,17037.77,paid_search
7986,2024-01-17,1973-04-22,RJ,20024.2,organic
7987,2024-07-30,1952-05-16,MG,28999.31,organic
7988,2023-07-03,1960-05-12,PE,4017.29,social_media
7989,2023-04-27,2006-08-01,MG,1785.52,referral
7990,2026-09-01,1955-06-20,BA,14112.32,paid_search
7991,2025-07-16,1990-03-21,MG,28043.56,paid_search
7992,2024-10-27,2004-07-17,PR,2857.36,social_media
7993,2026-05-17,1994-10-30,CE,20990.36,referral
7994,2025-08-25,1990-06-27,PR,7545.52,partner
7995,2023-05-19,1962-02-12,PR,10976.7,social_media
7996,2024-04-05,1963-04-02,RJ,6515.12,paid_search
7997,2023-03-12,1977-01-18,RS,20082.92,paid_search
7998,2025-02-18,1997-03-12,SP,28405.86,paid_search
7999,2023-01-30,1991-10-23,PE,11332.69,partner
8000,2025-11-12,1969-11-08,PE,21164.36,social_media
8001,2025-12-12,2002-07-19,RS,25819.66,referral
8002,2025-01-04,1999-12-17,BA,14312.98,referral
8003,2026-01-15,1978-11-01,MG,21166.94,referral
8004,2026-01-16,1954-09-03,SP,29625.13,organic
8005,2024-04-16,1986-02-09,BA,12270.59,organic
8006,2025-06-12,2007-12-07,PE,3546.62,organic
8007,2025-07-21,1990-12-31,RJ,3803.94,partner
8008,2024-05-06,1956-04-30,CE,3871.01,paid_search
8009,2023-10-15,1999-10-16,CE,22477.15,partner
8010,2024-05-31,1989-06-09,BA,24784.46,social_media
8011,2024-11-19,1989-01-16,RS,8976.25,organic
8012,2023-09-06,2007-07-07,BA,21471.8,social_media
8013,2025-02-04,1982-08-02,CE,8061.84,partner
8014,2024-04-19,2005-02-16,BA,27316.45,referral
8015,2023-07-19,2006-12-03,RS,1773.22,partner
8016,2023-01-02,1953-07-09,SP,4521.72,organic
8017,2025-10-28,1990-02-03,BA,8819.61,partner
8018,2025-04-29,1965-09-01,SP,10721.09,organic
8019,2026-07-24,1971-03-07,BA,21939.64,paid_search
8020,2024-02-05,1956-03-20,MG,15686.88,paid_search
8021,2024-07-03,2006-10-27,RJ,25257.74,paid_search
8022,2024-06-04,1959-09-25,SP,17056.98,partner
8023,2025-01-27,2007-09-13,RJ,13593.51,paid_search
8024,2025-11-20,1985-06-12,MG,15804.61,social_media
8025,2023-06-12,1969-02-19,RJ,10061.51,referral
8026,2026-01-29,1955-10-06,MG,24665.12,referral
8027,2026-02-01,1955-04-01,SP,6249.4,referral
8028,2024-10-30,1955-06-14,CE,2552.7,paid_search
8029,2024-09-22,1992-11-05,PE,19249.12,social_media
8030,2025-10-04,1970-09-30,BA,1968.77,organic
8031,2023-08-11,1967-12-15,RJ,14472.57,organic
8032,2024-01-17,1984-08-31,RS,21188.9,paid_search
8033,2024-12-10,1961-06-30,RJ,15341.85,paid_search
8034,2025-02-22,2000-02-19,PR,16086.33,paid_search
8035,2025-03-11,1969-06-10,RS,19760.93,organic
8036,2023-12-30,1973-06-19,PR,23918.16,referral
8037,2024-07-02,1986-09-08,SP,13490.92,social_media
8038,2023-12-18,2001-07-23,MG,27240.01,partner
8039,2025-10-01,2001-05-12,SP,14120.16,paid_search
8040,2025-09-19,1954-05-04,MG,26311.56,paid_search
8041,2025-10-10,1986-07-20,BA,27463.64,referral
8042,2024-03-21,1967-11-07,RS,3235.54,paid_search
8043,2025-12-05,1960-01-06,CE,23425.97,organic
8044,2023-12-31,1958-11-22,BA,15760.69,social_media
8045,2025-06-07,1996-01-07,PR,17601.21,social_media
8046,2024-07-31,1968-05-18,CE,23540.97,paid_search
8047,2024-10-12,1972-03-21,RJ,17188.87,partner
8048,2023-04-15,1998-03-04,MG,28963.68,referral
8049,2025-10-02,1989-02-23,CE,2636.57,paid_search
8050,2025-02-23,1994-01-30,SP,10770.23,partner
8051,2025-08-05,1966-03-28,PR,19471.38,organic
8052,2026-02-23,1962-11-12,PR,5079.35,social_media
8053,2025-09-02,1996-11-01,PE,4237.86,paid_search
8054,2023-12-21,1991-09-12,BA,7789.05,paid_search
8055,2024-02-08,1965-02-12,BA,26028.06,paid_search
8056,2026-06-17,1996-11-14,SP,8655.23,partner
8057,2024-07-02,1969-04-01,PR,13577.49,partner
8058,2026-05-26,1980-11-30,SP,9607.52,referral
8059,2025-09-18,2007-02-18,PR,12530.4,paid_search
8060,2024-10-16,1991-02-13,CE,14613.52,partner
8061,2024-11-02,1997-04-13,PR,9249.02,referral
8062,2025-02-06,2007-02-26,MG,5010.12,organic
8063,2024-02-24,1977-05-21,PE,6642.37,organic
8064,2025-10-14,2004-02-13,PR,2358.65,paid_search
8065,2026-08-19,1976-11-03,RJ,27040.14,partner
8066,2025-02-21,1988-05-17,SP,10237.87,partner
8067,2026-08-04,1974-01-20,SP,22708.31,organic
8068,2024-01-17,1952-09-04,SP,13559.63,referral
8069,2024-09-09,1977-12-15,MG,2356.9,referral
8070,2025-09-25,1994-03-28,RJ,21693.25,referral
8071,2025-04-03,1958-08-30,PR,10942.62,paid_search
8072,2023-11-24,1964-08-06,SP,26027.68,organic
8073,2024-09-19,2003-07-08,CE,6161.53,referral
8074,2026-06-12,1968-06-16,PE,26392.52,organic
8075,2025-04-08,1987-04-02,CE,6898.64,organic
8076,2025-06-10,1997-05-01,MG,21475.6,partner
8077,2024-11-23,1952-05-25,PE,27004.42,paid_search
8078,2024-02-23,1987-11-13,PR,25816.67,organic
8079,2025-01-09,1996-05-10,RJ,29790.5,social_media
8080,2025-09-25,1998-01-18,BA,17337.44,referral
8081,2024-08-18,1989-12-13,CE,2049.97,paid_search
8082,2024-01-07,1966-12-16,RS,19070.56,organic
8083,2023-07-27,1986-05-02,PE,28620.75,social_media
8084,2024-01-16,1969-03-07,RJ,2644.5,partner
8085,2025-05-08,1976-01-08,SP,21876.99,organic
8086,2024-04-06,1994-08-25,BA,1723.36,paid_search
8087,2025-03-08,1959-11-21,CE,9886.14,referral
8088,2026-07-17,1994-09-23,RJ,14189.48,social_media
8089,2023-03-25,2007-09-28,RS,21622.23,paid_search
8090,2023-03-14,1955-02-13,MG,20005.08,partner
8091,2026-03-25,1975-11-23,PR,25796.64,referral
8092,2026-01-07,2002-01-23,PE,2056.37,social_media
8093,2024-07-03,1978-03-03,BA,29032.55,organic
8094,2023-12-10,1959-06-14,BA,10944.99,organic
8095,2025-05-17,1977-09-05,RJ,9466.15,referral
8096,2023-11-15,1963-12-06,MG,8478.4,partner
8097,2026-01-05,1999-07-09,BA,26026.93,social_media
8098,2025-09-11,1984-11-03,RJ,29045.96,organic
8099,2026-02-06,2005-05-27,MG,13583.65,partner
8100,2024-02-09,1960-09-15,PR,20230.31,referral
8101,2023-09-25,1971-11-09,RS,12799.91,referral
8102,2025-11-19,2007-04-13,SP,25466.34,organic
8103,2026-02-26,1956-11-19,PR,21688.86,partner
8104,2024-09-24,1951-06-07,BA,17092.27,partner
8105,2026-07-22,1972-09-30,RS,23854.86,paid_search
8106,2024-03-17,1987-08-25,SP,10364.59,referral
8107,2025-11-11,1991-04-08,PR,20267.04,referral
8108,2023-09-28,1980-03-07,PR,29157.47,referral
8109,2024-12-30,1993-05-21,PE,11855.06,social_media
8110,2026-05-25,1952-02-18,SP,15930.26,social_media
8111,2024-09-21,1991-10-13,RS,14952.87,partner
8112,2024-12-13,2007-12-23,SP,13156.4,partner
8113,2024-06-09,1989-06-30,PR,11574.13,partner
8114,2025-08-17,1965-08-01,BA,24325.56,referral
8115,2025-04-29,1968-10-12,MG,7894.34,organic
8116,2024-03-20,1966-08-04,SP,28495.04,organic
8117,2024-04-15,1970-05-14,PR,26670.01,partner
8118,2025-10-25,1952-08-31,RS,20160.97,paid_search
8119,2023-07-24,1957-04-04,SP,19159.25,social_media
8120,2025-07-05,2003-06-06,CE,26782.43,referral
8121,2023-01-19,1974-01-01,MG,1749.55,organic
8122,2026-07-01,1999-11-04,CE,10382.39,partner
8123,2024-04-25,1985-10-19,RJ,16664.62,paid_search
8124,2023-11-17,1979-06-02,CE,22744.98,partner
8125,2023-05-19,1992-05-12,CE,2579.07,partner
8126,2025-05-02,1983-08-01,RJ,26728.45,referral
8127,2024-08-07,1973-03-13,PE,19199.84,organic
8128,2026-07-18,1981-04-17,SP,18082.23,paid_search
8129,2025-08-07,1960-11-26,BA,28639.03,organic
8130,2025-04-24,1965-03-27,PR,27671.9,paid_search
8131,2025-05-27,1975-04-12,SP,16746.14,social_media
8132,2025-11-15,1964-11-08,MG,22463.13,partner
8133,2023-12-23,1987-03-04,BA,23904.96,partner
8134,2024-09-20,1994-01-08,SP,29952.43,paid_search
8135,2023-04-29,1986-10-31,MG,22281.53,referral
8136,2023-10-31,1966-11-14,PE,24969.81,paid_search
8137,2026-04-06,1972-12-20,CE,10874.88,organic
8138,2025-11-13,1969-05-17,RS,16169.93,paid_search
8139,2024-03-14,1972-04-30,PR,28369.27,partner
8140,2023-03-28,1980-01-09,PE,4433.59,organic
8141,2024-12-02,1998-07-30,CE,8824.91,referral
8142,2024-01-03,1958-01-29,PR,2227.04,partner
8143,2024-07-24,1982-07-03,MG,3439.34,organic
8144,2023-07-05,1990-11-10,PE,7389.25,organic
8145,2025-03-22,1974-05-03,BA,23712.47,partner
8146,2026-07-17,1952-03-01,CE,8205.04,organic
8147,2025-06-07,1963-07-02,BA,21846.68,partner
8148,2025-07-16,1971-07-25,CE,15030.28,organic
8149,2025-10-01,2003-07-06,BA,28701.59,social_media
8150,2024-03-10,2000-08-03,CE,9261.69,social_media
8151,2024-08-15,1977-06-18,SP,22432.16,social_media
8152,2023-02-05,1998-06-17,MG,29810.91,social_media
8153,2025-07-10,1971-04-15,RJ,6893.21,social_media
8154,2024-10-24,1974-07-30,PR,7416.56,referral
8155,2024-12-10,1981-10-29,CE,1835.66,social_media
8156,2023-04-03,1961-01-06,MG,21065.96,partner
8157,2024-12-06,1972-04-05,BA,10528.61,referral
8158,2026-06-16,1963-03-14,SP,10855.72,paid_search
8159,2025-01-15,1972-06-18,PR,19685.87,partner
8160,2023-04-08,1975-04-25,BA,28238.76,social_media
8161,2026-06-11,1995-01-08,RS,21490.67,referral
8162,2023-04-17,1969-10-22,PE,15428.04,social_media
8163,2025-10-22,1992-09-21,PE,7250.83,partner
8164,2023-02-17,2004-08-31,BA,24533.66,paid_search
8165,2026-07-01,1962-10-22,RJ,19518.49,organic
8166,2024-09-27,1996-01-20,PR,7833.44,referral
8167,2025-08-19,1981-06-10,RJ,15999.96,paid_search
8168,2025-07-26,1986-04-18,RJ,23620.44,referral
8169,2023-03-12,1996-09-19,RS,9888.42,partner
8170,2025-04-04,1956-05-01,SP,8421.53,partner
8171,2023-11-26,1960-06-03,RJ,14232.54,partner
8172,2026-01-14,1964-09-10,PE,13035.03,organic
8173,2026-02-03,1956-08-31,BA,12420.25,social_media
8174,2025-08-04,1977-05-14,BA,4844.25,paid_search
8175,2023-05-21,1995-01-29,BA,25270.52,referral
8176,2025-05-15,1965-01-14,PR,13199.93,social_media
8177,2026-05-26,1976-06-02,MG,3420.82,partner
8178,2025-05-31,1973-11-16,PR,3837.2,paid_search
8179,2024-04-18,1998-01-22,PR,16136.72,paid_search
8180,2025-02-08,1953-11-27,PR,4590.03,partner
8181,2026-03-11,1995-05-09,MG,4147.76,referral
8182,2024-02-27,2006-09-10,MG,18338.67,partner
8183,2023-05-11,1986-10-24,RS,7151.92,paid_search
8184,2023-10-13,1990-01-18,BA,12581.19,referral
8185,2023-02-17,1983-11-19,SP,9600.07,social_media
8186,2023-02-07,1986-05-26,CE,3823.88,organic
8187,2024-11-02,1984-06-13,CE,11390.26,partner
8188,2023-05-15,1975-02-11,BA,3633.92,social_media
8189,2025-06-09,1954-12-03,RJ,3372.05,organic
8190,2024-04-03,2000-08-22,RJ,18271.38,organic
8191,2025-09-25,2002-10-04,SP,12861.75,social_media
8192,2023-12-29,1984-08-02,RS,26641.58,social_media
8193,2024-03-23,2006-10-20,BA,29206.39,paid_search
8194,2025-06-04,1951-05-17,PR,21191.98,partner
8195,2024-04-25,1957-12-07,RS,11255.26,paid_search
8196,2023-04-07,1967-02-24,CE,16485.22,partner
8197,2025-09-01,1980-03-04,RS,21018.32,organic
8198,2025-01-17,2007-07-30,RS,23350.61,partner
8199,2024-05-25,1957-09-16,MG,24136.41,referral
8200,2024-02-28,1967-07-22,RJ,17158.46,organic
8201,2025-02-14,1997-01-16,BA,7967.88,paid_search
8202,2025-11-30,1987-03-25,PR,19708.94,social_media
8203,2023-09-01,2003-05-12,CE,1764.2,partner
8204,2025-01-17,1987-12-20,SP,20096.94,organic
8205,2023-08-15,1985-11-01,RJ,25585.46,paid_search
8206,2025-12-17,1976-04-08,RS,25739.96,paid_search
8207,2024-10-27,1998-06-19,SP,2391.48,paid_search
8208,2023-07-27,1964-01-02,RJ,29413.68,social_media
8209,2023-12-29,1997-06-19,RJ,15630.69,partner
8210,2024-09-13,1983-07-29,MG,29847.23,partner
8211,2024-02-22,1990-11-20,RJ,27351.52,social_media
8212,2023-08-03,1964-05-31,PE,13136.25,social_media
8213,2023-02-10,1964-06-28,BA,1832.31,referral
8214,2024-11-29,1987-02-19,CE,18798.9,partner
8215,2023-01-11,1987-10-14,RJ,23102.06,social_media
8216,2024-11-18,2004-12-02,RJ,28109.91,paid_search
8217,2026-02-08,1979-05-28,RJ,18056.03,partner
8218,2025-04-07,1962-07-29,PR,9254.48,partner
8219,2025-11-23,1956-01-26,MG,13914.33,organic
8220,2024-10-29,1995-11-30,PE,5939.54,referral
8221,2025-06-08,1973-01-28,BA,5904.15,social_media
8222,2024-12-28,1993-10-21,RJ,14825.24,partner
8223,2023-09-15,1987-06-17,BA,1901.52,social_media
8224,2025-09-15,1961-10-21,MG,19142.1,paid_search
8225,2023-09-13,1952-08-24,BA,20850.17,referral
8226,2023-10-03,1992-07-07,RJ,22586.35,social_media
8227,2023-10-19,1982-01-27,BA,13883.58,partner
8228,2025-01-22,1995-06-08,BA,22589.74,referral
8229,2026-06-24,1960-12-26,SP,14941.34,organic
8230,2025-07-22,1957-09-18,SP,3354.86,organic
8231,2023-01-17,1994-12-13,BA,7405.02,social_media
8232,2023-03-31,1995-11-16,CE,4154.56,partner
8233,2025-02-07,1987-01-02,SP,21215.78,referral
8234,2023-05-18,1968-08-18,PR,15444.58,organic
8235,2025-11-01,1952-07-30,CE,2366.38,social_media
8236,2025-09-04,2001-03-06,BA,21554.29,partner
8237,2023-02-09,1988-03-27,MG,9200.1,social_media
8238,2023-01-04,2002-01-18,MG,21058.57,social_media
8239,2025-09-28,1967-04-02,SP,27348.07,organic
8240,2023-05-28,1951-01-27,BA,10806.15,partner
8241,2023-01-10,1968-01-21,BA,19569.96,paid_search
8242,2023-02-12,1991-01-10,BA,2384.05,partner
8243,2024-10-06,1994-03-23,PE,25900.26,social_media
8244,2023-09-30,1977-02-04,RS,5589.24,paid_search
8245,2025-09-19,1959-04-08,RJ,13470.77,social_media
8246,2026-05-05,1968-01-12,RS,28623.27,referral
8247,2026-01-14,1980-01-07,BA,8462.03,referral
8248,2024-09-18,1997-06-29,PE,2461.7,paid_search
8249,2026-07-26,1995-01-09,CE,17012.93,paid_search
8250,2024-05-17,1959-08-09,RS,5905.18,referral
8251,2026-01-13,2002-04-17,SP,28028.4,referral
8252,2023-02-15,2006-10-12,PE,17741.27,organic
8253,2023-06-08,1959-09-07,RS,14781.58,partner
8254,2025-05-13,1977-05-28,SP,23973.17,referral
8255,2023-11-07,2006-06-19,PR,11947.76,social_media
8256,2024-07-23,1977-09-09,PR,13330.12,organic
8257,2025-03-12,1961-04-22,CE,10715.2,referral
8258,2025-02-01,1965-08-22,BA,4913.94,social_media
8259,2023-09-08,1967-10-19,CE,20640.36,referral
8260,2026-04-11,1953-12-06,MG,5678.62,partner
8261,2023-11-24,1992-04-29,PE,2846.13,partner
8262,2024-10-23,1965-08-09,PE,20628.12,partner
8263,2023-12-19,2007-07-08,MG,11175.6,partner
8264,2025-06-23,1998-02-06,BA,24651.28,organic
8265,2025-11-13,1962-05-17,MG,2491.56,paid_search
8266,2025-08-30,1976-08-19,BA,27474.72,referral
8267,2024-10-21,1969-09-29,PE,26224.18,organic
8268,2025-05-21,2004-11-11,RJ,23192.2,partner
8269,2023-04-25,1957-12-05,MG,19243.92,social_media
8270,2026-02-02,2006-10-20,MG,4159.15,social_media
8271,2026-05-09,1998-06-28,PR,24688.93,partner
8272,2023-07-07,1970-10-04,SP,20216.83,organic
8273,2023-04-15,1968-08-11,PR,17290.88,social_media
8274,2025-11-02,1998-08-03,RS,10849.65,referral
8275,2023-10-05,1958-01-03,BA,27449.57,partner
8276,2025-06-06,1985-06-14,BA,2888.19,paid_search
8277,2023-07-02,1957-11-28,SP,3031.3,partner
8278,2024-03-05,1959-08-14,BA,15187.03,partner
8279,2025-03-25,1991-07-25,PR,14561.62,paid_search
8280,2026-05-25,1973-11-09,SP,25896.07,partner
8281,2025-05-24,1980-08-08,MG,15172.73,social_media
8282,2025-08-22,1968-04-15,RS,27924.47,referral
8283,2023-01-17,1997-03-23,CE,29495.1,social_media
8284,2024-01-23,2007-09-03,SP,3555.24,social_media
8285,2024-07-07,1955-01-04,CE,25883.48,referral
8286,2023-09-09,1955-01-28,BA,29248.04,referral
8287,2024-02-02,1983-02-25,RS,9282.68,partner
8288,2025-04-06,1978-10-27,RJ,26798.16,referral
8289,2024-11-06,2003-10-13,PE,27037.91,referral
8290,2025-04-05,2000-01-08,BA,6231.14,social_media
8291,2024-06-21,1965-08-23,PE,18964.54,referral
8292,2024-04-24,1975-06-08,BA,3830.38,referral
8293,2025-05-04,1998-07-04,SP,11397.22,paid_search
8294,2024-08-28,1972-01-26,PE,10911.68,paid_search
8295,2023-03-09,1958-12-21,PR,10526.17,partner
8296,2024-06-13,1956-11-20,RJ,19474.2,referral
8297,2023-04-02,1995-10-02,RS,1546.74,social_media
8298,2024-06-02,1955-07-31,CE,16794.9,partner
8299,2026-07-09,1988-09-27,RS,16615.85,paid_search
8300,2024-06-05,1970-12-17,SP,14018.09,organic
8301,2026-06-07,1977-06-22,CE,18925.41,social_media
8302,2025-11-25,1981-08-28,CE,28494.74,partner
8303,2025-02-21,1991-03-03,PR,7119.74,organic
8304,2025-04-17,1990-09-10,PR,4535.21,organic
8305,2025-01-27,1956-03-04,MG,25636.57,social_media
8306,2023-11-23,2007-12-11,SP,21167.96,partner
8307,2025-02-05,1986-04-13,CE,19413.46,social_media
8308,2024-08-25,1953-05-26,PE,14982.47,social_media
8309,2023-10-29,1983-06-01,CE,16799.97,social_media
8310,2025-03-03,1970-11-04,CE,12012.03,paid_search
8311,2023-02-09,1972-02-06,PR,20638.32,organic
8312,2024-01-07,1980-09-09,RJ,11402.62,partner
8313,2025-04-09,1997-06-14,PR,28442.58,referral
8314,2023-04-29,1991-06-02,CE,14390.11,social_media
8315,2023-10-24,1973-01-17,CE,3005.11,referral
8316,2025-09-30,1984-03-20,MG,5466.29,partner
8317,2024-10-06,1984-11-04,PE,2062.38,paid_search
8318,2023-08-14,1989-06-09,BA,20109.31,social_media
8319,2023-01-02,1997-12-25,SP,8572.17,partner
8320,2026-07-04,1998-04-25,SP,20201.05,social_media
8321,2024-12-21,1995-12-25,BA,20925.25,referral
8322,2026-05-23,1973-09-24,BA,23420.83,organic
8323,2026-07-05,1983-07-27,RJ,3185.98,referral
8324,2026-05-23,1975-10-12,CE,26261.35,partner
8325,2024-10-27,1976-02-26,RS,29455.16,social_media
8326,2023-12-01,1962-12-09,CE,19426.02,referral
8327,2025-09-06,1971-05-19,PR,7478.75,referral
8328,2024-12-24,1990-05-30,MG,3061.79,paid_search
8329,2024-04-03,1992-07-12,BA,11263.73,organic
8330,2023-09-23,1951-12-01,PE,17659.2,referral
8331,2024-08-31,1998-06-20,MG,2075.63,partner
8332,2025-09-21,1961-05-28,RJ,9732.78,social_media
8333,2023-06-14,2004-11-18,RS,19963.06,social_media
8334,2024-12-29,2004-10-09,SP,18588.8,paid_search
8335,2024-03-20,1984-02-09,MG,9677.8,social_media
8336,2025-03-22,1999-08-23,CE,11596.26,paid_search
8337,2025-02-13,2005-08-13,BA,26490.3,paid_search
8338,2026-05-25,1972-02-06,RS,18430.42,social_media
8339,2026-06-09,1958-08-29,PE,2631.24,referral
8340,2025-10-01,1953-04-02,RS,19184.29,partner
8341,2025-08-13,1984-04-01,SP,25174.19,partner
8342,2023-02-08,1978-01-11,RS,4502.31,partner
8343,2025-12-15,1990-07-07,CE,26784.63,social_media
8344,2026-06-29,1963-07-30,RS,8805.16,social_media
8345,2025-01-22,1968-05-24,PE,10943.21,referral
8346,2025-03-07,1965-08-05,MG,14389.04,referral
8347,2026-03-28,1996-08-01,PR,23198.9,referral
8348,2023-05-27,1968-10-30,PE,26080.1,referral
8349,2025-09-19,2005-05-29,MG,7632.38,partner
8350,2025-10-14,1960-09-06,BA,4374.97,partner
8351,2024-03-28,2003-07-05,RS,15703.34,partner
8352,2026-03-26,1996-11-09,MG,21644.24,organic
8353,2024-05-20,1958-07-20,MG,29720.47,organic
8354,2023-12-22,1994-11-07,SP,26887.97,organic
8355,2024-01-19,1994-10-07,MG,25442.23,referral
8356,2023-07-05,1987-01-18,SP,23749.39,referral
8357,2026-05-02,1980-12-09,RJ,15386.9,social_media
8358,2026-06-14,1957-07-28,BA,10515.01,organic
8359,2024-05-06,1978-04-12,RS,12211.13,paid_search
8360,2026-02-03,2005-05-27,SP,13313.51,organic
8361,2025-08-28,1952-10-31,CE,26651.11,paid_search
8362,2023-05-24,1979-01-12,BA,10330.46,referral
8363,2025-01-30,2005-11-08,PR,15005.0,partner
8364,2025-04-03,1980-06-04,RS,10819.57,paid_search
8365,2024-11-05,1959-03-18,BA,11390.18,partner
8366,2026-05-14,2003-10-06,PR,3508.45,social_media
8367,2026-05-23,1969-03-25,MG,13398.27,paid_search
8368,2026-03-13,2003-11-13,BA,10210.4,social_media
8369,2026-01-20,2003-03-02,CE,10054.59,organic
8370,2024-12-11,1993-03-10,RJ,29385.67,referral
8371,2023-05-18,1993-12-04,PR,21554.3,organic
8372,2024-03-31,1967-10-14,SP,1965.42,paid_search
8373,2025-07-16,1959-01-09,PR,24805.08,social_media
8374,2023-02-11,1993-03-18,PR,11895.29,paid_search
8375,2025-06-15,1958-09-05,RJ,8606.53,paid_search
8376,2026-05-14,1981-04-25,PR,27062.88,paid_search
8377,2023-04-05,1958-05-07,PR,26769.1,paid_search
8378,2024-03-20,1952-03-26,RJ,25818.38,organic
8379,2023-05-05,1966-07-18,RJ,19937.63,partner
8380,2025-07-01,1969-07-12,RS,16955.99,referral
8381,2025-05-21,1989-01-09,CE,7341.61,organic
8382,2025-10-10,2005-02-06,MG,8465.18,partner
8383,2023-11-25,1967-03-31,CE,3989.76,organic
8384,2023-05-04,2004-02-27,PR,12186.32,partner
8385,2024-02-09,1989-12-18,CE,5879.73,organic
8386,2025-11-16,1993-02-08,SP,21464.51,social_media
8387,2023-06-20,1961-09-01,RS,17547.31,partner
8388,2023-10-28,1971-06-27,PR,27821.12,paid_search
8389,2024-06-24,1971-03-22,BA,8342.33,referral
8390,2024-08-04,1995-09-11,MG,15442.99,paid_search
8391,2024-02-02,2000-02-07,PR,12327.94,referral
8392,2024-05-05,1980-12-12,PE,7633.48,organic
8393,2024-06-27,1991-12-16,BA,12712.24,partner
8394,2026-06-15,1990-04-15,SP,4660.73,partner
8395,2024-02-13,2002-11-01,PR,11426.47,partner
8396,2025-06-02,1986-11-22,SP,25807.81,partner
8397,2024-02-25,1965-01-07,MG,24109.38,organic
8398,2026-01-30,1974-01-08,BA,11868.73,paid_search
8399,2025-05-10,1975-06-16,RS,27529.66,partner
8400,2023-12-29,1964-03-17,PR,25861.68,paid_search
8401,2026-07-26,2007-12-27,MG,15515.44,partner
8402,2023-10-20,1986-07-28,PR,2485.46,social_media
8403,2023-05-01,1968-04-19,RS,21874.01,organic
8404,2023-01-09,1983-06-21,CE,5836.21,partner
8405,2025-09-06,1956-11-11,BA,16600.66,organic
8406,2025-10-08,1981-09-24,RS,20200.87,paid_search
8407,2024-07-02,2003-10-17,MG,12264.1,organic
8408,2026-06-24,1957-07-31,PR,2200.44,paid_search
8409,2023-01-04,1967-07-29,PE,15646.45,paid_search
8410,2024-09-08,1973-06-11,BA,16999.52,paid_search
8411,2024-04-02,1990-05-16,MG,17818.33,partner
8412,2023-03-17,1986-06-14,RS,21068.24,organic
8413,2026-02-15,1960-02-23,RS,11986.69,partner
8414,2025-01-28,1982-09-13,CE,21834.01,paid_search
8415,2023-09-04,1959-10-25,RJ,27927.08,partner
8416,2023-12-08,1952-03-11,MG,12107.94,social_media
8417,2023-05-30,2005-09-15,PE,15868.19,partner
8418,2023-01-06,1984-12-25,RS,15978.65,paid_search
8419,2025-09-27,2005-08-12,SP,11606.8,paid_search
8420,2025-08-22,1951-11-03,BA,3720.11,referral
8421,2026-07-17,2004-10-13,MG,23894.5,paid_search
8422,2023-03-04,1994-02-05,SP,15502.21,partner
8423,2025-12-22,1972-08-23,RS,23278.75,paid_search
8424,2026-08-07,1996-05-01,PE,2193.7,referral
8425,2025-03-03,1955-12-29,CE,1665.82,organic
8426,2025-12-09,1969-09-07,PE,9931.61,organic
8427,2025-08-18,1960-03-16,RJ,20675.96,paid_search
8428,2025-02-07,1993-08-03,PR,11330.12,partner
8429,2024-04-24,1995-06-05,PR,7683.54,referral
8430,2025-12-26,1975-03-10,PR,4732.33,paid_search
8431,2025-04-02,1977-07-30,MG,23369.25,referral
8432,2026-04-21,1984-08-24,BA,13857.59,partner
8433,2023-07-19,2002-05-06,RJ,28781.17,paid_search
8434,2024-02-04,1951-06-16,CE,16281.74,partner
8435,2026-03-16,1974-02-12,RJ,5856.2,organic
8436,2024-06-13,1975-11-01,RJ,21009.92,partner
8437,2023-06-04,1955-11-22,BA,21545.99,partner
8438,2026-01-29,1959-10-03,PE,24991.05,referral
8439,2023-10-18,1996-02-27,SP,22362.21,partner
8440,2025-01-03,1997-04-20,CE,28642.91,partner
8441,2024-04-17,1963-06-16,RS,27171.2,referral
8442,2023-03-04,1960-10-04,CE,7542.16,paid_search
8443,2026-02-20,1963-03-30,SP,28796.33,partner
8444,2024-04-06,1978-09-12,PE,22468.81,social_media
8445,2024-03-04,2000-05-29,PR,24269.8,organic
8446,2024-05-29,1983-01-09,PE,8516.03,paid_search
8447,2023-03-20,1981-05-14,MG,25599.98,organic
8448,2025-12-12,1996-05-31,PR,18453.53,partner
8449,2026-07-10,1980-10-11,BA,19364.56,paid_search
8450,2023-12-28,1960-11-02,RJ,14376.38,referral
8451,2024-09-09,2006-08-12,PE,23576.34,organic
8452,2026-03-14,1953-09-24,PR,23702.76,paid_search
8453,2024-03-05,1986-05-10,PE,20709.08,social_media
8454,2023-06-04,2002-01-31,RJ,1905.0,referral
8455,2023-02-27,1996-05-26,PR,23994.73,organic
8456,2023-01-07,1964-08-29,PE,21532.37,partner
8457,2023-02-19,1953-04-22,MG,23520.41,partner
8458,2026-04-08,2000-09-15,SP,12378.48,organic
8459,2025-08-05,2001-12-31,MG,16913.32,referral
8460,2024-12-14,1961-05-06,PR,18842.39,social_media
8461,2025-04-20,1980-10-21,RJ,10389.8,paid_search
8462,2026-01-27,1980-06-28,SP,1734.19,social_media
8463,2026-01-28,1967-02-09,RJ,20979.04,referral
8464,2026-04-13,1962-02-19,PR,15603.16,paid_search
8465,2023-08-25,1958-01-05,SP,15354.62,organic
8466,2024-04-04,1999-10-20,CE,19887.4,partner
8467,2025-02-28,1981-05-10,RS,8352.46,organic
8468,2023-09-06,1963-10-21,CE,2077.74,organic
8469,2024-03-22,1971-04-05,RS,2847.12,social_media
8470,2023-03-16,2000-06-18,CE,23625.35,referral
8471,2025-02-13,1966-04-17,MG,25672.15,social_media
8472,2024-07-25,1984-07-23,MG,12773.29,paid_search
8473,2023-02-19,1980-02-25,SP,17801.61,partner
8474,2026-08-01,1951-11-26,MG,29860.64,organic
8475,2024-04-14,2006-10-06,MG,26902.78,paid_search
8476,2025-01-16,1991-05-30,RJ,7188.7,referral
8477,2023-03-10,1954-11-27,PE,11973.85,referral
8478,2023-03-28,1965-03-29,MG,7188.43,partner
8479,2023-09-19,1956-03-17,PE,15905.61,paid_search
8480,2024-03-23,1976-04-04,CE,25932.43,social_media
8481,2023-11-25,1996-01-24,BA,29910.0,partner
8482,2026-07-26,2004-01-06,MG,12007.19,referral
8483,2026-04-08,2006-12-30,SP,3046.87,social_media
8484,2023-10-06,1953-06-21,PR,22901.93,partner
8485,2023-09-10,1954-03-02,PR,18560.93,partner
8486,2024-07-10,1957-08-19,PE,10315.05,social_media
8487,2023-10-27,1988-06-16,BA,18197.83,social_media
8488,2024-02-05,1956-08-08,CE,18753.32,paid_search
8489,2023-11-27,2006-03-08,BA,19105.66,social_media
8490,2025-01-20,1955-01-11,PR,11930.46,social_media
8491,2025-08-11,1985-09-25,RS,1692.45,referral
8492,2025-12-03,1959-10-18,CE,4242.21,partner
8493,2023-08-12,1987-11-25,CE,29180.87,referral
8494,2025-04-29,1958-12-17,SP,6928.71,organic
8495,2025-08-14,1987-11-15,PR,11118.14,referral
8496,2023-09-01,1987-08-16,PR,22102.51,social_media
8497,2023-10-24,1976-11-19,MG,28619.39,organic
8498,2026-07-20,2004-06-11,PR,25256.06,referral
8499,2026-03-24,1973-10-29,BA,24622.06,partner
8500,2026-02-20,1987-07-30,MG,5239.93,partner
8501,2023-03-19,2003-04-30,BA,9738.98,social_media
8502,2025-11-16,1996-01-21,MG,20737.97,partner
8503,2023-02-26,1986-05-28,PR,29616.64,referral
8504,2024-12-11,1958-04-02,PE,17891.51,social_media
8505,2025-02-09,1996-04-23,RS,26773.57,social_media
8506,2023-05-28,1960-02-09,RJ,11070.12,partner
8507,2025-06-20,1955-05-01,MG,6422.35,paid_search
8508,2025-07-18,2007-04-23,RJ,20307.95,referral
8509,2026-04-20,2004-11-03,MG,3079.94,organic
8510,2025-12-07,2007-12-07,BA,10715.91,partner
8511,2024-08-13,1970-03-13,RS,20282.4,social_media
8512,2024-03-25,1978-07-17,MG,3741.25,organic
8513,2026-06-19,1986-05-31,BA,14163.28,social_media
8514,2024-02-25,1991-05-09,SP,15694.07,organic
8515,2024-09-17,1996-03-01,SP,16875.46,organic
8516,2026-07-30,1986-10-12,SP,8702.97,organic
8517,2023-10-14,1957-04-04,PE,27987.26,paid_search
8518,2026-04-02,1981-05-25,CE,21734.25,partner
8519,2023-07-09,1978-12-22,CE,24206.25,paid_search
8520,2024-01-26,1985-07-15,BA,2424.78,social_media
8521,2025-04-17,1957-07-30,BA,7694.79,organic
8522,2025-01-20,1975-11-11,PR,11132.53,referral
8523,2023-08-30,1956-06-11,PE,19896.07,paid_search
8524,2025-10-09,1970-06-07,MG,22383.08,partner
8525,2025-07-31,1969-09-16,RS,4524.6,paid_search
8526,2025-03-20,1965-04-24,CE,5227.38,paid_search
8527,2025-08-22,1980-07-03,PE,18100.0,partner
8528,2025-01-08,1974-09-17,RJ,28720.58,paid_search
8529,2025-12-31,1976-11-16,RS,26667.47,organic
8530,2023-06-10,2006-08-02,RJ,2375.8,partner
8531,2023-01-28,1963-07-16,CE,15800.1,paid_search
8532,2026-01-05,1958-08-29,PR,22857.42,partner
8533,2023-08-05,1966-01-29,RJ,9264.24,social_media
8534,2024-02-08,2001-05-25,RS,4474.93,paid_search
8535,2024-10-01,2007-05-30,RJ,25598.69,partner
8536,2024-07-02,1956-12-15,PE,25091.37,referral
8537,2026-07-11,1958-01-05,CE,7393.72,organic
8538,2024-02-07,1963-08-09,CE,24806.38,partner
8539,2024-01-26,1952-12-03,SP,6366.15,organic
8540,2023-09-20,1979-04-13,MG,6451.14,social_media
8541,2023-11-18,1984-02-14,SP,18007.4,social_media
8542,2025-07-07,1990-05-11,CE,2337.07,organic
8543,2024-06-16,1960-01-16,BA,11136.04,paid_search
8544,2026-01-10,2002-11-27,SP,29731.2,referral
8545,2024-08-01,1952-03-28,BA,3716.61,referral
8546,2024-11-23,1982-08-06,RJ,27753.41,paid_search
8547,2023-11-12,2005-07-23,BA,4408.97,partner
8548,2024-12-15,1951-11-07,RJ,8231.17,paid_search
8549,2023-08-10,1978-01-28,BA,19730.72,social_media
8550,2026-02-25,1991-02-03,RS,11131.71,referral
8551,2026-07-04,1967-01-15,PE,21664.71,paid_search
8552,2025-04-25,1984-09-06,RS,25681.86,referral
8553,2024-03-18,1970-10-06,RJ,20022.65,organic
8554,2023-04-22,1967-06-06,PE,8063.08,social_media
8555,2024-03-19,1998-06-08,MG,22842.51,paid_search
8556,2026-03-20,1999-02-04,RS,2393.78,referral
8557,2025-05-01,2001-01-18,PE,18563.18,paid_search
8558,2025-03-08,1984-03-27,SP,15628.57,referral
8559,2024-11-08,1955-12-02,PR,29898.65,partner
8560,2025-03-01,1973-05-20,RJ,2532.48,partner
8561,2026-05-16,2004-05-15,SP,26614.91,partner
8562,2025-09-24,1973-09-17,PR,1548.08,organic
8563,2025-08-26,1984-01-05,SP,13492.23,paid_search
8564,2025-05-09,2006-04-03,SP,12365.87,referral
8565,2024-07-26,1999-04-21,RS,28935.61,partner
8566,2024-01-12,1986-12-12,BA,13409.47,organic
8567,2026-03-11,1956-08-01,BA,16271.22,partner
8568,2026-03-22,2005-02-23,BA,9184.14,partner
8569,2024-04-25,1991-10-20,MG,16035.34,social_media
8570,2024-03-18,1999-07-21,RJ,17267.72,referral
8571,2024-04-28,2005-02-05,RJ,11229.29,paid_search
8572,2025-05-12,1978-10-07,SP,19009.99,referral
8573,2023-09-18,1979-09-26,PE,14793.56,partner
8574,2025-11-04,1979-11-26,RJ,2957.17,social_media
8575,2025-04-03,1972-03-19,SP,3727.08,partner
8576,2025-08-11,1971-05-18,PE,8764.35,organic
8577,2025-05-01,1971-11-30,PE,23884.61,social_media
8578,2024-04-26,1976-12-01,RS,2089.23,social_media
8579,2024-04-08,1961-03-12,RJ,15769.48,partner
8580,2023-12-08,1961-12-02,RJ,17244.95,organic
8581,2026-01-26,1998-09-01,PE,16530.91,referral
8582,2025-07-01,1991-11-24,PE,16127.81,paid_search
8583,2026-04-04,1983-02-11,PE,20657.22,referral
8584,2026-03-04,2006-08-13,CE,29298.08,partner
8585,2024-03-10,1998-05-24,BA,24100.41,partner
8586,2024-12-08,1979-07-13,RJ,5109.06,social_media
8587,2024-12-11,2007-01-12,MG,7966.96,referral
8588,2023-10-17,1963-11-19,PE,26888.21,paid_search
8589,2025-01-22,1980-10-14,PR,3867.17,paid_search
8590,2024-04-08,1988-07-01,PR,24804.1,social_media
8591,2024-01-19,1969-04-15,MG,21807.3,social_media
8592,2026-09-01,1956-12-21,SP,16777.77,partner
8593,2023-12-29,1957-11-12,MG,24228.76,partner
8594,2026-03-31,1966-10-07,MG,10098.01,organic
8595,2025-03-04,1961-07-18,BA,9980.22,organic
8596,2026-01-02,1952-02-20,BA,26171.48,paid_search
8597,2024-07-21,1958-12-03,MG,11726.86,organic
8598,2024-05-18,1954-05-19,BA,2804.56,paid_search
8599,2023-08-22,1981-11-29,MG,18225.4,social_media
8600,2025-01-16,1964-08-05,PR,17652.31,paid_search
8601,2026-01-10,1976-01-27,SP,22800.11,social_media
8602,2024-06-18,1952-11-19,CE,3000.26,partner
8603,2024-11-06,2006-06-13,BA,11600.61,paid_search
8604,2024-03-29,1999-08-06,BA,24128.28,social_media
8605,2023-06-17,1992-07-21,BA,10655.82,social_media
8606,2026-01-30,1961-12-10,BA,25743.8,partner
8607,2024-03-29,1990-05-19,PR,3925.4,partner
8608,2023-11-19,1969-08-06,MG,12903.67,referral
8609,2024-09-05,1962-06-03,RJ,21439.85,referral
8610,2023-02-21,1963-11-18,SP,15379.5,referral
8611,2024-04-22,1954-03-11,PE,26699.44,organic
8612,2026-05-23,1955-12-19,RJ,16408.52,paid_search
8613,2023-09-26,1951-08-26,BA,7003.32,social_media
8614,2023-11-12,1976-04-27,RJ,12618.74,social_media
8615,2024-05-28,2005-12-24,MG,12905.55,social_media
8616,2026-01-09,1983-05-29,MG,16442.21,referral
8617,2026-03-08,1997-01-19,PE,20488.14,paid_search
8618,2026-08-05,1958-04-17,CE,17826.94,social_media
8619,2023-02-12,1997-12-23,PE,27295.32,social_media
8620,2023-11-30,1989-02-03,MG,13275.53,referral
8621,2026-04-01,1954-08-25,PE,14654.09,paid_search
8622,2025-02-07,1973-10-06,BA,26609.27,paid_search
8623,2024-01-25,1966-08-07,PE,8718.23,organic
8624,2025-04-15,2004-09-20,BA,18037.67,organic
8625,2025-12-09,2003-06-25,RJ,15288.09,social_media
8626,2024-05-01,2005-09-30,MG,9076.0,social_media
8627,2025-12-22,1973-09-10,PR,3785.04,referral
8628,2024-02-01,1951-06-05,PR,21385.23,social_media
8629,2024-01-14,1965-10-02,SP,6869.84,social_media
8630,2024-03-26,1987-08-24,CE,12853.43,social_media
8631,2024-02-23,2003-12-08,PR,26694.77,social_media
8632,2026-03-08,1972-01-21,RJ,3651.01,partner
8633,2025-11-12,2002-05-16,RJ,29183.09,paid_search
8634,2024-07-25,1964-09-11,MG,26431.28,partner
8635,2023-03-20,1990-01-16,BA,23380.13,organic
8636,2024-10-19,1953-03-25,BA,18427.98,paid_search
8637,2023-05-16,1998-02-12,BA,19729.23,paid_search
8638,2023-05-02,1955-07-13,SP,20163.64,paid_search
8639,2024-12-01,1982-03-08,PR,15018.37,social_media
8640,2025-11-18,1990-05-17,RS,23488.2,partner
8641,2026-07-15,1970-02-01,RJ,22627.92,social_media
8642,2024-10-14,1983-12-16,PE,6765.17,paid_search
8643,2025-06-15,2006-02-21,PR,25736.65,paid_search
8644,2025-09-30,2004-09-14,PR,14271.79,organic
8645,2024-03-14,1979-10-28,CE,26552.48,referral
8646,2023-08-22,1991-10-24,BA,17135.09,partner
8647,2024-11-26,1994-02-25,RS,11762.74,social_media
8648,2023-05-29,1986-07-04,CE,18664.18,social_media
8649,2026-05-04,1998-04-13,MG,11294.16,referral
8650,2023-05-11,1981-07-10,SP,25319.56,social_media
8651,2025-07-08,1996-09-19,RS,9581.93,partner
8652,2023-05-02,1965-08-13,CE,18119.54,referral
8653,2023-09-24,1984-05-18,PR,4294.05,paid_search
8654,2023-05-05,2000-07-06,SP,20632.15,paid_search
8655,2023-01-10,1960-12-20,PE,14878.44,social_media
8656,2024-10-29,1983-08-30,RJ,28018.44,social_media
8657,2023-12-18,1964-12-02,BA,7736.94,paid_search
8658,2025-05-01,2001-08-02,CE,28915.84,paid_search
8659,2025-06-25,1998-03-22,RJ,27151.79,referral
8660,2023-02-23,1996-03-13,PR,29524.32,paid_search
8661,2026-05-12,1999-05-11,MG,13413.46,referral
8662,2025-01-10,1959-08-18,MG,7416.93,social_media
8663,2025-11-27,1963-11-15,RJ,22145.17,social_media
8664,2024-10-19,1979-03-27,PE,9961.86,referral
8665,2024-02-01,1991-08-03,RJ,17795.73,paid_search
8666,2024-03-24,1970-03-23,MG,4789.96,paid_search
8667,2023-03-15,1975-03-14,PE,17841.89,paid_search
8668,2025-01-06,1985-07-08,RS,14102.18,organic
8669,2025-08-04,1973-03-18,MG,18262.66,paid_search
8670,2023-03-22,2003-06-13,PE,26349.68,social_media
8671,2024-04-19,1978-03-01,CE,28997.62,referral
8672,2024-08-08,1955-06-07,RS,19162.73,referral
8673,2024-03-10,1958-06-11,RJ,1996.82,social_media
8674,2024-11-01,1957-11-28,PE,25592.0,social_media
8675,2024-10-04,1981-09-24,BA,12415.38,partner
8676,2025-09-17,1993-10-23,RS,7778.34,partner
8677,2026-01-03,2007-01-09,RJ,21423.77,organic
8678,2025-02-16,1980-03-06,RJ,6042.17,organic
8679,2026-07-14,1996-05-30,CE,6925.73,referral
8680,2025-10-01,1978-05-18,PE,1636.2,paid_search
8681,2024-07-03,2006-04-27,PR,28947.26,partner
8682,2023-02-21,1960-01-24,BA,21210.02,organic
8683,2024-02-13,1985-09-05,BA,28116.97,referral
8684,2025-06-11,1957-01-18,CE,20299.21,paid_search
8685,2025-05-04,1952-01-16,PE,23842.11,organic
8686,2026-05-08,1955-09-10,CE,19026.34,paid_search
8687,2023-05-17,1952-06-19,SP,21322.11,partner
8688,2023-04-13,1958-09-30,SP,13828.88,paid_search
8689,2024-01-24,1957-11-16,CE,27603.68,partner
8690,2026-08-11,2001-12-10,CE,24313.63,referral
8691,2025-06-06,1977-04-25,SP,23763.05,paid_search
8692,2025-09-05,1971-04-27,RJ,28436.14,social_media
8693,2025-09-04,1961-02-23,RS,13458.43,organic
8694,2026-03-24,1963-11-15,RJ,8369.2,referral
8695,2024-07-28,1981-10-23,PE,5732.16,referral
8696,2024-11-15,1960-02-03,RS,25747.49,organic
8697,2026-02-12,1963-02-14,PR,19579.42,partner
8698,2026-03-06,1965-07-03,RS,11228.43,paid_search
8699,2025-05-16,1996-02-13,SP,2649.99,referral
8700,2024-11-23,1992-01-12,RJ,8002.79,organic
8701,2024-07-27,1991-04-23,PR,21685.52,paid_search
8702,2025-03-18,1981-02-17,PR,15665.77,paid_search
8703,2025-02-09,1967-09-09,PE,6632.88,organic
8704,2026-08-15,2000-11-05,RJ,8956.18,social_media
8705,2023-04-19,1969-11-13,RJ,2708.01,organic
8706,2024-08-18,1980-01-05,RJ,11162.35,social_media
8707,2023-06-08,1971-01-14,MG,10436.74,referral
8708,2025-11-10,1997-02-21,RJ,23491.92,partner
8709,2024-05-25,1993-09-14,MG,9602.63,referral
8710,2024-08-22,1956-07-27,RS,25514.78,social_media
8711,2025-12-25,1974-10-28,RS,6351.28,organic
8712,2024-09-04,1987-04-26,MG,2644.77,social_media
8713,2024-01-26,1964-11-03,BA,11079.3,partner
8714,2023-01-27,1968-05-19,PR,29629.97,referral
8715,2025-09-27,1988-12-01,PR,12139.75,paid_search
8716,2024-04-11,1988-02-02,PE,11810.98,organic
8717,2023-08-22,1984-02-06,PR,29693.98,organic
8718,2026-08-28,1999-08-14,PE,15737.7,social_media
8719,2023-09-23,1985-05-22,CE,17310.96,paid_search
8720,2023-03-17,1967-03-27,RS,20758.89,organic
8721,2025-03-10,1989-01-08,PR,29113.31,social_media
8722,2026-01-11,2000-05-08,RJ,26143.1,social_media
8723,2023-08-29,1962-09-23,MG,27740.46,social_media
8724,2026-02-14,1951-01-18,BA,6640.33,paid_search
8725,2024-06-27,2004-08-23,MG,8303.27,social_media
8726,2026-02-21,2001-04-25,RJ,17791.66,organic
8727,2024-09-21,1953-06-08,RS,13338.16,paid_search
8728,2023-11-15,1982-10-05,SP,2095.95,organic
8729,2023-12-27,1984-08-10,MG,25292.41,organic
8730,2024-01-14,1973-05-07,RJ,18655.56,partner
8731,2025-06-26,1962-10-01,RS,7834.18,referral
8732,2025-01-28,2006-04-23,RS,15041.03,partner
8733,2026-05-27,2004-12-22,SP,24925.83,referral
8734,2025-06-09,1979-02-15,CE,20767.61,paid_search
8735,2025-06-05,2003-02-18,MG,13399.12,paid_search
8736,2024-08-23,1986-01-11,PE,29682.01,organic
8737,2023-06-15,1995-02-01,SP,10189.57,partner
8738,2023-09-08,1973-02-09,CE,15781.67,referral
8739,2023-12-10,2004-02-04,PE,18302.59,social_media
8740,2025-12-25,1966-02-10,MG,1689.83,referral
8741,2023-01-17,1984-03-22,CE,25030.2,referral
8742,2025-03-06,1967-08-31,RJ,12466.66,partner
8743,2026-04-05,1976-10-13,MG,27662.18,paid_search
8744,2023-07-05,2005-07-17,PR,11952.52,social_media
8745,2026-04-04,1967-07-25,CE,26608.05,partner
8746,2025-12-16,1987-08-05,PE,26145.39,referral
8747,2024-11-25,1991-04-05,CE,7475.68,social_media
8748,2023-07-23,1964-03-05,BA,28020.73,social_media
8749,2026-07-29,1986-06-06,CE,29020.62,partner
8750,2025-03-06,2001-11-30,MG,23637.51,organic
8751,2025-06-04,1985-08-13,SP,16523.74,referral
8752,2024-07-29,1986-03-25,SP,8959.61,paid_search
8753,2024-02-05,1970-11-16,RS,18411.06,referral
8754,2023-05-12,1999-06-15,RJ,7685.81,social_media
8755,2024-01-03,1956-03-28,BA,18658.06,organic
8756,2026-06-27,2004-02-27,BA,16669.54,organic
8757,2024-12-19,1968-12-19,RS,29523.95,partner
8758,2026-03-18,1986-05-25,MG,24768.32,paid_search
8759,2025-04-26,1974-07-31,PE,11571.53,paid_search
8760,2023-05-28,1987-09-23,CE,18391.8,organic
8761,2024-05-23,1966-12-21,BA,21240.84,organic
8762,2024-01-21,1995-05-18,BA,10150.45,referral
8763,2023-06-29,1994-11-23,SP,9022.96,social_media
8764,2025-07-23,1980-03-26,SP,20751.75,social_media
8765,2026-05-14,1989-09-21,PE,12506.32,organic
8766,2023-12-17,2000-01-25,SP,7918.71,referral
8767,2023-12-24,1958-09-17,CE,5879.71,referral
8768,2024-06-01,1992-09-09,RJ,18171.21,referral
8769,2024-03-11,1979-06-10,PE,20628.2,organic
8770,2024-12-18,1970-10-12,CE,13340.89,organic
8771,2024-01-06,1980-05-22,PE,4081.93,organic
8772,2024-03-14,1979-10-18,PE,22852.8,paid_search
8773,2026-01-08,1988-03-03,MG,27109.89,social_media
8774,2024-06-15,1956-08-18,MG,11823.35,referral
8775,2025-09-12,1951-06-06,PE,12384.33,partner
8776,2025-12-16,2001-05-22,SP,23161.58,paid_search
8777,2026-03-27,1962-05-04,SP,23742.5,social_media
8778,2023-03-21,1966-02-24,BA,20849.53,partner
8779,2024-08-15,1984-11-20,BA,22007.67,partner
8780,2025-08-06,1955-11-25,CE,11463.0,social_media
8781,2026-02-04,1997-05-12,PE,15843.76,organic
8782,2025-11-09,1959-04-25,CE,26974.95,paid_search
8783,2023-04-10,1978-08-06,PR,19227.58,referral
8784,2024-05-19,1996-01-18,SP,27794.11,partner
8785,2024-12-24,2007-10-12,RJ,27972.46,organic
8786,2024-08-25,1996-10-09,PE,10723.91,referral
8787,2026-02-10,1952-08-04,PE,5825.28,organic
8788,2025-01-29,2001-10-23,PE,29678.09,partner
8789,2024-04-12,2004-01-31,MG,29871.22,social_media
8790,2026-05-20,2005-03-30,PE,4417.48,organic
8791,2023-12-13,1951-06-24,PR,17860.2,referral
8792,2025-04-02,1983-10-22,SP,20359.66,partner
8793,2026-03-27,2001-02-20,RS,11262.64,paid_search
8794,2023-02-26,1996-11-23,MG,3965.91,referral
8795,2025-11-30,1994-02-21,SP,22417.13,organic
8796,2023-07-30,1958-05-05,CE,25045.77,organic
8797,2023-12-17,1955-12-22,BA,8050.45,organic
8798,2024-07-13,2007-06-30,MG,20052.32,paid_search
8799,2024-12-12,1992-02-07,RJ,22868.47,paid_search
8800,2024-04-20,1994-01-09,PR,3970.92,social_media
8801,2023-12-03,1998-01-23,PE,7245.06,partner
8802,2025-03-31,1995-09-11,RS,4215.87,social_media
8803,2023-02-25,2001-05-06,CE,2267.35,organic
8804,2023-09-23,1978-07-07,PE,15436.28,referral
8805,2025-08-02,1962-10-22,RJ,19692.51,partner
8806,2026-06-18,1984-02-21,MG,11437.45,paid_search
8807,2023-02-13,1993-01-04,BA,11377.66,paid_search
8808,2023-07-19,1964-05-25,SP,24482.31,referral
8809,2026-08-30,2006-01-22,BA,12896.53,referral
8810,2023-12-09,1989-11-20,RS,6793.65,partner
8811,2023-09-29,1966-09-29,PE,11575.6,referral
8812,2023-07-24,1997-03-20,CE,27183.57,paid_search
8813,2023-09-27,1969-06-22,SP,17675.0,referral
8814,2025-05-12,2003-07-01,MG,11810.68,organic
8815,2023-03-03,1954-04-15,SP,22386.87,referral
8816,2023-04-21,1985-07-19,SP,6429.47,partner
8817,2024-10-12,1984-05-25,PE,6527.24,partner
8818,2024-06-11,1956-08-01,SP,5625.78,social_media
8819,2024-05-13,1975-04-26,RS,7984.64,partner
8820,2023-09-20,1999-07-15,MG,9344.42,partner
8821,2025-06-15,1997-03-14,PE,6799.79,paid_search
8822,2025-11-18,1981-03-19,BA,27624.83,organic
8823,2025-05-21,1984-01-02,RJ,3701.17,social_media
8824,2026-02-04,1997-01-24,BA,25085.6,paid_search
8825,2024-12-05,2005-01-10,BA,29286.07,paid_search
8826,2025-05-27,2006-12-28,SP,12371.84,paid_search
8827,2023-01-19,1958-01-26,CE,5294.8,referral
8828,2023-04-15,1963-03-06,CE,27759.14,partner
8829,2024-07-12,1996-04-14,BA,10603.58,referral
8830,2026-07-12,2004-01-02,CE,25820.94,social_media
8831,2023-03-16,2002-05-13,RJ,11118.38,social_media
8832,2023-01-21,2004-11-08,BA,24809.71,organic
8833,2023-08-22,1980-01-20,PE,20709.08,organic
8834,2023-01-14,1987-07-23,MG,26597.22,referral
8835,2025-12-27,1958-03-12,BA,14385.04,paid_search
8836,2023-09-15,1968-12-23,SP,13194.73,partner
8837,2023-09-28,1978-02-26,PR,15318.6,social_media
8838,2025-01-01,1996-10-05,RJ,26444.33,social_media
8839,2025-05-27,1982-06-13,PR,13955.67,referral
8840,2024-12-30,1964-12-27,BA,11352.88,social_media
8841,2026-03-03,1967-07-15,BA,22205.02,referral
8842,2026-04-12,2004-04-20,CE,6554.87,paid_search
8843,2025-08-29,1958-05-19,PE,25027.2,organic
8844,2023-12-16,1957-11-12,PE,17498.96,referral
8845,2025-11-05,1951-01-29,CE,10755.97,social_media
8846,2023-01-30,1981-03-26,PR,26767.2,partner
8847,2025-06-19,1984-01-27,PE,14011.88,organic
8848,2026-07-26,1957-12-12,PR,3350.81,social_media
8849,2026-07-04,1989-02-17,SP,25218.1,social_media
8850,2023-06-27,1994-10-19,CE,17873.52,organic
8851,2023-10-17,1964-02-11,SP,15341.19,referral
8852,2023-01-26,1955-08-31,PR,15012.03,organic
8853,2023-02-16,1999-09-11,RJ,20479.2,referral
8854,2023-04-11,1988-04-22,PE,29162.07,partner
8855,2024-07-17,2006-10-27,RS,3012.07,organic
8856,2025-05-02,1965-06-02,MG,25738.63,partner
8857,2026-08-13,1955-09-03,SP,4021.85,social_media
8858,2023-09-03,1998-08-16,RS,4290.62,referral
8859,2025-12-13,1954-06-12,RJ,8746.64,organic
8860,2023-03-24,1968-12-11,SP,14603.82,referral
8861,2023-05-09,1991-04-11,RJ,5728.12,social_media
8862,2026-05-19,1970-06-13,RJ,7363.98,social_media
8863,2023-07-20,1977-01-17,RS,27633.32,organic
8864,2024-04-05,1977-09-05,RS,9959.03,organic
8865,2023-10-10,1989-05-10,BA,23553.46,referral
8866,2023-01-18,1973-08-06,RJ,23920.01,paid_search
8867,2026-07-24,2004-11-18,MG,6971.07,partner
8868,2025-08-25,1967-06-23,CE,4604.31,referral
8869,2023-08-22,2006-07-05,RS,25815.42,partner
8870,2024-09-28,1971-11-01,BA,11042.37,organic
8871,2024-11-02,1999-06-03,PE,4859.61,social_media
8872,2025-03-13,1995-04-22,BA,12766.0,referral
8873,2025-04-23,2006-11-11,BA,18265.81,social_media
8874,2024-05-26,1972-10-16,BA,14394.89,paid_search
8875,2023-06-09,1976-12-07,MG,13275.95,partner
8876,2025-09-28,2002-03-13,PR,25081.87,social_media
8877,2026-07-07,1969-06-21,RJ,3019.1,organic
8878,2026-03-17,1995-02-17,BA,22412.54,social_media
8879,2026-04-19,1961-05-28,SP,6252.54,partner
8880,2026-06-06,1981-07-01,RJ,28267.83,social_media
8881,2026-07-31,1997-06-12,MG,22966.59,referral
8882,2025-11-15,2001-09-10,PR,27037.85,referral
8883,2023-10-28,1981-11-08,SP,23785.37,social_media
8884,2023-10-21,2005-10-26,MG,13435.78,partner
8885,2024-06-25,1998-09-09,PE,15591.73,organic
8886,2026-04-19,2007-04-05,SP,21908.56,referral
8887,2024-04-06,1980-04-07,MG,12654.63,paid_search
8888,2025-12-22,1990-10-28,SP,5562.44,partner
8889,2024-03-13,2003-04-07,PE,11813.29,social_media
8890,2026-03-08,1961-07-10,RS,11046.89,organic
8891,2024-12-01,1977-02-23,PE,18212.86,organic
8892,2024-06-13,2002-12-01,PE,9572.33,social_media
8893,2023-12-15,1970-11-19,PR,18938.39,paid_search
8894,2024-03-07,2001-09-18,PE,18986.54,organic
8895,2024-06-19,1999-12-14,RJ,17102.91,paid_search
8896,2024-12-14,1971-08-09,RS,5010.47,partner
8897,2025-09-07,1994-06-10,RJ,11950.92,paid_search
8898,2023-06-11,1955-02-13,MG,20649.05,referral
8899,2024-08-09,1959-10-19,RJ,13793.5,organic
8900,2025-12-29,1993-08-10,CE,9193.51,paid_search
8901,2024-05-30,2007-05-18,BA,28311.39,organic
8902,2025-01-13,1985-10-15,BA,4143.32,partner
8903,2026-01-12,1994-04-07,RS,24651.25,organic
8904,2026-07-14,1976-10-11,RS,24105.45,organic
8905,2026-05-08,1999-10-09,RS,4658.86,paid_search
8906,2025-01-07,2006-04-09,BA,21864.41,paid_search
8907,2024-08-05,1989-08-29,BA,10178.34,partner
8908,2024-12-14,1966-06-01,MG,18969.58,social_media
8909,2025-09-14,1976-05-13,CE,2525.77,partner
8910,2023-09-09,1990-04-22,RS,22203.93,organic
8911,2023-01-11,1970-02-14,BA,2538.28,partner
8912,2025-07-07,1973-11-20,PE,25878.98,social_media
8913,2024-10-05,1963-07-25,MG,15208.74,paid_search
8914,2023-03-27,2003-11-23,CE,11303.77,referral
8915,2026-01-22,1985-05-17,RJ,29008.56,referral
8916,2024-06-18,1972-07-31,PE,13287.77,partner
8917,2025-03-20,1951-06-26,RS,18639.35,partner
8918,2025-11-23,1989-12-13,BA,5543.29,paid_search
8919,2023-06-14,1974-06-09,CE,22035.59,partner
8920,2026-08-21,1965-02-02,RS,6870.9,referral
8921,2024-05-10,1952-05-23,RJ,29802.62,referral
8922,2026-04-24,1986-09-09,SP,13363.48,referral
8923,2024-01-11,1971-06-30,RJ,17181.4,organic
8924,2025-06-17,1956-12-17,SP,22939.96,organic
8925,2024-07-07,1992-03-18,CE,24306.22,partner
8926,2026-05-11,1975-04-03,PE,21365.86,referral
8927,2025-07-24,1971-02-06,PE,12330.68,referral
8928,2024-04-11,2002-12-08,BA,25545.43,partner
8929,2024-10-14,1987-08-06,PR,20816.37,partner
8930,2025-03-04,1989-04-30,CE,15609.35,partner
8931,2023-01-25,1994-10-03,SP,3686.61,organic
8932,2026-07-21,1953-04-30,CE,21741.23,social_media
8933,2025-06-30,1959-11-02,PE,17300.13,paid_search
8934,2024-03-08,2005-02-12,RS,13615.75,social_media
8935,2025-08-27,1983-08-14,BA,21334.89,organic
8936,2025-02-14,1993-05-14,RJ,10501.6,paid_search
8937,2023-11-06,2002-05-03,SP,2480.09,organic
8938,2025-12-14,1979-04-16,RJ,16417.69,paid_search
8939,2023-04-02,1968-07-26,MG,17578.04,organic
8940,2026-01-09,1974-07-28,PE,7303.14,organic
8941,2023-04-24,1958-02-13,PR,3260.66,social_media
8942,2026-03-03,1951-06-29,CE,5607.27,referral
8943,2024-01-20,1974-11-05,CE,20391.71,organic
8944,2024-05-12,1987-03-08,RJ,20225.79,social_media
8945,2024-09-01,1978-05-10,MG,26360.93,partner
8946,2025-11-12,1975-04-26,RJ,5008.03,paid_search
8947,2026-04-03,1978-01-05,CE,7650.34,organic
8948,2025-02-20,1975-06-20,RJ,21178.83,partner
8949,2023-10-05,1962-08-22,PE,4816.54,paid_search
8950,2023-10-31,1956-12-21,RJ,3796.31,organic
8951,2026-08-29,1986-02-19,SP,29538.09,partner
8952,2023-09-09,1961-07-12,RS,16044.46,referral
8953,2024-08-26,1953-10-19,MG,5502.05,paid_search
8954,2025-09-06,1960-05-23,MG,21328.4,paid_search
8955,2023-10-31,1974-10-25,PR,10663.98,organic
8956,2026-04-19,1996-12-29,CE,6233.86,referral
8957,2024-10-08,1965-05-20,CE,13922.31,organic
8958,2024-05-02,1959-02-17,PR,23251.19,partner
8959,2026-07-21,2000-05-27,RJ,3535.23,organic
8960,2025-05-18,1992-04-06,RJ,9627.51,organic
8961,2024-02-12,1963-10-10,PE,3578.17,organic
8962,2026-05-03,1998-11-25,PE,21236.77,referral
8963,2025-06-09,1989-12-28,RJ,17804.5,partner
8964,2023-11-28,1953-12-06,RS,20228.39,social_media
8965,2024-08-16,1977-03-03,BA,2961.3,social_media
8966,2024-09-09,1968-02-19,BA,16041.3,paid_search
8967,2024-05-25,1952-10-12,MG,27416.43,paid_search
8968,2026-02-01,1957-12-25,MG,1761.9,paid_search
8969,2024-03-19,1997-05-27,PE,25934.22,social_media
8970,2023-07-21,1996-09-04,RS,20467.37,referral
8971,2023-06-28,2002-09-05,RJ,24081.58,social_media
8972,2025-10-08,1956-06-27,MG,3544.94,partner
8973,2025-12-08,2005-05-28,CE,8339.57,partner
8974,2023-07-16,2004-05-27,PE,24261.06,social_media
8975,2023-06-10,1983-08-05,PR,5524.73,paid_search
8976,2026-07-20,1971-04-13,SP,23076.23,referral
8977,2026-04-13,2002-03-07,PR,2808.56,organic
8978,2023-02-24,1962-10-24,PR,11547.05,partner
8979,2025-02-11,1982-03-04,RJ,27752.94,organic
8980,2025-09-06,1968-08-06,BA,16666.94,referral
8981,2024-03-27,1981-07-07,PR,5877.43,partner
8982,2025-11-09,1999-05-20,PR,28270.54,social_media
8983,2023-09-20,1995-07-19,PR,6793.82,referral
8984,2026-07-31,1996-12-23,PE,28499.34,social_media
8985,2025-02-02,1997-07-11,PE,19009.47,partner
8986,2024-05-17,1967-11-30,RS,17130.88,organic
8987,2026-05-05,1951-03-24,PE,11444.73,partner
8988,2023-11-12,2003-02-19,CE,2106.39,partner
8989,2025-05-13,1958-09-08,CE,25665.03,paid_search
8990,2024-12-28,1983-09-02,CE,6393.51,referral
8991,2025-01-22,1969-01-18,PR,22976.13,paid_search
8992,2023-10-20,1975-06-11,RJ,29778.91,social_media
8993,2025-02-21,1976-10-04,MG,4434.17,paid_search
8994,2023-08-01,1982-11-20,PR,26851.86,organic
8995,2026-06-05,1961-11-30,PR,26390.38,partner
8996,2024-05-10,1986-04-26,BA,26278.21,organic
8997,2023-11-04,1982-03-14,SP,10748.63,social_media
8998,2026-05-03,1988-12-19,MG,13804.9,partner
8999,2023-06-20,1986-09-02,RS,13457.79,social_media
9000,2025-06-20,1996-01-25,RS,1918.82,organic
9001,2026-06-22,1953-07-02,MG,14801.59,organic
9002,2025-05-21,1951-03-07,CE,8460.69,paid_search
9003,2024-11-14,1964-10-07,RJ,21931.59,organic
9004,2023-03-26,1971-07-24,RJ,4922.23,organic
9005,2026-02-09,1951-12-07,PR,8778.25,social_media
9006,2023-08-12,1998-08-08,BA,2358.64,organic
9007,2023-09-08,1986-03-21,RJ,11152.3,social_media
9008,2023-11-14,1963-08-24,MG,7910.48,partner
9009,2024-04-12,1986-01-15,MG,26678.53,paid_search
9010,2023-12-05,1976-01-23,CE,13504.7,referral
9011,2023-01-27,1962-01-23,PE,26646.9,partner
9012,2026-03-01,1969-08-01,BA,11596.93,organic
9013,2023-06-22,1962-06-23,RS,5369.55,partner
9014,2025-10-10,1989-01-31,CE,8189.51,paid_search
9015,2025-12-25,1981-07-25,SP,5445.91,referral
9016,2023-12-19,2001-02-05,RJ,17915.37,organic
9017,2024-06-09,1969-09-22,BA,24228.93,social_media
9018,2025-02-17,2005-11-16,RS,20859.87,paid_search
9019,2024-06-10,1994-02-16,RJ,6660.5,social_media
9020,2026-05-15,1990-06-14,BA,19460.04,partner
9021,2023-06-02,1994-06-22,PR,15856.49,partner
9022,2025-10-27,1993-06-26,PR,17381.67,partner
9023,2025-02-01,1974-12-14,RJ,9740.37,organic
9024,2026-04-13,1952-11-28,PR,3583.45,referral
9025,2024-10-08,1983-04-03,RS,3153.23,social_media
9026,2024-09-20,1960-04-25,RJ,27631.37,organic
9027,2024-02-22,1977-05-19,CE,16912.15,referral
9028,2023-09-03,1999-05-22,RS,29110.58,partner
9029,2024-08-30,1954-11-01,MG,12958.56,social_media
9030,2025-09-13,1966-01-29,MG,3923.47,social_media
9031,2023-04-16,1999-06-16,MG,16301.05,social_media
9032,2025-01-08,1983-05-19,RJ,10108.84,organic
9033,2025-04-02,1962-07-20,PE,17717.39,social_media
9034,2026-05-05,1998-09-24,BA,5449.27,social_media
9035,2026-03-28,1999-07-12,PR,19844.98,partner
9036,2026-06-23,1982-08-09,PE,18676.95,paid_search
9037,2024-08-25,1970-02-10,MG,23445.03,referral
9038,2023-02-06,2007-09-30,BA,24044.04,paid_search
9039,2024-06-27,1986-02-16,RS,29802.17,referral
9040,2024-01-21,2000-07-10,PE,5511.88,referral
9041,2023-07-07,1972-10-31,RJ,1972.48,paid_search
9042,2024-07-05,1990-12-07,CE,4546.26,social_media
9043,2025-02-05,1976-01-21,BA,11228.46,paid_search
9044,2025-12-18,1997-09-01,MG,13914.7,partner
9045,2025-06-07,1993-06-18,PE,17652.78,partner
9046,2024-11-30,1960-04-16,CE,18119.16,paid_search
9047,2023-11-26,1976-10-22,PR,20783.25,partner
9048,2026-07-16,1980-11-12,PR,13914.95,referral
9049,2023-12-05,1958-12-30,MG,11157.69,paid_search
9050,2024-10-07,1989-08-08,CE,27498.44,social_media
9051,2024-06-26,2006-10-02,MG,24165.07,paid_search
9052,2023-01-11,1966-03-09,RJ,9944.81,partner
9053,2024-12-09,1980-07-20,MG,2076.73,social_media
9054,2023-09-02,1952-07-02,SP,19378.34,paid_search
9055,2024-06-07,1956-08-06,SP,14819.5,partner
9056,2025-05-04,1997-06-22,BA,8978.21,partner
9057,2025-09-09,1997-08-19,RS,5885.11,social_media
9058,2024-04-23,1985-03-18,PE,25781.27,social_media
9059,2026-03-22,1962-06-26,BA,2391.91,paid_search
9060,2025-01-14,1998-03-19,PR,3272.14,social_media
9061,2026-08-29,1984-05-22,BA,17011.7,organic
9062,2023-04-17,1961-08-20,RS,21743.73,social_media
9063,2026-04-07,1966-09-13,CE,3970.53,partner
9064,2023-08-11,2002-05-31,RS,14529.99,organic
9065,2023-01-17,2000-02-17,CE,28595.86,partner
9066,2025-01-16,2000-12-02,PR,25866.35,partner
9067,2023-10-09,1993-08-13,PE,12412.93,organic
9068,2024-10-03,1996-07-07,RS,4436.5,partner
9069,2025-01-17,1958-05-03,SP,13883.47,social_media
9070,2026-06-13,1995-07-25,RJ,24979.83,partner
9071,2025-07-28,1958-03-12,PE,6017.85,partner
9072,2026-01-10,1994-04-16,CE,18023.21,referral
9073,2023-12-17,1955-12-11,RJ,23244.31,social_media
9074,2024-08-01,1958-10-10,PR,6595.86,referral
9075,2025-12-24,1985-01-24,CE,13221.95,referral
9076,2025-12-28,1971-05-05,PR,9310.27,referral
9077,2025-10-24,1953-09-14,MG,28204.61,referral
9078,2023-06-02,1955-05-23,PE,27553.4,referral
9079,2025-01-23,1973-11-20,CE,22261.29,social_media
9080,2025-03-11,1997-06-27,BA,16273.1,partner
9081,2023-01-07,1961-10-19,CE,12461.32,social_media
9082,2024-01-08,1959-01-26,RS,5234.24,social_media
9083,2024-06-24,1991-09-26,SP,12038.38,organic
9084,2025-12-29,2001-12-26,BA,20742.85,organic
9085,2025-05-03,1953-02-14,CE,4973.09,organic
9086,2023-01-01,1953-10-30,RS,19076.15,partner
9087,2024-07-25,2002-03-07,PR,1927.9,referral
9088,2025-04-25,1996-04-16,RJ,13758.9,partner
9089,2024-12-06,1975-04-14,CE,27320.15,organic
9090,2025-04-22,1961-09-25,CE,22295.9,partner
9091,2023-10-20,1969-08-01,PR,23366.37,paid_search
9092,2024-11-29,1985-10-26,PR,17190.01,paid_search
9093,2024-06-01,1975-01-03,RJ,16871.27,partner
9094,2024-02-01,1999-01-17,PR,26924.33,partner
9095,2024-08-26,2003-08-02,CE,22603.5,organic
9096,2024-09-14,1985-12-29,RJ,27643.68,organic
9097,2024-12-22,1992-03-26,CE,7380.36,organic
9098,2025-09-16,1996-09-24,PE,22704.61,partner
9099,2025-02-07,1968-05-24,BA,24558.15,referral
9100,2025-04-20,1957-08-04,BA,6743.87,referral
9101,2026-07-27,2006-12-26,MG,5254.08,paid_search
9102,2026-04-12,1988-02-04,SP,28978.29,social_media
9103,2025-10-28,1972-10-08,MG,5278.11,paid_search
9104,2023-10-07,1971-05-11,RJ,12881.05,referral
9105,2026-06-02,1972-10-11,SP,2015.43,organic
9106,2023-09-16,1980-02-14,MG,12677.09,paid_search
9107,2024-06-06,1959-06-30,RJ,24985.88,partner
9108,2025-11-13,1976-09-01,PE,25922.03,social_media
9109,2024-06-01,1983-08-14,MG,16130.75,referral
9110,2026-05-31,1973-10-06,MG,23294.95,partner
9111,2023-01-06,2001-11-14,PR,23709.51,referral
9112,2026-07-31,1977-11-29,SP,14100.27,social_media
9113,2023-03-10,1965-10-03,SP,10729.28,social_media
9114,2023-10-25,1951-06-21,RS,17077.42,organic
9115,2023-04-20,1968-09-14,CE,2011.89,referral
9116,2024-05-28,1998-11-08,RS,5563.68,social_media
9117,2025-12-31,1954-09-25,BA,15237.14,referral
9118,2023-07-15,1953-03-27,BA,18830.01,social_media
9119,2025-01-06,1971-09-08,RS,23665.15,referral
9120,2026-08-29,1991-03-14,RS,10371.61,partner
9121,2026-08-02,2004-10-21,PR,7369.8,social_media
9122,2023-08-16,1987-05-16,CE,24597.08,social_media
9123,2025-02-24,1955-11-23,CE,15357.81,social_media
9124,2026-05-19,1951-02-27,PE,1555.08,referral
9125,2024-12-25,1963-02-12,RS,23200.84,organic
9126,2024-11-05,1979-01-14,CE,17800.15,organic
9127,2023-05-06,1979-05-25,PE,14507.02,partner
9128,2025-05-20,1963-02-11,PR,20197.67,partner
9129,2026-03-10,1961-03-23,CE,22540.39,referral
9130,2024-09-27,1952-05-20,PR,9363.63,paid_search
9131,2024-12-08,1956-02-29,CE,2390.18,partner
9132,2023-04-18,1991-10-20,RS,18641.94,paid_search
9133,2026-03-28,1981-03-27,SP,17020.71,partner
9134,2025-09-25,1986-08-03,PR,20238.29,social_media
9135,2026-04-11,2006-07-01,BA,24468.04,referral
9136,2023-11-07,1963-07-05,SP,19739.46,social_media
9137,2025-09-27,1965-08-16,CE,29066.46,partner
9138,2024-04-04,2004-07-11,MG,29963.6,organic
9139,2023-07-22,1978-02-21,BA,26926.72,organic
9140,2026-01-15,1988-10-19,PR,19588.99,partner
9141,2024-07-17,1959-10-02,PR,18684.99,social_media
9142,2025-08-07,1957-07-30,SP,24664.92,organic
9143,2026-06-04,1991-01-19,MG,19384.77,social_media
9144,2025-04-15,1977-12-19,MG,23229.37,referral
9145,2025-12-13,1979-08-02,RJ,26747.47,paid_search
9146,2023-02-26,1985-07-16,RS,27856.67,paid_search
9147,2023-07-27,1969-07-26,RJ,14692.65,paid_search
9148,2023-01-03,1981-12-16,CE,2766.75,referral
9149,2026-02-07,1959-06-07,MG,8511.48,referral
9150,2024-02-13,1974-12-25,SP,10637.91,social_media
9151,2023-01-16,1984-02-23,SP,17395.18,organic
9152,2023-05-20,1984-08-19,CE,28572.39,social_media
9153,2026-08-09,1997-08-16,RJ,27571.22,organic
9154,2023-06-03,1969-09-29,MG,13923.37,social_media
9155,2024-03-27,1990-08-22,RS,12278.89,partner
9156,2026-04-29,1986-04-08,RS,26438.17,partner
9157,2024-10-22,1964-11-26,SP,22420.36,paid_search
9158,2024-04-28,2003-05-24,PE,10277.44,partner
9159,2023-09-19,1985-03-27,PR,12763.52,organic
9160,2023-03-30,1983-07-21,SP,24776.18,referral
9161,2023-02-23,1971-05-08,BA,22050.43,partner
9162,2026-03-08,1995-06-11,SP,20374.54,paid_search
9163,2025-04-05,1951-06-12,SP,5825.29,partner
9164,2023-05-30,1998-02-18,MG,16922.45,organic
9165,2023-09-23,1975-03-13,PE,3978.3,social_media
9166,2025-07-14,1969-10-28,RJ,26153.76,referral
9167,2025-09-24,1975-06-30,PE,16111.73,social_media
9168,2025-07-28,1979-10-29,PR,8278.5,organic
9169,2025-08-05,1980-03-28,MG,17060.87,paid_search
9170,2025-01-24,1982-05-01,PR,24754.25,organic
9171,2023-01-19,1969-06-23,PE,18953.33,social_media
9172,2025-06-10,1974-12-02,SP,28303.8,organic
9173,2024-05-21,1963-12-30,PE,12286.3,partner
9174,2023-03-14,1955-09-16,SP,26695.07,partner
9175,2025-01-29,1991-02-26,RS,2636.97,paid_search
9176,2024-12-02,1985-06-01,MG,10580.88,partner
9177,2024-01-11,1963-05-16,RJ,6966.19,social_media
9178,2024-03-11,1951-12-13,RJ,3133.22,referral
9179,2026-08-23,1964-07-31,SP,20397.46,paid_search
9180,2024-04-09,2001-09-06,RS,15615.13,paid_search
9181,2024-01-08,1955-08-10,MG,16894.83,social_media
9182,2026-05-07,1993-08-19,RS,23943.66,social_media
9183,2024-01-07,1987-05-27,PE,11324.91,referral
9184,2024-02-23,2000-12-04,BA,29970.13,referral
9185,2023-08-31,1994-03-27,CE,8928.95,paid_search
9186,2023-09-22,1967-12-02,CE,25759.18,partner
9187,2024-05-27,2007-04-26,RS,13580.58,referral
9188,2023-04-11,1956-11-19,RJ,20930.07,partner
9189,2025-08-16,1985-06-02,CE,7512.8,organic
9190,2026-06-23,1981-11-12,RJ,8302.14,organic
9191,2024-09-16,1983-10-29,BA,3219.79,paid_search
9192,2023-06-17,1987-07-12,MG,27849.33,referral
9193,2024-03-17,1954-10-12,RS,1820.92,social_media
9194,2023-12-31,2002-02-06,CE,17727.58,organic
9195,2026-03-31,2005-02-08,PR,26484.56,organic
9196,2023-06-07,1978-12-13,BA,22805.02,social_media
9197,2023-10-07,2005-01-24,SP,9218.82,paid_search
9198,2024-09-29,1999-02-26,SP,19230.0,organic
9199,2024-12-04,1975-08-28,PR,21460.41,social_media
9200,2023-08-04,1990-06-27,MG,12342.04,referral
9201,2025-04-26,2002-07-18,BA,18878.27,referral
9202,2024-01-28,1963-05-21,SP,9831.24,paid_search
9203,2024-03-03,1999-03-09,MG,28767.83,paid_search
9204,2025-01-24,1985-05-29,SP,22684.81,paid_search
9205,2023-05-14,1976-09-12,BA,27723.84,referral
9206,2025-03-28,1991-10-26,CE,9443.89,partner
9207,2023-07-15,1998-09-26,MG,2973.39,referral
9208,2025-02-26,1987-03-12,SP,3366.89,paid_search
9209,2026-03-14,1985-06-27,BA,3919.33,referral
9210,2023-12-28,1986-04-13,BA,25305.66,referral
9211,2025-10-28,1999-11-12,RJ,18594.56,social_media
9212,2023-05-22,1989-08-16,SP,13812.93,organic
9213,2023-11-29,1990-09-06,CE,25985.2,referral
9214,2025-10-06,1969-05-14,PR,7831.92,paid_search
9215,2025-09-08,1993-12-31,PR,6502.22,partner
9216,2025-06-08,1983-03-01,RS,22035.36,social_media
9217,2025-08-14,1968-11-09,RJ,10937.12,partner
9218,2023-06-19,1960-02-26,PE,19243.89,social_media
9219,2025-01-17,1991-12-16,CE,6376.88,paid_search
9220,2024-06-29,1981-11-03,SP,16833.02,referral
9221,2025-10-22,1990-10-22,RJ,12423.04,partner
9222,2026-05-23,1968-01-24,RS,12295.45,referral
9223,2024-04-22,1993-08-23,SP,5370.64,referral
9224,2023-07-09,2005-01-14,PE,26212.77,social_media
9225,2025-12-29,2006-07-16,SP,23776.16,referral
9226,2023-11-09,1957-12-21,RJ,9352.1,organic
9227,2023-08-21,1991-08-23,PR,24774.53,referral
9228,2023-05-20,1968-12-12,MG,24225.38,organic
9229,2025-03-13,1987-04-15,PE,9960.22,partner
9230,2025-10-09,1976-05-21,RS,16769.53,paid_search
9231,2023-04-29,1968-05-02,SP,25830.52,referral
9232,2023-05-23,1981-02-09,MG,22324.71,organic
9233,2023-07-12,1980-04-07,MG,8498.84,referral
9234,2023-01-29,1974-01-02,CE,9524.65,paid_search
9235,2023-11-14,1974-06-10,PE,5937.54,referral
9236,2023-06-25,1992-01-07,MG,14842.73,social_media
9237,2024-07-08,1982-11-08,RS,5773.45,partner
9238,2025-12-25,1966-07-06,RJ,20622.59,partner
9239,2025-05-21,2005-07-02,RS,12840.85,organic
9240,2025-01-31,1982-10-07,BA,28687.51,paid_search
9241,2026-03-01,2004-10-26,CE,8651.48,paid_search
9242,2026-01-03,1977-03-21,RJ,4363.48,partner
9243,2026-07-26,1990-02-18,CE,9533.43,referral
9244,2026-06-07,1977-11-12,MG,15438.57,paid_search
9245,2023-06-14,1982-05-14,RJ,24933.99,partner
9246,2026-03-26,1954-05-28,RS,17281.75,social_media
9247,2024-01-26,1951-11-28,PR,10628.14,organic
9248,2023-09-05,1977-12-28,CE,14625.17,organic
9249,2024-04-21,2007-08-11,MG,18299.9,paid_search
9250,2024-03-15,1980-04-19,CE,9213.55,referral
9251,2026-06-15,1952-10-31,PE,29517.24,partner
9252,2026-05-23,1981-05-30,BA,6071.7,social_media
9253,2026-04-12,1967-08-07,RJ,20476.46,referral
9254,2025-12-13,1980-02-27,PE,27628.5,organic
9255,2025-07-13,2000-03-31,SP,11757.59,referral
9256,2025-05-25,1978-06-03,BA,7439.95,organic
9257,2025-02-16,1982-12-30,PE,18367.86,partner
9258,2024-02-17,1982-11-27,PE,3867.06,organic
9259,2024-09-05,1984-08-12,RJ,28774.66,partner
9260,2026-05-26,2000-03-07,RJ,10669.4,social_media
9261,2023-02-08,1979-10-16,BA,19966.58,social_media
9262,2024-05-13,1995-06-20,SP,28146.93,referral
9263,2023-05-23,1951-07-30,CE,1746.27,social_media
9264,2023-05-27,1994-06-09,PR,5359.7,paid_search
9265,2023-11-06,1979-04-21,RS,6436.84,social_media
9266,2023-06-28,1960-09-24,PE,28857.2,partner
9267,2024-03-05,1984-08-04,RS,6592.02,social_media
9268,2024-10-14,1996-09-16,RS,22851.12,partner
9269,2025-12-06,2000-11-06,PR,8497.68,referral
9270,2025-05-10,1981-06-09,CE,8342.92,organic
9271,2025-11-13,1966-01-25,CE,8606.85,partner
9272,2025-01-18,1968-12-25,RS,21601.13,paid_search
9273,2023-03-15,2000-02-02,PR,16676.81,social_media
9274,2023-10-05,1999-06-17,BA,23136.48,partner
9275,2024-08-03,1959-02-02,CE,13725.2,partner
9276,2025-07-29,1959-08-07,SP,8399.29,social_media
9277,2025-08-16,2000-07-31,MG,14376.42,social_media
9278,2024-11-14,1974-06-10,RS,8782.39,referral
9279,2026-01-01,2007-07-15,RS,11837.45,organic
9280,2026-07-30,1960-08-14,BA,2988.06,referral
9281,2023-02-07,1951-08-01,RS,22123.52,paid_search
9282,2024-03-16,1994-05-25,MG,28168.24,referral
9283,2024-07-12,1970-03-19,RJ,12061.26,organic
9284,2024-03-22,2004-11-03,PR,19882.47,social_media
9285,2025-08-12,1988-11-05,CE,9573.86,paid_search
9286,2026-06-14,1981-12-23,RJ,28625.3,paid_search
9287,2024-03-02,2004-06-14,PR,2560.31,partner
9288,2024-12-31,2003-02-16,CE,23529.31,paid_search
9289,2024-10-13,1989-11-07,BA,13571.14,social_media
9290,2026-04-11,2001-10-05,PE,4698.27,paid_search
9291,2026-06-20,1953-11-24,PE,10404.38,organic
9292,2024-08-23,1981-10-17,RJ,28149.67,organic
9293,2026-05-12,1969-06-09,RJ,3337.56,organic
9294,2024-08-06,2006-05-12,SP,6395.09,paid_search
9295,2023-04-23,1970-09-18,CE,15063.01,referral
9296,2023-12-17,1973-07-22,RJ,29353.9,partner
9297,2024-09-17,1965-08-15,SP,26722.65,social_media
9298,2025-09-19,1994-03-02,PE,23948.47,social_media
9299,2026-08-29,1995-12-08,PE,18844.23,paid_search
9300,2026-03-12,1969-08-16,SP,12437.09,paid_search
9301,2023-08-05,1982-04-05,RS,28843.09,partner
9302,2025-03-30,1973-08-29,PR,24018.82,referral
9303,2024-05-26,1979-09-06,PE,21632.64,organic
9304,2024-03-21,1988-04-03,BA,18125.26,social_media
9305,2024-10-20,1970-11-07,PE,20445.97,social_media
9306,2025-10-14,1966-06-29,RS,1690.33,paid_search
9307,2025-11-30,1954-06-16,RS,14533.98,social_media
9308,2023-10-08,1983-03-15,MG,25602.09,organic
9309,2025-12-08,1985-04-11,MG,27843.9,organic
9310,2024-03-16,1984-08-17,MG,5483.71,social_media
9311,2023-12-14,1968-01-12,RS,10816.98,social_media
9312,2025-12-18,1954-12-01,MG,27910.21,paid_search
9313,2024-06-21,1972-12-11,RS,5542.41,social_media
9314,2025-01-24,2001-03-11,RS,21351.02,organic
9315,2026-07-12,1955-06-14,CE,13014.79,referral
9316,2026-03-11,2001-12-02,RJ,21100.56,organic
9317,2023-08-08,1952-06-25,MG,23981.69,organic
9318,2025-01-03,1959-12-26,RS,5413.9,referral
9319,2026-05-28,1982-07-02,RJ,18075.2,paid_search
9320,2026-02-21,1980-05-05,RS,21751.04,organic
9321,2024-07-27,1952-12-21,PR,17657.38,partner
9322,2026-02-27,1958-06-14,MG,19809.85,paid_search
9323,2023-08-06,1961-03-21,RS,16552.78,paid_search
9324,2023-12-17,1978-09-12,BA,4409.64,organic
9325,2024-07-11,1963-09-02,PR,20231.75,social_media
9326,2024-01-24,1989-10-17,BA,6630.49,paid_search
9327,2026-05-16,1983-05-03,CE,20308.85,organic
9328,2024-02-07,1987-10-02,SP,28411.25,referral
9329,2025-11-09,1970-11-06,CE,16274.91,social_media
9330,2025-08-14,1952-07-14,PE,28166.04,partner
9331,2023-08-02,1981-07-20,RJ,2634.52,paid_search
9332,2024-01-21,1999-11-06,BA,21394.55,social_media
9333,2025-10-10,2001-02-24,PE,3647.72,social_media
9334,2023-10-01,1951-12-30,PE,6306.88,social_media
9335,2026-05-09,1953-01-22,CE,23292.09,social_media
9336,2023-03-11,1976-04-29,BA,5047.12,social_media
9337,2023-07-28,2006-03-08,CE,3501.94,paid_search
9338,2026-08-02,1976-09-01,PR,14492.28,paid_search
9339,2026-07-31,1969-10-23,RS,4794.2,partner
9340,2024-10-10,1977-05-13,SP,26551.65,partner
9341,2025-11-22,1982-05-11,MG,28793.65,partner
9342,2025-03-09,1974-12-24,BA,5147.45,social_media
9343,2025-01-01,1992-02-08,PE,4214.32,paid_search
9344,2023-07-05,1988-05-21,BA,9419.13,partner
9345,2024-05-25,1976-04-13,BA,10541.27,partner
9346,2025-09-30,1971-06-20,PE,13895.71,paid_search
9347,2024-05-28,1981-07-02,SP,26818.13,social_media
9348,2026-03-23,1990-05-11,CE,13500.26,partner
9349,2026-03-15,1951-03-24,PR,13892.96,paid_search
9350,2023-01-11,1995-07-06,BA,3291.44,partner
9351,2024-04-11,1981-09-17,PE,14986.16,paid_search
9352,2025-03-19,2007-01-12,BA,15296.47,paid_search
9353,2026-06-27,1995-08-07,MG,3457.21,paid_search
9354,2024-05-24,1959-12-27,BA,27782.04,social_media
9355,2024-12-10,1975-12-05,PE,18565.09,referral
9356,2024-02-23,1994-03-25,PR,12204.35,organic
9357,2024-10-14,1982-12-08,PR,17352.7,paid_search
9358,2023-11-11,2006-04-30,CE,15875.56,referral
9359,2026-08-23,1974-07-22,SP,10214.61,social_media
9360,2026-07-03,2001-12-02,PR,18596.87,paid_search
9361,2023-09-06,1987-08-17,BA,18676.13,referral
9362,2026-05-22,2004-03-14,RJ,5714.42,paid_search
9363,2025-03-25,1954-03-03,RJ,2377.31,partner
9364,2024-09-22,2002-01-04,RJ,9008.13,social_media
9365,2026-05-24,2000-12-06,BA,12598.7,paid_search
9366,2024-11-17,1996-09-26,BA,12585.56,organic
9367,2026-04-14,1969-04-11,SP,7113.49,paid_search
9368,2023-10-16,1990-12-07,PR,29202.14,partner
9369,2023-02-21,1957-05-18,PR,23110.82,paid_search
9370,2026-01-07,1981-09-10,CE,14107.55,referral
9371,2026-06-26,1998-03-26,PR,28224.58,referral
9372,2025-06-28,1995-07-03,CE,27702.86,social_media
9373,2024-10-11,1974-10-30,BA,3007.2,partner
9374,2024-12-28,1996-02-16,CE,21663.58,social_media
9375,2023-11-29,1969-04-14,BA,17882.55,organic
9376,2026-07-30,1979-04-25,BA,2299.76,social_media
9377,2024-03-13,2006-04-19,SP,6457.66,paid_search
9378,2025-08-26,1964-06-10,PR,25914.23,organic
9379,2026-03-04,1953-01-08,RS,4994.19,organic
9380,2023-01-22,1995-02-07,PR,24120.51,organic
9381,2026-02-16,2005-04-27,CE,22575.77,social_media
9382,2024-08-23,2000-05-23,RS,5802.25,social_media
9383,2025-09-09,1984-12-16,RS,5473.6,social_media
9384,2025-05-24,1968-02-24,PR,20836.45,partner
9385,2026-07-23,1990-09-22,RS,9097.85,partner
9386,2026-03-14,2001-10-10,PR,11227.42,social_media
9387,2024-03-20,1952-09-05,PR,10323.67,referral
9388,2024-10-04,1977-03-06,SP,8041.27,paid_search
9389,2023-07-25,1971-04-15,RS,6081.38,organic
9390,2023-03-22,1960-03-17,PE,2957.56,organic
9391,2023-12-15,1958-08-31,BA,2187.29,paid_search
9392,2025-08-02,1955-11-07,RJ,17417.3,organic
9393,2023-01-05,1975-05-12,PR,3341.07,partner
9394,2023-08-12,1991-01-21,RJ,29123.55,paid_search
9395,2024-08-19,1984-04-02,PR,3635.04,partner
9396,2026-06-03,1984-02-09,PR,17950.75,partner
9397,2025-02-04,1973-03-24,PE,11367.75,paid_search
9398,2023-04-04,1984-11-11,RS,14023.58,partner
9399,2025-07-04,1984-10-14,PR,8132.23,partner
9400,2025-11-19,1962-04-14,CE,27377.63,partner
9401,2023-04-03,1957-02-02,RS,11884.14,paid_search
9402,2024-05-06,2005-05-09,RJ,22656.35,social_media
9403,2024-01-09,1992-06-01,RS,22842.05,social_media
9404,2023-05-23,1983-09-03,MG,19529.12,organic
9405,2024-12-29,1986-08-25,RJ,26417.34,referral
9406,2024-09-08,1958-06-22,PE,18720.55,referral
9407,2023-11-23,1957-08-25,CE,18237.43,partner
9408,2023-04-26,1956-06-24,BA,13485.44,organic
9409,2024-11-18,1951-05-03,SP,28924.13,paid_search
9410,2026-04-23,1972-11-09,RS,8715.33,organic
9411,2023-03-08,1979-11-17,RS,3354.57,organic
9412,2023-02-15,1965-04-20,PE,19752.67,partner
9413,2025-03-25,1993-07-14,MG,20953.15,partner
9414,2026-06-30,1955-07-29,PR,23563.6,paid_search
9415,2025-01-09,1964-05-09,PE,6521.66,social_media
9416,2023-02-17,1991-10-20,RJ,10647.09,social_media
9417,2024-01-03,1992-02-09,PE,27872.22,referral
9418,2025-11-13,1974-02-14,RJ,14233.94,organic
9419,2024-11-07,2004-07-02,MG,7650.4,paid_search
9420,2025-05-02,2005-04-15,CE,17641.64,paid_search
9421,2023-04-03,1971-09-01,CE,8370.02,referral
9422,2024-05-22,1968-01-10,PE,28973.75,organic
9423,2024-06-05,1965-07-21,RJ,9936.57,social_media
9424,2026-01-10,1961-04-29,PR,16635.64,organic
9425,2025-04-18,1965-12-29,MG,6953.63,referral
9426,2023-01-31,1952-03-31,PE,8740.59,partner
9427,2025-08-05,1999-05-11,PR,19083.59,paid_search
9428,2025-04-15,1965-08-02,PE,6494.51,social_media
9429,2025-03-21,1980-06-26,RS,15808.95,partner
9430,2023-05-27,1974-07-26,PR,22093.06,organic
9431,2023-10-09,1992-11-25,SP,6820.56,organic
9432,2026-02-27,1981-05-02,BA,18414.25,referral
9433,2025-10-07,1991-07-22,SP,7206.08,social_media
9434,2025-04-13,2006-06-22,PR,22922.03,referral
9435,2023-08-07,1980-05-13,CE,13815.77,partner
9436,2024-04-01,1977-09-09,BA,21145.17,organic
9437,2023-11-24,1963-10-11,MG,13958.64,social_media
9438,2026-03-12,2000-11-03,MG,2447.61,paid_search
9439,2024-05-17,2001-03-28,MG,26668.54,partner
9440,2024-11-23,2004-08-20,PR,6567.32,social_media
9441,2026-05-11,1973-10-05,PE,18410.91,referral
9442,2026-05-03,1981-05-29,RS,10950.42,paid_search
9443,2025-03-31,1984-07-18,MG,14636.39,social_media
9444,2023-07-11,1981-06-14,RS,9038.42,social_media
9445,2024-09-26,1993-03-29,PR,2679.08,referral
9446,2024-02-25,1975-07-10,CE,21568.09,referral
9447,2025-11-22,2007-10-22,SP,27376.73,organic
9448,2026-03-24,2002-01-26,RJ,16087.17,referral
9449,2026-04-23,1956-05-18,RS,10781.07,paid_search
9450,2026-08-10,1984-09-07,PR,27787.61,partner
9451,2026-08-09,2002-08-17,CE,16257.42,organic
9452,2024-07-29,1962-01-19,BA,7683.88,organic
9453,2024-08-21,1979-04-09,CE,12222.97,partner
9454,2024-10-26,1984-05-03,RS,17130.21,partner
9455,2024-11-14,1986-06-26,RJ,27670.07,organic
9456,2026-06-19,1998-11-20,RS,18643.68,organic
9457,2026-02-10,1975-04-23,CE,18996.59,organic
9458,2026-08-21,1993-03-10,SP,18361.66,paid_search
9459,2025-11-16,1972-08-24,BA,8216.9,partner
9460,2023-08-29,1954-01-13,CE,26153.47,referral
9461,2023-06-16,1986-06-22,PR,6665.17,referral
9462,2025-04-29,1973-04-23,RS,27958.37,referral
9463,2025-03-23,2005-05-07,CE,12952.93,social_media
9464,2026-03-23,1995-04-01,PE,22777.0,organic
9465,2023-11-15,1979-01-03,PR,21505.41,referral
9466,2024-06-27,1995-10-17,BA,17274.25,partner
9467,2025-06-28,1991-04-10,SP,17349.5,organic
9468,2024-04-12,1975-01-06,PE,15521.01,referral
9469,2025-06-28,1994-04-09,MG,1522.35,partner
9470,2023-01-10,1976-04-13,PE,29822.59,referral
9471,2025-08-08,1980-05-06,RJ,5178.15,paid_search
9472,2026-06-23,2003-08-14,RS,13941.88,organic
9473,2023-03-01,1981-11-29,MG,13801.07,paid_search
9474,2025-04-22,1955-07-05,CE,20010.23,paid_search
9475,2026-04-30,1984-04-17,BA,28004.24,partner
9476,2025-05-03,1958-04-08,BA,14673.38,social_media
9477,2026-06-05,1986-01-01,RS,6884.88,organic
9478,2024-07-20,1983-12-08,RS,5206.27,organic
9479,2026-02-27,1955-01-17,BA,16206.33,social_media
9480,2025-09-23,1984-09-22,BA,25866.97,paid_search
9481,2023-02-07,1988-05-28,BA,11224.7,referral
9482,2025-05-22,2004-05-28,CE,21625.27,social_media
9483,2025-02-27,1998-05-29,SP,3583.3,paid_search
9484,2024-04-30,1980-03-29,PR,4682.63,referral
9485,2025-03-26,1981-03-12,BA,1679.96,social_media
9486,2025-12-22,1976-10-13,PR,20264.9,paid_search
9487,2025-10-06,1951-08-02,SP,10321.28,organic
9488,2024-09-21,1977-04-01,MG,11394.68,organic
9489,2024-07-17,1964-11-28,RJ,6219.15,partner
9490,2025-12-24,2000-01-18,MG,26129.66,social_media
9491,2025-08-25,1953-01-06,RS,12068.99,partner
9492,2025-05-16,1962-08-25,CE,24473.45,organic
9493,2023-01-09,1976-01-07,BA,7503.92,partner
9494,2023-03-31,1965-01-10,SP,4315.55,social_media
9495,2026-06-24,1974-08-28,SP,13354.85,paid_search
9496,2023-09-08,1991-03-31,SP,21641.24,social_media
9497,2023-06-30,1971-02-16,CE,7257.71,social_media
9498,2025-12-14,1960-10-09,PR,29980.47,paid_search
9499,2026-06-08,1964-05-26,RJ,11402.89,paid_search
9500,2026-04-15,2000-03-28,RJ,4328.82,partner
9501,2025-07-23,1974-11-20,RJ,9166.99,referral
9502,2025-07-25,1984-09-10,RJ,6025.86,social_media
9503,2025-10-09,1989-05-30,PR,22720.53,referral
9504,2024-12-22,1995-08-16,RJ,13206.31,organic
9505,2024-07-01,2006-04-12,CE,20389.78,organic
9506,2025-04-18,1955-12-05,RJ,3418.42,organic
9507,2024-04-02,1969-06-11,RJ,29917.47,referral
9508,2026-02-11,1974-11-30,RJ,13162.9,partner
9509,2024-08-13,1961-09-19,MG,23685.98,partner
9510,2024-01-18,1992-02-21,CE,4754.95,partner
9511,2026-04-27,2000-08-20,PE,16488.47,referral
9512,2024-07-14,1997-03-01,PR,20812.43,social_media
9513,2025-05-17,1951-07-15,SP,9202.92,referral
9514,2023-10-11,1981-02-20,PE,26220.89,referral
9515,2024-10-02,1989-10-20,CE,21200.79,paid_search
9516,2024-04-30,1975-02-02,CE,19094.08,referral
9517,2023-10-28,1952-09-16,PR,11967.51,partner
9518,2025-03-24,1961-12-05,SP,22997.14,partner
9519,2023-04-20,1982-06-30,PE,26706.48,partner
9520,2024-01-13,1995-09-28,RS,11902.6,partner
9521,2024-06-25,1993-01-25,CE,21566.19,referral
9522,2024-03-29,1986-11-29,RJ,16636.18,organic
9523,2023-01-21,1958-06-21,PE,18548.11,paid_search
9524,2023-07-22,1990-03-07,MG,14229.28,referral
9525,2024-01-07,2001-05-23,BA,18774.31,paid_search
9526,2026-02-25,1989-11-17,CE,15175.12,social_media
9527,2026-03-14,1978-03-14,MG,8771.92,social_media
9528,2023-04-10,1974-03-05,SP,11368.89,referral
9529,2023-10-02,1973-04-23,CE,7812.56,organic
9530,2026-02-22,1956-12-08,RJ,12149.5,paid_search
9531,2026-03-10,1965-12-21,BA,29326.46,organic
9532,2025-09-09,1962-09-13,BA,29166.48,organic
9533,2025-04-27,1956-05-15,SP,29195.22,social_media
9534,2026-02-10,2004-08-03,PE,21150.81,social_media
9535,2024-03-28,1984-12-17,CE,23872.09,social_media
9536,2024-06-13,1975-06-08,CE,7062.77,partner
9537,2023-07-11,1994-11-25,MG,9170.75,organic
9538,2024-01-20,1997-09-29,PR,29475.33,referral
9539,2025-08-09,1975-08-03,CE,29638.3,partner
9540,2023-12-21,1994-11-10,RS,25640.14,social_media
9541,2025-01-26,2002-10-13,PR,3532.75,referral
9542,2025-05-17,1965-08-16,PR,20769.99,referral
9543,2024-11-24,1957-04-21,PR,4648.29,referral
9544,2024-03-04,1952-07-09,PE,21999.02,social_media
9545,2024-12-31,1981-03-20,CE,1533.28,paid_search
9546,2024-08-10,1990-10-21,PR,28633.82,social_media
9547,2023-02-12,1964-11-08,RJ,16664.95,referral
9548,2024-09-30,1991-01-07,SP,22110.42,paid_search
9549,2024-06-07,1985-11-28,SP,20400.34,partner
9550,2025-08-04,2000-12-12,CE,26387.05,paid_search
9551,2024-11-14,2006-05-26,BA,15902.37,paid_search
9552,2025-03-09,1955-10-15,BA,20834.7,paid_search
9553,2023-09-25,1951-01-21,SP,13032.16,social_media
9554,2023-08-30,1988-05-02,RJ,15425.29,paid_search
9555,2025-12-12,1967-07-24,CE,25355.22,paid_search
9556,2023-01-15,1980-11-20,SP,5928.47,partner
9557,2023-05-24,1954-12-22,RS,13846.11,partner
9558,2025-07-13,1971-07-20,RJ,15057.31,partner
9559,2025-07-20,1961-11-25,CE,12739.4,referral
9560,2023-05-16,1990-08-10,PE,17130.95,organic
9561,2023-03-13,1986-08-07,MG,7892.13,referral
9562,2026-05-21,1955-11-08,SP,12857.42,organic
9563,2024-01-26,1982-11-13,SP,12602.48,social_media
9564,2024-02-12,1955-01-07,PR,9874.15,referral
9565,2024-01-13,2006-11-13,RS,12409.28,paid_search
9566,2025-12-18,1996-10-06,MG,19799.87,social_media
9567,2024-06-07,1951-01-02,RS,29099.17,social_media
9568,2024-09-25,2005-12-26,BA,28989.93,organic
9569,2024-07-25,1976-07-14,RS,1780.0,organic
9570,2025-04-25,1984-10-12,PR,19257.21,organic
9571,2025-09-05,1967-10-16,BA,14991.45,partner
9572,2026-03-19,1979-04-19,SP,3565.84,paid_search
9573,2024-09-19,1989-02-25,SP,29736.62,paid_search
9574,2025-08-16,1999-07-11,RS,15077.38,referral
9575,2025-12-24,1961-04-24,SP,2395.07,referral
9576,2023-02-14,1955-05-17,CE,20264.22,social_media
9577,2024-05-06,1969-07-31,PR,17463.27,referral
9578,2025-02-07,1967-08-04,SP,14777.1,partner
9579,2026-01-09,1970-12-10,MG,13229.47,organic
9580,2026-01-02,1983-10-17,CE,16425.32,social_media
9581,2024-06-07,1976-03-15,RS,7787.08,partner
9582,2024-03-25,2004-04-21,RJ,23100.62,paid_search
9583,2024-08-04,1972-07-15,CE,17689.99,partner
9584,2023-06-23,1953-11-23,CE,29904.35,organic
9585,2024-03-18,1961-07-25,CE,13522.08,referral
9586,2024-03-27,1968-05-21,CE,5163.32,organic
9587,2026-06-28,1979-06-01,BA,29126.86,social_media
9588,2023-10-07,2006-09-28,MG,6726.2,social_media
9589,2025-02-06,1988-03-27,CE,22105.77,partner
9590,2023-12-15,1974-05-16,RJ,13839.08,paid_search
9591,2024-05-23,1959-05-12,PR,24325.36,paid_search
9592,2024-10-04,2002-12-25,RS,23676.45,social_media
9593,2026-05-01,1962-12-09,RJ,9839.2,referral
9594,2023-05-22,1962-05-09,PE,16683.51,paid_search
9595,2024-05-19,1953-10-24,RJ,10359.63,organic
9596,2025-01-06,2001-08-24,PR,15615.92,social_media
9597,2024-03-10,1968-04-21,PE,23030.24,paid_search
9598,2025-09-18,1962-11-26,PE,15613.31,organic
9599,2026-06-19,1957-10-14,SP,3158.4,partner
9600,2026-01-08,1984-03-16,RS,6067.06,partner
9601,2024-03-19,1986-08-26,CE,23380.48,partner
9602,2025-05-27,1975-07-12,MG,19814.11,paid_search
9603,2024-01-05,1960-09-05,RJ,8579.01,partner
9604,2024-07-07,1996-07-10,MG,4282.24,paid_search
9605,2025-07-09,1989-01-19,RS,3901.97,referral
9606,2025-09-04,1994-05-21,PE,18359.59,partner
9607,2026-05-29,1964-02-03,CE,29489.27,social_media
9608,2025-03-05,1976-05-06,PR,19034.81,paid_search
9609,2023-12-23,1981-09-27,MG,20593.87,partner
9610,2023-04-29,1951-05-08,RJ,13659.65,referral
9611,2024-01-21,1954-08-21,BA,20815.79,social_media
9612,2025-03-18,1952-06-28,MG,13587.68,referral
9613,2025-07-13,1998-07-27,RJ,1779.11,organic
9614,2026-06-13,1991-05-22,PE,21253.41,partner
9615,2024-02-04,1993-07-07,RJ,28646.61,organic
9616,2024-03-21,1982-01-23,BA,8065.84,partner
9617,2024-09-07,1955-02-24,SP,9478.67,organic
9618,2025-05-18,1960-11-26,CE,18026.48,partner
9619,2025-10-30,1981-12-13,CE,13236.33,organic
9620,2024-10-11,1988-02-29,CE,19796.53,organic
9621,2023-07-17,1953-09-22,SP,14764.5,paid_search
9622,2025-09-22,1982-06-06,PR,15774.05,social_media
9623,2025-10-28,1980-01-23,RJ,19516.67,paid_search
9624,2025-07-10,1979-10-31,PE,4105.13,referral
9625,2025-06-19,1983-04-19,PR,12295.3,organic
9626,2024-10-11,1998-06-12,MG,3906.41,paid_search
9627,2025-01-19,1984-06-23,MG,7775.27,social_media
9628,2025-02-06,1966-07-03,RJ,25209.13,referral
9629,2023-11-06,1983-08-24,PR,2113.63,organic
9630,2023-12-08,1979-03-23,BA,2502.96,referral
9631,2025-07-07,1988-12-28,MG,8891.5,social_media
9632,2024-08-25,2006-10-23,RJ,16047.45,organic
9633,2025-11-27,1952-04-12,PE,29285.87,social_media
9634,2024-05-14,1982-03-13,CE,22880.73,referral
9635,2026-05-08,2004-03-04,BA,12077.95,social_media
9636,2025-03-26,1953-01-31,SP,25599.97,paid_search
9637,2025-03-30,1995-10-07,SP,24764.05,partner
9638,2026-01-12,1982-07-11,PR,3462.31,partner
9639,2026-06-24,1967-02-21,CE,21491.13,paid_search
9640,2025-01-04,1999-04-08,BA,19367.9,organic
9641,2024-12-05,1989-04-02,MG,19069.35,paid_search
9642,2025-12-07,1961-10-13,CE,16611.82,social_media
9643,2026-08-30,1990-03-09,CE,6161.54,partner
9644,2024-03-20,1969-04-26,BA,21420.7,referral
9645,2023-03-04,1966-04-22,SP,28729.03,social_media
9646,2025-04-30,2001-06-06,RS,17409.17,partner
9647,2024-02-19,1972-06-30,SP,20489.46,referral
9648,2025-09-04,1994-07-15,SP,9571.73,referral
9649,2023-08-16,1985-08-12,RJ,8154.85,partner
9650,2026-08-22,1957-09-24,MG,27154.46,paid_search
9651,2025-01-02,1983-12-03,PE,23566.07,organic
9652,2026-08-30,1960-08-28,SP,11260.17,social_media
9653,2025-11-30,1954-08-04,PE,27190.15,paid_search
9654,2026-03-13,1951-08-04,PE,22934.91,referral
9655,2025-08-28,1994-03-18,MG,25608.97,referral
9656,2025-11-28,1957-03-29,PE,24130.95,referral
9657,2023-05-05,1961-08-19,RS,8803.68,organic
9658,2023-08-13,2003-06-07,BA,17396.06,partner
9659,2024-08-05,1979-01-16,PR,6183.24,referral
9660,2023-04-28,1992-09-06,BA,5725.77,social_media
9661,2025-10-09,1989-10-26,PR,10201.36,partner
9662,2024-05-09,1988-09-29,RJ,12232.34,paid_search
9663,2024-05-14,1994-10-21,PR,28431.25,social_media
9664,2025-04-23,2007-04-29,SP,15243.79,organic
9665,2023-05-16,1953-09-22,BA,18905.66,paid_search
9666,2023-05-20,1969-12-01,CE,21373.02,paid_search
9667,2026-05-06,1999-07-22,CE,8330.61,social_media
9668,2025-09-27,1971-08-06,SP,21886.95,paid_search
9669,2026-01-08,1998-04-07,PR,7415.99,organic
9670,2024-07-07,1960-01-15,RJ,5414.78,paid_search
9671,2024-12-19,1974-02-26,SP,27867.7,referral
9672,2025-09-22,1992-03-30,RS,17699.94,organic
9673,2023-10-05,1961-10-07,PE,11430.69,social_media
9674,2023-06-17,1989-12-12,CE,15041.13,partner
9675,2023-06-29,1978-05-13,RJ,11662.44,organic
9676,2025-03-27,1986-01-12,SP,14128.93,organic
9677,2025-01-20,1976-06-24,PR,2927.91,partner
9678,2024-10-27,2004-04-09,SP,15362.77,referral
9679,2024-10-10,1999-03-25,PR,27458.3,paid_search
9680,2023-04-04,1956-09-30,PE,13505.47,referral
9681,2024-09-30,1987-08-09,RJ,23843.78,social_media
9682,2023-12-31,1987-03-08,CE,7337.8,partner
9683,2023-11-16,1997-09-13,MG,25541.63,social_media
9684,2024-05-08,1960-04-30,PE,17322.48,partner
9685,2023-12-29,1963-11-19,RJ,29234.71,organic
9686,2024-08-06,1998-10-15,SP,6640.04,referral
9687,2024-09-05,1966-09-02,SP,14945.38,organic
9688,2026-01-02,1957-01-25,SP,20359.93,organic
9689,2023-04-28,1951-07-18,PR,2503.49,paid_search
9690,2024-01-18,2006-06-14,RJ,29073.69,organic
9691,2023-08-18,1958-01-06,PE,3324.85,organic
9692,2025-01-11,1981-11-12,PR,29489.66,referral
9693,2023-12-31,2000-05-20,PR,22997.14,social_media
9694,2026-05-24,1985-01-06,PR,4575.97,organic
9695,2023-04-19,1976-05-05,PR,12099.0,partner
9696,2023-12-26,1963-09-15,CE,17889.5,social_media
9697,2025-03-14,1966-10-14,PR,10972.25,organic
9698,2026-08-29,1991-09-01,MG,5640.39,partner
9699,2026-05-22,2004-05-29,MG,18250.4,social_media
9700,2026-08-17,1997-08-29,MG,29687.63,partner
9701,2025-08-07,1974-07-11,PE,24171.3,social_media
9702,2024-11-01,1975-03-16,BA,3239.36,social_media
9703,2023-07-13,1969-02-10,PE,16860.98,referral
9704,2024-05-24,1958-11-09,RS,5825.15,organic
9705,2024-12-06,1979-12-13,PE,13882.34,organic
9706,2023-05-18,1977-06-14,CE,4821.72,social_media
9707,2026-06-21,2001-06-22,PE,10985.46,organic
9708,2026-06-04,1957-04-29,RJ,24162.12,organic
9709,2025-12-27,1991-08-19,PR,16398.43,social_media
9710,2025-08-20,1981-07-21,PE,23767.21,paid_search
9711,2025-01-07,1960-09-27,MG,28651.55,social_media
9712,2023-06-14,1956-04-06,CE,16558.12,paid_search
9713,2023-04-24,1951-06-12,PR,5980.69,paid_search
9714,2023-06-05,1998-09-03,RJ,21396.37,referral
9715,2026-03-23,1990-02-20,BA,4810.52,partner
9716,2023-05-13,1982-06-05,PE,9344.93,organic
9717,2024-03-09,2006-07-26,RS,1668.98,social_media
9718,2026-07-31,1972-06-22,PR,16145.59,referral
9719,2024-11-21,1961-01-15,BA,20654.86,social_media
9720,2025-11-06,1995-07-08,PE,23051.69,social_media
9721,2026-07-11,1997-10-03,BA,12281.67,social_media
9722,2023-09-20,1991-08-27,BA,5254.6,social_media
9723,2025-04-25,1996-11-22,MG,14936.9,organic
9724,2024-02-01,1981-05-09,PR,2382.21,partner
9725,2023-07-20,1977-10-08,PR,20237.11,paid_search
9726,2024-06-06,2004-12-23,MG,22291.8,organic
9727,2024-04-25,1969-12-11,PE,2115.49,partner
9728,2024-09-13,2001-08-22,CE,16051.2,partner
9729,2025-06-03,1977-10-18,PR,11517.53,social_media
9730,2023-02-09,2005-11-15,PR,9577.29,paid_search
9731,2023-03-20,1976-07-09,PE,23390.37,paid_search
9732,2025-09-13,1965-04-07,SP,16428.58,paid_search
9733,2024-11-23,1954-03-31,RS,12074.84,partner
9734,2023-05-08,1983-08-17,PR,4033.34,organic
9735,2025-10-06,2004-12-20,BA,20960.24,paid_search
9736,2024-12-01,2002-01-01,RS,25569.68,organic
9737,2025-05-02,1998-11-15,PR,10259.87,social_media
9738,2026-05-02,2002-02-28,BA,5539.03,paid_search
9739,2024-03-19,1959-08-12,PE,20853.61,partner
9740,2023-05-25,1999-05-13,PR,19560.1,partner
9741,2025-11-15,1989-06-03,BA,18504.51,social_media
9742,2024-02-10,1957-06-03,PE,16331.34,partner
9743,2023-06-04,1987-05-21,PR,6464.05,social_media
9744,2023-11-30,1963-08-08,PR,10881.39,social_media
9745,2025-03-13,1957-10-05,PR,28848.77,referral
9746,2025-05-25,2003-08-25,MG,22699.95,social_media
9747,2023-04-14,1958-02-14,PE,13587.11,partner
9748,2023-04-19,1976-08-02,CE,25344.6,social_media
9749,2025-03-14,1996-06-30,RS,7773.4,referral
9750,2024-09-12,2005-03-24,RS,2503.55,paid_search
9751,2024-04-09,1966-07-11,RS,29322.2,partner
9752,2025-11-26,1954-07-20,PE,15865.74,paid_search
9753,2025-06-10,1992-01-17,RS,19061.51,organic
9754,2025-04-11,1969-10-21,RS,8843.28,partner
9755,2025-06-23,1954-09-10,BA,1577.77,referral
9756,2026-05-03,2005-11-17,PR,14132.89,social_media
9757,2023-01-12,1985-05-14,PR,25851.63,paid_search
9758,2026-03-23,1992-11-13,RS,19208.14,referral
9759,2023-10-30,1953-05-31,MG,6485.49,social_media
9760,2023-08-23,1957-11-25,BA,15716.94,referral
9761,2023-05-28,1955-12-08,CE,4872.17,paid_search
9762,2025-07-05,2007-11-03,BA,4665.98,partner
9763,2023-10-24,2007-09-03,RJ,27543.37,paid_search
9764,2026-02-05,1954-08-12,PE,24336.51,social_media
9765,2023-06-03,1984-12-24,RS,23611.65,paid_search
9766,2024-02-14,1973-08-02,CE,14324.12,paid_search
9767,2025-10-28,1987-06-26,SP,12553.38,social_media
9768,2025-07-22,1993-11-15,PE,17281.65,partner
9769,2026-04-02,1972-05-04,RS,24406.81,partner
9770,2026-06-20,1969-08-30,PR,3041.55,organic
9771,2023-10-10,1984-11-02,PR,22822.69,social_media
9772,2025-10-01,1990-12-29,PR,7030.17,partner
9773,2026-02-14,1974-12-05,RS,12681.77,organic
9774,2023-06-03,1970-02-07,PR,27252.99,paid_search
9775,2023-02-28,1995-06-16,RS,5083.32,partner
9776,2025-01-08,1992-10-06,SP,1790.0,social_media
9777,2024-08-22,1953-04-21,RS,2334.97,referral
9778,2025-05-07,2002-08-26,SP,17522.43,partner
9779,2024-07-28,1987-12-01,PE,18116.23,partner
9780,2024-04-22,2002-05-16,PR,6388.62,organic
9781,2024-01-16,1974-07-28,RS,1615.57,partner
9782,2023-06-03,1976-06-13,PR,7172.23,referral
9783,2026-03-16,2006-08-18,PE,29144.16,organic
9784,2024-05-19,1992-06-19,RS,4913.45,referral
9785,2026-06-29,1961-05-31,RJ,11715.01,referral
9786,2024-05-10,1965-12-15,PE,23661.74,social_media
9787,2025-01-30,1995-12-18,RJ,10348.99,organic
9788,2023-10-20,1976-10-17,RJ,15864.94,partner
9789,2025-07-04,1998-12-10,MG,16029.43,referral
9790,2025-05-22,1966-02-19,PE,17051.0,paid_search
9791,2023-12-11,1968-09-08,BA,13573.08,paid_search
9792,2025-08-16,1996-12-14,PR,6055.24,social_media
9793,2026-02-23,1988-03-06,SP,15768.79,partner
9794,2025-12-29,1956-12-01,PE,2538.4,organic
9795,2024-04-21,1966-01-03,CE,3608.64,organic
9796,2026-05-14,1992-07-10,PE,28048.68,referral
9797,2023-09-23,1951-01-10,PE,25629.0,partner
9798,2024-01-04,1972-10-09,PR,2833.87,paid_search
9799,2026-05-14,1973-06-01,RJ,21708.3,organic
9800,2026-08-16,1985-01-23,RS,18024.77,paid_search
9801,2023-01-08,1979-11-30,PR,19017.71,partner
9802,2025-04-14,1979-06-10,BA,2326.4,paid_search
9803,2024-07-12,1981-04-14,PE,2751.02,organic
9804,2023-10-24,1998-04-16,RS,6484.96,social_media
9805,2023-12-17,1986-04-26,RS,21783.16,social_media
9806,2024-02-20,1967-05-16,RS,6796.48,social_media
9807,2023-08-02,2005-05-12,PR,26468.59,referral
9808,2024-01-27,1998-11-19,RJ,13024.98,paid_search
9809,2025-02-19,2001-03-16,PE,20261.95,paid_search
9810,2023-06-19,2004-09-07,CE,14280.97,social_media
9811,2023-09-01,1952-04-20,RJ,28703.13,organic
9812,2026-03-05,2000-08-09,MG,27631.11,referral
9813,2024-05-05,1977-12-07,RS,6922.9,partner
9814,2025-04-22,1996-07-30,MG,4186.89,referral
9815,2024-04-19,2003-02-18,MG,4047.6,partner
9816,2023-01-30,1965-11-21,SP,9653.83,referral
9817,2025-07-11,1965-01-03,CE,1968.36,referral
9818,2024-09-12,1965-12-13,SP,29298.58,referral
9819,2025-09-06,1977-04-28,SP,10582.68,organic
9820,2024-07-15,2006-05-30,CE,25679.79,social_media
9821,2023-09-29,1965-02-09,BA,23452.57,partner
9822,2023-05-05,2001-12-21,SP,14842.18,referral
9823,2024-02-15,1999-11-13,CE,21204.24,referral
9824,2024-10-22,1951-08-05,RJ,29351.45,paid_search
9825,2025-12-08,2005-06-13,RS,26722.82,organic
9826,2025-03-09,1977-06-18,RS,6146.1,referral
9827,2026-06-08,1966-12-24,RS,15346.73,organic
9828,2025-09-03,1991-09-27,BA,2695.87,referral
9829,2023-02-01,1974-07-28,RJ,29068.54,referral
9830,2024-05-28,1987-07-06,SP,11160.53,partner
9831,2023-06-20,1976-01-17,PE,13577.94,referral
9832,2025-10-11,1957-11-22,RS,23823.38,social_media
9833,2025-07-26,1999-01-29,RS,5672.82,organic
9834,2025-01-17,2002-12-02,CE,19058.77,paid_search
9835,2025-09-10,2007-03-01,SP,12799.47,partner
9836,2024-04-04,1961-02-20,PR,27371.53,referral
9837,2023-12-27,1982-01-19,CE,6294.91,paid_search
9838,2023-09-18,1984-08-05,MG,25631.12,referral
9839,2026-08-26,1999-09-14,RJ,15945.69,organic
9840,2024-04-28,2001-05-01,MG,4534.99,paid_search
9841,2025-01-18,1964-12-29,RS,11696.95,organic
9842,2025-06-09,1993-08-21,CE,18882.21,social_media
9843,2026-03-27,2004-02-26,MG,20275.42,paid_search
9844,2025-04-24,1959-07-28,BA,12382.17,paid_search
9845,2023-01-22,2007-01-11,RJ,13205.01,partner
9846,2024-06-02,1980-03-14,PE,27133.65,partner
9847,2023-05-15,1978-11-17,SP,9989.88,referral
9848,2023-09-11,1975-08-03,RS,10562.55,paid_search
9849,2025-12-29,1970-01-10,SP,20276.58,referral
9850,2025-06-29,1961-05-27,PE,10753.49,social_media
9851,2023-06-18,1957-02-15,PR,12194.24,social_media
9852,2023-12-10,1977-10-21,CE,10767.8,paid_search
9853,2025-01-24,1996-05-30,PR,19266.42,referral
9854,2025-05-27,2006-12-11,PR,29687.09,paid_search
9855,2025-12-02,2005-08-08,SP,27605.51,partner
9856,2023-02-20,1952-03-23,CE,15807.43,paid_search
9857,2026-04-03,2005-08-10,RS,12015.7,partner
9858,2024-03-12,1957-07-09,BA,22187.85,paid_search
9859,2023-09-01,1986-10-11,PR,5077.14,partner
9860,2026-02-07,1966-08-03,SP,2105.43,partner
9861,2026-03-11,2005-12-25,RJ,8223.16,referral
9862,2024-07-04,1983-11-09,MG,19962.41,organic
9863,2025-08-28,1986-05-29,BA,21259.95,social_media
9864,2024-01-29,1955-06-25,MG,18716.48,social_media
9865,2025-04-12,1955-06-25,BA,20640.01,paid_search
9866,2025-11-06,1968-04-22,RS,2333.78,partner
9867,2024-09-20,1966-01-21,MG,29075.61,social_media
9868,2024-01-09,1971-08-16,PR,24398.52,partner
9869,2025-01-25,2006-06-28,RJ,26374.96,referral
9870,2024-03-30,1995-10-21,SP,6043.99,partner
9871,2024-07-28,1967-10-27,CE,28590.18,referral
9872,2025-04-04,1963-01-19,SP,19664.99,paid_search
9873,2026-07-29,1960-03-18,CE,27314.98,partner
9874,2023-05-13,2005-04-11,CE,10673.68,referral
9875,2025-12-22,1974-07-28,SP,12681.34,organic
9876,2024-08-12,1976-06-19,BA,18055.04,paid_search
9877,2024-02-24,1952-10-25,SP,4365.92,organic
9878,2023-06-08,1985-03-23,RJ,23701.33,paid_search
9879,2024-01-04,1967-10-19,PR,3598.88,partner
9880,2023-12-31,1984-03-29,CE,20589.14,organic
9881,2023-08-01,1957-04-21,BA,19792.78,paid_search
9882,2025-11-11,1965-12-26,RJ,18689.87,partner
9883,2025-11-25,1995-01-03,PR,17991.36,organic
9884,2026-06-24,1991-07-23,PE,6580.2,social_media
9885,2024-08-22,1955-10-31,PR,1518.78,referral
9886,2026-04-21,1970-04-04,PR,23094.79,social_media
9887,2025-02-26,1973-10-19,MG,15024.69,social_media
9888,2026-04-24,2004-06-01,CE,22484.37,paid_search
9889,2025-04-13,1989-01-29,PR,13862.26,organic
9890,2026-03-02,1993-06-25,MG,20370.92,social_media
9891,2025-07-25,1991-12-31,CE,25258.78,paid_search
9892,2023-03-26,1997-12-13,BA,29734.6,referral
9893,2023-11-12,1980-05-16,RS,29197.1,organic
9894,2023-08-31,1982-07-18,BA,21010.62,social_media
9895,2025-02-13,1963-07-26,CE,22220.44,paid_search
9896,2025-08-13,1985-12-10,SP,29411.2,referral
9897,2023-08-04,1999-04-29,CE,3577.44,referral
9898,2026-02-27,1991-09-28,MG,5471.65,organic
9899,2025-10-24,1970-01-14,PE,19255.33,paid_search
9900,2025-01-15,1964-12-21,RJ,11914.07,partner
9901,2026-02-22,1962-09-16,RS,3044.76,social_media
9902,2024-01-13,1976-06-23,PR,17374.17,referral
9903,2024-03-24,1981-01-12,MG,10711.55,paid_search
9904,2024-03-10,1984-05-11,SP,25536.96,partner
9905,2025-03-29,2002-08-24,RS,12305.03,social_media
9906,2025-08-01,1968-09-08,RJ,26263.39,partner
9907,2025-02-18,1954-04-14,RS,8259.06,paid_search
9908,2026-03-15,2002-09-09,MG,8546.97,referral
9909,2025-01-19,2003-06-16,PE,10470.75,organic
9910,2025-09-25,1960-07-26,MG,28406.2,referral
9911,2024-08-12,1966-10-10,RS,5616.57,referral
9912,2024-08-01,1980-10-27,CE,10071.87,paid_search
9913,2025-04-15,1957-01-30,MG,3359.75,social_media
9914,2025-04-07,1982-05-02,SP,7928.57,referral
9915,2024-08-06,1990-05-04,SP,13057.48,social_media
9916,2023-07-06,1958-04-14,MG,13727.16,referral
9917,2024-11-22,1994-01-07,SP,9905.44,paid_search
9918,2024-05-01,1999-06-06,CE,9132.52,referral
9919,2023-05-08,1951-05-09,BA,3970.72,organic
9920,2024-01-20,1966-07-11,BA,23372.8,social_media
9921,2026-04-19,1979-10-01,PR,21879.81,referral
9922,2024-09-25,1991-06-25,RS,20638.78,social_media
9923,2023-02-28,1977-10-29,MG,16123.32,referral
9924,2025-10-16,1990-11-26,PE,24750.0,social_media
9925,2023-11-10,1999-11-30,CE,14190.98,paid_search
9926,2023-02-03,1973-01-23,PR,2819.38,organic
9927,2023-12-16,1988-10-30,SP,18364.55,paid_search
9928,2025-03-01,1960-08-27,SP,6997.76,referral
9929,2026-01-01,1965-10-19,SP,6440.07,paid_search
9930,2023-03-01,1986-08-12,RS,3044.99,social_media
9931,2024-12-23,1989-12-03,SP,16787.6,social_media
9932,2025-09-08,1971-09-13,PE,10580.67,referral
9933,2026-04-27,1993-01-30,MG,20457.79,paid_search
9934,2024-02-18,1992-12-13,CE,1997.24,social_media
9935,2026-08-24,1986-04-21,PE,12831.85,paid_search
9936,2023-11-21,1956-02-16,PR,8982.83,partner
9937,2024-11-15,1991-09-28,MG,15480.41,social_media
9938,2024-07-13,1951-11-25,CE,5534.12,paid_search
9939,2024-01-01,2006-06-06,BA,15699.0,paid_search
9940,2025-02-27,1964-11-05,RS,3267.38,partner
9941,2024-01-03,1963-06-15,CE,18535.53,social_media
9942,2024-08-28,1979-02-23,RS,22804.46,social_media
9943,2024-07-04,1959-05-11,CE,4501.48,partner
9944,2023-11-24,1995-03-20,RJ,19575.18,partner
9945,2025-11-16,1989-07-18,PE,21088.03,organic
9946,2025-03-05,1976-11-02,PR,6002.51,paid_search
9947,2023-08-03,1951-04-24,SP,15242.54,referral
9948,2023-03-14,1991-08-10,RS,27283.88,organic
9949,2023-02-10,1971-04-11,RJ,16949.77,paid_search
9950,2024-05-26,1955-11-04,PR,15792.82,social_media
9951,2023-10-14,1973-08-30,PE,15133.67,paid_search
9952,2023-08-23,1992-07-30,BA,13677.09,partner
9953,2023-05-19,1979-01-09,SP,8195.63,partner
9954,2026-07-30,1965-02-15,CE,12282.8,organic
9955,2024-12-05,2005-03-24,BA,17259.93,social_media
9956,2025-06-03,1991-10-16,PR,6130.16,organic
9957,2023-10-22,1976-06-05,RS,17018.76,social_media
9958,2024-09-26,2001-05-01,CE,6235.77,social_media
9959,2025-10-24,1987-12-03,CE,25986.15,organic
9960,2023-10-27,1985-11-17,BA,11909.15,referral
9961,2026-07-16,1975-06-16,BA,19832.16,organic
9962,2023-12-31,1963-05-03,PR,27571.55,paid_search
9963,2023-10-19,1983-03-12,CE,4649.47,partner
9964,2023-04-10,1959-09-03,RS,28865.76,social_media
9965,2024-08-29,1967-10-24,CE,19675.32,partner
9966,2024-06-16,1980-08-24,PR,26416.27,paid_search
9967,2024-11-24,1960-05-10,PR,19459.47,organic
9968,2024-08-17,1966-02-04,SP,25570.32,partner
9969,2025-02-06,1987-04-27,RS,16908.52,social_media
9970,2023-12-28,2004-03-31,RJ,8001.22,social_media
9971,2023-02-20,1954-09-12,CE,16183.94,partner
9972,2025-04-21,1977-05-03,SP,28201.57,paid_search
9973,2025-12-08,1962-10-09,MG,13451.28,organic
9974,2025-03-12,1977-09-08,PR,18764.68,paid_search
9975,2024-06-12,1953-08-01,RS,18263.89,organic
9976,2024-06-08,1974-11-22,RS,25783.94,social_media
9977,2025-01-11,1960-09-03,RS,17823.16,paid_search
9978,2026-01-13,1982-02-27,CE,26873.69,organic
9979,2025-04-14,2007-01-02,CE,18890.68,organic
9980,2025-04-10,2000-08-18,SP,2457.59,referral
9981,2024-03-08,1998-03-31,BA,29005.83,paid_search
9982,2024-09-11,2006-12-24,RJ,12375.89,paid_search
9983,2025-06-02,1978-05-21,RS,27529.73,referral
9984,2025-01-18,1984-02-18,PR,19188.45,referral
9985,2026-03-15,1967-10-23,MG,5854.22,social_media
9986,2026-04-17,1995-12-28,MG,25844.82,organic
9987,2025-05-22,1985-01-09,RJ,25213.31,partner
9988,2025-12-27,1996-12-24,RS,12222.49,partner
9989,2026-01-03,1966-06-25,RJ,17957.99,organic
9990,2024-04-06,1997-03-13,RJ,29757.99,partner
9991,2023-06-20,1954-10-04,BA,14534.34,paid_search
9992,2024-12-23,2001-12-01,MG,28737.45,social_media
9993,2025-07-21,1998-07-05,PR,16229.09,referral
9994,2026-04-27,1983-09-11,SP,7256.38,paid_search
9995,2024-09-15,1953-02-26,PE,5858.84,organic
9996,2023-07-18,2003-09-24,RJ,16013.38,social_media
9997,2023-08-25,1954-01-09,BA,2446.59,organic
9998,2024-07-04,1986-09-27,MG,15577.98,referral
9999,2025-07-14,1994-07-01,BA,9474.03,organic
10000,2023-03-21,1951-06-08,CE,9909.58,social_media
