customer_id,signup_date,birth_date,age,state,income,acquisition_channel
1,2026-08-02,1973-08-02,53,SP,9277.33,organic
2,2025-05-14,1975-05-15,50,PE,3015.11,organic
3,2023-02-24,2003-02-24,20,BA,2925.23,paid_search
4,2023-01-14,1993-01-14,30,BA,2180.52,referral
5,2023-11-15,1981-11-15,42,PE,3892.31,referral
6,2026-05-21,1969-05-21,57,SP,2356.1,referral
7,2025-02-14,1979-02-15,46,MG,9234.24,paid_search
8,2023-05-23,1981-05-23,42,PE,3182.51,organic
9,2024-04-21,1979-04-22,45,RJ,7388.64,referral
10,2024-03-05,1995-03-06,29,BA,7596.11,social_media
11,2026-06-01,1998-06-01,28,SP,3678.94,organic
12,2026-02-14,2000-02-15,26,SP,1722.47,social_media
13,2024-04-14,1977-04-15,47,SP,6414.54,paid_search
14,2025-10-19,2007-10-20,18,SP,7216.38,paid_search
15,2023-10-13,1985-10-13,38,SP,10503.72,partner
16,2025-01-11,1972-01-12,53,SP,1829.79,organic
17,2025-05-14,1997-05-14,28,MG,3713.23,organic
18,2023-01-24,1992-01-25,31,BA,12393.04,referral
19,2023-08-17,1987-08-17,36,PE,9855.03,paid_search
20,2025-11-05,1981-11-05,44,RS,8335.61,paid_search
21,2023-11-10,1991-11-10,32,CE,5027.91,organic
22,2025-01-13,1982-01-14,43,RS,7825.84,organic
23,2024-05-08,1966-05-09,58,PE,5592.68,organic
24,2023-09-15,2005-09-15,18,SP,3099.78,paid_search
25,2025-12-16,1979-12-17,46,SP,5761.37,paid_search
26,2024-09-30,1996-09-30,28,SP,5144.23,organic
27,2025-07-13,1981-07-13,44,SP,5446.54,paid_search
28,2023-01-15,1980-01-16,43,PE,5694.24,organic
29,2024-11-07,1979-11-08,45,BA,3491.19,partner
30,2024-05-12,1983-05-13,41,PR,6889.29,organic
31,2025-06-01,1995-06-02,30,RS,4694.86,referral
32,2023-08-12,1976-08-12,47,SP,2815.44,partner
33,2024-01-11,1988-01-11,36,RS,2858.47,organic
34,2023-04-14,1977-04-14,46,MG,5174.84,organic
35,2024-04-29,1980-04-29,44,SP,4343.62,partner
36,2023-01-05,1974-01-05,49,CE,1678.33,partner
37,2024-08-07,2006-08-08,18,CE,4021.67,social_media
38,2024-01-24,1972-01-24,52,SP,6320.55,referral
39,2023-04-13,1998-04-13,25,RS,2176.01,organic
40,2023-05-20,1993-05-20,30,BA,2934.71,paid_search
41,2026-03-31,2002-03-31,24,SP,4359.94,paid_search
42,2024-02-23,1996-02-23,28,BA,2990.36,social_media
43,2026-08-14,1992-08-14,34,BA,1882.03,organic
44,2023-05-31,1976-05-31,47,RJ,5055.17,referral
45,2023-05-21,1977-05-21,46,SP,15802.63,organic
46,2026-02-09,1996-02-10,30,SP,1617.62,referral
47,2024-07-31,2002-08-01,22,SP,4246.91,paid_search
48,2024-05-29,1998-05-30,26,RS,3372.53,social_media
49,2024-11-14,1984-11-14,40,SP,8003.74,partner
50,2026-02-22,2005-02-22,21,PE,8638.57,paid_search
51,2026-04-07,2001-04-07,25,PE,2334.94,organic
52,2023-07-30,1990-07-30,33,SP,6836.62,paid_search
53,2024-04-29,1965-04-30,59,PR,8265.42,partner
54,2024-05-23,2006-05-24,18,SP,4569.91,social_media
55,2025-08-21,1984-08-21,41,RJ,1749.3,paid_search
56,2024-04-01,1965-04-02,59,PE,3586.71,referral
57,2024-07-25,1995-07-26,29,BA,6686.25,social_media
58,2023-08-25,1974-08-25,49,RS,2860.59,referral
59,2023-03-20,1976-03-20,47,BA,3084.56,organic
60,2025-02-27,1979-02-28,46,RS,4324.56,paid_search
61,2025-01-15,2007-01-16,18,RS,4779.98,social_media
62,2024-09-07,1974-09-08,50,RJ,6710.02,organic
63,2024-08-28,1994-08-29,30,BA,2440.95,paid_search
64,2026-06-14,1991-06-15,35,MG,2404.1,referral
65,2024-08-10,1981-08-11,43,MG,3444.15,paid_search
66,2025-11-12,1967-11-13,58,RJ,5931.53,partner
67,2023-07-11,1977-07-11,46,BA,3481.63,organic
68,2023-04-05,2004-04-05,19,SP,2816.94,social_media
69,2025-07-21,2002-07-22,23,SP,5339.27,social_media
70,2023-10-30,1977-10-30,46,MG,6770.2,partner
71,2024-03-24,1973-03-25,51,RJ,2839.14,referral
72,2025-07-23,1961-07-23,64,SP,5588.91,organic
73,2026-05-04,1997-05-04,29,RJ,1753.51,paid_search
74,2023-11-22,1967-11-22,56,BA,5367.75,referral
75,2026-07-29,1992-07-29,34,RJ,2625.81,referral
76,2024-04-25,1966-04-26,58,SP,3793.89,referral
77,2023-11-05,1983-11-05,40,BA,2157.37,partner
78,2025-05-01,1969-05-01,56,PE,9745.82,organic
79,2023-02-10,1973-02-10,50,SP,2372.85,partner
80,2025-05-08,2004-05-08,21,RJ,11565.62,social_media
81,2025-09-26,1985-09-26,40,PE,2719.25,partner
82,2023-12-05,1973-12-05,50,PR,7584.05,organic
83,2026-03-01,1991-03-02,35,RJ,6821.53,referral
84,2025-02-15,1992-02-16,33,SP,3895.91,partner
85,2024-07-23,1986-07-24,38,SP,2881.15,organic
86,2023-03-05,2005-03-05,18,CE,2177.87,organic
87,2023-08-23,1993-08-23,30,BA,5564.49,organic
88,2023-12-02,1989-12-02,34,CE,2327.22,partner
89,2025-03-23,1980-03-23,45,MG,7680.11,referral
90,2026-05-14,1991-05-15,35,PR,8680.4,organic
91,2024-12-12,2004-12-12,20,PE,2893.22,paid_search
92,2025-01-11,1991-01-12,34,MG,13470.99,partner
93,2023-12-27,1989-12-27,34,SP,8427.29,partner
94,2025-08-10,2007-08-11,18,RJ,4539.79,social_media
95,2023-06-27,1988-06-27,35,BA,5340.38,referral
96,2023-02-28,1973-02-28,50,RJ,3658.96,partner
97,2024-06-13,2000-06-13,24,BA,5668.46,social_media
98,2025-09-02,1967-09-03,58,MG,5426.66,referral
99,2024-08-25,1983-08-26,41,SP,5465.12,referral
100,2025-05-21,1969-05-21,56,CE,6023.17,partner
101,2024-07-08,1990-07-09,34,BA,2026.18,paid_search
102,2024-01-28,1978-01-28,46,SP,4675.57,referral
103,2023-07-25,1981-07-25,42,SP,2350.78,paid_search
104,2024-07-15,1995-07-16,29,PE,2061.45,social_media
105,2026-07-30,1979-07-31,47,RS,5795.65,partner
106,2024-11-28,1997-11-29,27,SP,3358.12,paid_search
107,2025-10-04,1972-10-04,53,PE,2355.39,partner
108,2023-06-24,1978-06-24,45,CE,8266.38,paid_search
109,2025-12-06,2007-12-07,18,SP,3847.32,organic
110,2026-06-25,1971-06-26,55,PE,11323.86,partner
111,2023-06-16,1981-06-16,42,PE,5408.94,paid_search
112,2024-08-13,1980-08-13,44,BA,7096.54,paid_search
113,2024-06-25,1983-06-26,41,BA,10130.19,paid_search
114,2026-08-19,2005-08-19,21,SP,2611.77,social_media
115,2023-12-06,1981-12-06,42,PR,10224.84,partner
116,2024-09-14,2002-09-15,22,BA,8763.81,paid_search
117,2025-06-15,1985-06-15,40,RJ,3604.15,organic
118,2024-04-13,1985-04-14,39,CE,10246.89,organic
119,2024-07-05,2005-07-06,19,SP,3458.96,paid_search
120,2024-01-07,1996-01-07,28,CE,2719.8,social_media
121,2025-08-20,1994-08-21,31,BA,7032.94,partner
122,2024-08-13,1978-08-14,46,BA,3233.52,organic
123,2025-07-20,1980-07-20,45,PE,9933.26,organic
124,2024-01-20,1982-01-20,42,RJ,6070.91,partner
125,2023-04-16,1981-04-16,42,RS,3821.77,organic
126,2023-03-01,1971-03-01,52,CE,6164.39,referral
127,2024-09-28,2001-09-29,23,PE,3422.59,social_media
128,2025-10-17,1992-10-17,33,CE,2019.92,partner
129,2025-09-15,1979-09-16,46,MG,1500.0,paid_search
130,2023-05-23,1987-05-23,36,SP,7262.27,referral
131,2023-01-06,1988-01-07,35,MG,1963.47,referral
132,2024-11-11,1977-11-12,47,MG,5449.4,referral
133,2024-01-22,1978-01-22,46,SP,9237.99,referral
134,2025-08-26,1989-08-26,36,BA,7349.18,paid_search
135,2025-10-11,1981-10-11,44,CE,3993.59,partner
136,2023-07-24,1987-07-24,36,RJ,3716.34,partner
137,2023-11-13,1967-11-13,56,SP,6863.17,referral
138,2024-11-03,1977-11-04,47,RS,9115.85,referral
139,2026-07-07,1992-07-07,34,RS,23382.09,paid_search
140,2023-07-05,2005-07-05,18,RJ,1500.0,social_media
141,2025-06-27,1982-06-28,43,PE,3946.85,referral
142,2025-02-06,1979-02-07,46,RJ,3169.5,paid_search
143,2023-12-15,1978-12-15,45,SP,7131.28,paid_search
144,2024-04-20,1972-04-20,52,RJ,3786.38,referral
145,2025-08-10,1973-08-10,52,SP,4854.1,organic
146,2024-09-04,1997-09-05,27,MG,3443.05,paid_search
147,2024-02-12,1963-02-12,61,PE,4843.59,partner
148,2024-08-27,1987-08-28,37,PE,7755.47,organic
149,2026-03-05,1975-03-06,51,CE,7604.89,partner
150,2024-03-24,2002-03-25,22,MG,5179.06,organic
151,2023-10-08,2003-10-08,20,MG,2391.84,organic
152,2025-01-17,2006-01-18,19,BA,1835.77,organic
153,2025-04-30,1985-04-30,40,RJ,12942.43,referral
154,2023-12-03,1980-12-03,43,SP,9110.63,referral
155,2024-11-24,1982-11-25,42,PE,6616.91,partner
156,2026-02-15,2001-02-15,25,SP,3964.49,organic
157,2024-06-20,2006-06-21,18,CE,1938.04,social_media
158,2026-06-22,2000-06-22,26,RS,7927.07,social_media
159,2026-08-19,1968-08-19,58,RS,4026.29,referral
160,2023-04-03,1977-04-03,46,CE,3335.15,organic
161,2024-04-25,1982-04-26,42,RJ,9346.48,partner
162,2026-04-17,1993-04-17,33,BA,2276.32,organic
163,2025-09-29,2007-09-30,18,SP,4212.55,paid_search
164,2024-04-28,2005-04-29,19,RS,26353.87,paid_search
165,2023-05-05,1992-05-05,31,SP,7831.52,paid_search
166,2026-08-07,1984-08-07,42,MG,6844.64,paid_search
167,2026-04-15,1983-04-16,43,SP,3139.51,referral
168,2023-12-24,1962-12-24,61,PE,9048.53,partner
169,2024-05-02,1988-05-02,36,SP,2245.63,organic
170,2023-05-11,1987-05-11,36,RJ,7848.89,organic
171,2025-07-14,2007-07-15,18,PE,3416.39,social_media
172,2023-05-05,1986-05-05,37,CE,8241.85,organic
173,2025-10-01,1991-10-02,34,RS,3419.76,paid_search
174,2024-07-17,1999-07-18,25,MG,5020.8,paid_search
175,2026-05-08,2001-05-08,25,MG,10470.77,organic
176,2024-03-16,1989-03-17,35,RJ,8500.16,partner
177,2025-03-27,1992-03-27,33,RJ,5484.49,paid_search
178,2025-08-29,1985-08-29,40,PE,9482.32,referral
179,2023-09-08,2005-09-08,18,CE,1500.0,social_media
180,2024-08-12,1974-08-13,50,MG,3621.44,referral
181,2023-11-13,1990-11-13,33,PE,7333.25,referral
182,2026-03-21,1996-03-21,30,SP,3387.52,organic
183,2026-06-01,1968-06-01,58,SP,1878.53,partner
184,2024-11-26,1996-11-26,28,SP,2646.05,organic
185,2025-03-31,1970-04-01,55,CE,2247.38,partner
186,2025-05-09,1979-05-10,46,RJ,2971.68,referral
187,2026-03-08,2008-03-08,18,SP,1513.56,paid_search
188,2025-09-21,2002-09-22,23,MG,3198.74,organic
189,2023-08-22,1989-08-22,34,BA,5192.47,referral
190,2023-04-04,1981-04-04,42,SP,15159.88,referral
191,2024-11-02,1976-11-02,48,RJ,2245.05,paid_search
192,2025-10-21,1978-10-22,47,MG,6561.78,partner
193,2023-03-28,1998-03-28,25,PE,2641.05,paid_search
194,2026-08-04,1983-08-05,43,SP,1928.21,partner
195,2025-01-11,1968-01-12,57,SP,6810.7,partner
196,2024-09-27,1974-09-28,50,BA,1500.0,referral
197,2025-11-11,1997-11-11,28,SP,6013.47,organic
198,2023-10-30,1996-10-30,27,SP,2427.58,organic
199,2023-11-10,1984-11-10,39,SP,7909.69,partner
200,2026-03-02,2006-03-02,20,MG,7125.86,organic
201,2024-10-09,1984-10-09,40,RJ,3477.23,organic
202,2024-12-21,1983-12-22,41,RJ,3264.01,organic
203,2025-01-25,1985-01-25,40,RS,11893.26,partner
204,2025-08-05,1992-08-05,33,MG,4577.59,partner
205,2025-10-23,1985-10-23,40,PE,8600.17,organic
206,2025-10-30,1984-10-30,41,MG,5566.12,referral
207,2025-03-04,1997-03-04,28,MG,9024.34,social_media
208,2024-11-06,1981-11-07,43,PE,6177.6,paid_search
209,2024-11-13,1971-11-14,53,RS,3048.88,organic
210,2025-03-13,1979-03-14,46,SP,6273.02,partner
211,2026-08-10,1983-08-11,43,BA,17472.89,organic
212,2026-08-16,2008-08-16,18,BA,3309.32,paid_search
213,2024-01-05,1976-01-05,48,PR,3067.79,organic
214,2025-11-05,1991-11-06,34,PR,2069.21,paid_search
215,2026-05-08,1994-05-08,32,PR,17763.73,paid_search
216,2025-06-15,1983-06-16,42,PE,2868.22,partner
217,2026-06-04,1993-06-04,33,RJ,4397.38,partner
218,2024-02-02,1967-02-02,57,SP,5319.68,partner
219,2025-10-26,2007-10-27,18,PR,4700.85,paid_search
220,2023-04-17,1991-04-17,32,MG,9779.81,organic
221,2025-11-22,1982-11-23,43,PR,2507.18,paid_search
222,2025-07-12,1995-07-13,30,RS,8529.95,partner
223,2025-10-25,1996-10-25,29,PE,2598.72,social_media
224,2026-08-24,1980-08-24,46,SP,11198.79,paid_search
225,2025-08-18,1989-08-18,36,PE,1500.0,partner
226,2023-08-16,1985-08-16,38,PR,3293.99,paid_search
227,2025-05-09,1998-05-10,27,PE,7637.96,organic
228,2023-02-03,1998-02-03,25,MG,4868.52,paid_search
229,2025-05-29,1976-05-29,49,MG,1948.36,referral
230,2023-05-19,1985-05-19,38,CE,5540.37,organic
231,2025-03-10,1985-03-10,40,SP,2745.46,referral
232,2023-05-19,1988-05-19,35,SP,8195.65,referral
233,2023-10-01,1971-10-01,52,PR,4720.57,organic
234,2024-01-09,1982-01-09,42,PR,4437.79,organic
235,2024-02-13,1979-02-13,45,SP,2777.97,partner
236,2024-06-02,1993-06-03,31,PE,5017.79,organic
237,2024-11-10,1990-11-11,34,RJ,3528.54,partner
238,2024-11-25,1965-11-26,59,CE,5695.53,organic
239,2024-06-30,1980-06-30,44,PE,8762.73,referral
240,2024-10-19,2005-10-20,19,PE,2597.38,paid_search
241,2026-05-19,1990-05-19,36,RJ,3572.5,referral
242,2026-06-13,1996-06-13,30,CE,4995.85,paid_search
243,2023-03-05,1975-03-05,48,PR,7986.26,partner
244,2026-03-07,1976-03-07,50,PE,2718.73,partner
245,2025-01-31,1992-02-01,33,SP,3423.15,referral
246,2024-05-26,1985-05-27,39,CE,5607.99,organic
247,2024-06-20,1984-06-20,40,SP,6701.71,partner
248,2024-02-14,2005-02-14,19,SP,6480.14,organic
249,2025-06-30,1966-07-01,59,CE,9269.72,partner
250,2024-09-06,1987-09-07,37,RS,8786.1,paid_search
251,2023-09-06,1964-09-06,59,SP,5685.0,organic
252,2025-01-25,1989-01-25,36,RJ,3010.63,partner
253,2025-12-12,1998-12-13,27,MG,2171.84,social_media
254,2025-07-10,1981-07-10,44,RJ,4940.24,paid_search
255,2023-09-22,2005-09-22,18,PE,2077.36,social_media
256,2023-11-28,1975-11-28,48,SP,7062.41,referral
257,2023-06-11,1986-06-11,37,MG,2541.46,organic
258,2025-10-26,1970-10-27,55,MG,6890.16,referral
259,2026-07-02,1992-07-02,34,PR,6167.28,organic
260,2023-06-16,2002-06-16,21,PE,4880.72,organic
261,2024-03-07,1985-03-08,39,MG,4515.48,referral
262,2026-08-07,2001-08-07,25,CE,3381.94,organic
263,2025-04-11,1989-04-11,36,PE,3864.91,paid_search
264,2024-11-27,1982-11-28,42,MG,2379.39,referral
265,2025-03-27,1980-03-27,45,MG,3456.52,referral
266,2025-07-09,1979-07-10,46,SP,2764.09,partner
267,2026-06-14,2008-06-14,18,RS,4343.96,social_media
268,2025-10-17,1972-10-17,53,CE,4056.08,partner
269,2023-02-17,1975-02-17,48,RJ,2677.28,organic
270,2023-04-14,1979-04-14,44,SP,9167.38,partner
271,2024-08-08,2006-08-09,18,RJ,5033.82,paid_search
272,2023-04-15,1991-04-15,32,MG,2038.83,organic
273,2025-03-02,2007-03-03,18,SP,1925.9,paid_search
274,2026-02-16,1989-02-16,37,CE,6133.73,partner
275,2025-10-21,1984-10-21,41,BA,8934.66,paid_search
276,2026-05-26,1988-05-26,38,RS,3293.4,referral
277,2026-04-30,2000-04-30,26,RJ,5110.36,social_media
278,2025-01-24,1968-01-25,57,SP,2822.47,partner
279,2026-07-12,1975-07-13,51,CE,19318.48,organic
280,2024-04-11,1984-04-11,40,BA,5102.35,partner
281,2023-10-30,1982-10-30,41,MG,6013.92,partner
282,2024-10-04,1995-10-05,29,SP,3520.64,organic
283,2026-06-06,1967-06-07,59,BA,3673.51,organic
284,2025-09-06,1999-09-07,26,RJ,2981.89,organic
285,2024-12-02,2004-12-02,20,RS,8769.71,paid_search
286,2026-06-03,1994-06-03,32,RJ,7915.04,referral
287,2024-04-05,1955-04-06,69,PR,12525.34,partner
288,2024-10-11,1999-10-12,25,RJ,9570.34,organic
289,2024-07-14,1990-07-15,34,MG,8309.26,referral
290,2023-10-27,1970-10-27,53,SP,2504.25,partner
291,2025-06-24,1999-06-25,26,SP,5974.84,organic
292,2024-07-10,2003-07-11,21,SP,4615.64,social_media
293,2023-04-14,1993-04-14,30,MG,1824.26,partner
294,2023-07-25,1998-07-25,25,BA,13830.92,paid_search
295,2025-09-04,1999-09-05,26,SP,2973.25,social_media
296,2026-08-28,2005-08-28,21,MG,3943.02,social_media
297,2023-12-25,2005-12-25,18,CE,4721.44,organic
298,2024-08-15,1975-08-16,49,RS,5613.2,paid_search
299,2025-10-29,1995-10-30,30,PE,2104.86,referral
300,2024-01-17,1985-01-17,39,PE,3579.05,paid_search
301,2023-12-26,1999-12-26,24,SP,3258.47,paid_search
302,2023-07-15,1996-07-15,27,SP,2210.78,social_media
303,2023-01-14,1986-01-14,37,BA,8633.39,organic
304,2024-06-19,1978-06-20,46,MG,6128.62,organic
305,2025-08-11,1992-08-11,33,RJ,3353.03,referral
306,2025-01-22,1976-01-23,49,MG,3681.72,paid_search
307,2025-07-20,1988-07-20,37,SP,4864.23,paid_search
308,2024-05-21,2003-05-22,21,BA,5501.92,organic
309,2025-07-03,1999-07-04,26,RS,6323.01,organic
310,2023-11-03,1988-11-03,35,SP,8267.5,paid_search
311,2026-04-09,2008-04-09,18,RJ,2686.44,organic
312,2025-08-04,1986-08-05,39,BA,3319.06,partner
313,2024-12-06,1991-12-07,33,PE,4014.8,paid_search
314,2023-10-05,2000-10-05,23,PR,1500.0,paid_search
315,2025-02-08,1960-02-09,65,RS,5377.1,referral
316,2023-01-08,1971-01-08,52,BA,13311.74,organic
317,2026-01-20,1999-01-21,27,SP,3641.08,social_media
318,2023-08-20,1980-08-20,43,PE,7334.96,organic
319,2024-05-07,1985-05-08,39,PE,6373.5,organic
320,2024-05-16,1981-05-17,43,BA,4191.47,paid_search
321,2023-04-26,1961-04-26,62,SP,16272.21,organic
322,2026-05-09,1959-05-10,67,PR,9556.54,referral
323,2025-12-03,1986-12-04,39,PE,14092.51,partner
324,2026-02-12,1979-02-13,47,RJ,11436.58,referral
325,2025-05-02,1996-05-02,29,SP,4147.95,social_media
326,2024-09-07,1981-09-08,43,RS,2417.43,organic
327,2026-02-25,1999-02-26,27,RJ,3274.25,paid_search
328,2026-08-17,1982-08-17,44,PE,4458.15,paid_search
329,2023-04-16,1988-04-16,35,MG,6905.54,paid_search
330,2025-09-08,1970-09-09,55,SP,10034.3,referral
331,2024-03-09,1958-03-10,66,PE,3152.9,referral
332,2025-03-23,1999-03-24,26,RS,4774.14,paid_search
333,2025-08-12,1999-08-13,26,SP,3859.97,social_media
334,2025-08-19,1990-08-20,35,PR,3408.97,referral
335,2025-04-27,1965-04-27,60,BA,7899.37,partner
336,2023-11-09,1979-11-09,44,SP,2536.94,paid_search
337,2025-10-19,2007-10-20,18,SP,5573.05,organic
338,2026-08-07,1997-08-07,29,BA,3388.21,paid_search
339,2023-12-13,1976-12-13,47,SP,13491.46,organic
340,2023-04-10,1974-04-10,49,PR,2898.94,paid_search
341,2023-05-20,1986-05-20,37,RJ,3141.25,partner
342,2025-09-26,1989-09-26,36,PE,4612.63,organic
343,2025-12-20,1990-12-21,35,SP,4332.59,partner
344,2024-01-03,2001-01-03,23,PE,1832.59,paid_search
345,2024-07-01,1985-07-02,39,CE,4293.75,paid_search
346,2024-09-06,1991-09-07,33,BA,11756.34,organic
347,2023-07-11,1995-07-11,28,RJ,6230.88,social_media
348,2025-10-20,1981-10-20,44,PR,6049.39,organic
349,2025-12-17,1980-12-17,45,RS,7737.73,referral
350,2023-04-06,1990-04-06,33,RS,5441.79,organic
351,2024-01-03,1977-01-03,47,CE,7206.92,partner
352,2023-06-07,1990-06-07,33,SP,4865.86,partner
353,2026-01-12,1998-01-12,28,SP,4005.3,social_media
354,2023-07-20,1968-07-20,55,RJ,9331.63,organic
355,2026-05-04,2005-05-04,21,PE,3408.44,paid_search
356,2025-06-03,1975-06-04,50,SP,5996.91,organic
357,2024-08-27,1981-08-28,43,PE,1500.0,paid_search
358,2025-03-08,2006-03-09,19,SP,2453.82,paid_search
359,2023-07-29,1980-07-29,43,RJ,5257.34,organic
360,2023-07-03,1980-07-03,43,SP,1686.02,referral
361,2025-02-27,1975-02-28,50,PR,8794.22,referral
362,2026-03-17,1988-03-17,38,RJ,5636.72,referral
363,2024-09-08,1987-09-09,37,SP,3179.8,organic
364,2025-01-09,1981-01-09,44,SP,2413.99,paid_search
365,2025-07-26,1979-07-27,46,CE,3147.78,referral
366,2025-06-20,1981-06-20,44,SP,3089.27,partner
367,2024-10-15,1991-10-16,33,RJ,4633.94,partner
368,2024-07-28,1969-07-29,55,PR,4856.8,organic
369,2024-02-14,1999-02-14,25,BA,11085.41,paid_search
370,2024-03-05,1995-03-06,29,RJ,1958.01,paid_search
371,2025-10-19,1981-10-19,44,SP,2611.17,partner
372,2023-06-01,1978-06-01,45,RJ,6237.23,partner
373,2026-01-18,1958-01-18,68,BA,13856.77,referral
374,2023-08-12,1978-08-12,45,PR,6301.23,organic
375,2026-02-27,1971-02-28,55,SP,5116.15,partner
376,2024-03-30,1988-03-30,36,RJ,4565.82,paid_search
377,2025-07-01,1997-07-01,28,BA,4887.35,social_media
378,2025-09-15,1978-09-16,47,PE,2937.11,partner
379,2024-02-28,1998-02-28,26,PE,5707.23,social_media
380,2024-09-06,1988-09-06,36,PE,3636.84,paid_search
381,2024-05-14,2002-05-15,22,SP,3057.43,paid_search
382,2026-07-13,1990-07-13,36,SP,5624.35,organic
383,2026-06-11,1979-06-12,47,RJ,2323.95,organic
384,2026-03-28,1997-03-28,29,PE,6309.84,paid_search
385,2024-02-08,1996-02-08,28,RS,4199.15,organic
386,2025-03-06,1985-03-06,40,MG,5277.2,partner
387,2026-06-18,1980-06-18,46,PR,14195.88,paid_search
388,2024-10-03,1971-10-04,53,PE,4210.07,organic
389,2023-10-17,1998-10-17,25,SP,3194.17,organic
390,2026-01-05,1989-01-05,37,BA,4937.65,paid_search
391,2024-01-19,1992-01-19,32,PE,10817.95,partner
392,2025-04-17,1975-04-18,50,BA,3023.02,partner
393,2023-12-09,1983-12-09,40,PR,3424.43,referral
394,2023-12-11,1984-12-11,39,PR,6110.59,partner
395,2026-01-30,2004-01-31,22,SP,4205.51,organic
396,2025-06-22,1989-06-22,36,MG,17095.49,referral
397,2023-03-08,1996-03-08,27,PR,5540.37,organic
398,2026-04-19,1985-04-19,41,BA,12092.21,partner
399,2023-12-06,2001-12-06,22,PR,7313.62,organic
400,2024-07-29,2001-07-30,23,MG,2172.33,organic
401,2023-07-15,1972-07-15,51,SP,2807.84,organic
402,2023-09-17,1970-09-17,53,BA,3455.09,partner
403,2024-05-21,1985-05-22,39,RJ,5062.74,partner
404,2025-02-07,2005-02-07,20,RJ,10710.05,social_media
405,2025-04-05,1997-04-05,28,CE,11151.43,organic
406,2025-07-27,1988-07-27,37,MG,17131.49,partner
407,2024-03-22,1965-03-23,59,RJ,4450.23,organic
408,2026-03-29,1993-03-29,33,SP,1500.0,referral
409,2023-07-11,1991-07-11,32,SP,6779.73,partner
410,2026-07-05,1996-07-05,30,SP,5229.65,organic
411,2023-07-14,1972-07-14,51,SP,2180.25,referral
412,2023-01-17,1985-01-17,38,BA,4085.65,organic
413,2024-04-13,2001-04-14,23,PE,1500.0,social_media
414,2025-02-22,1974-02-23,51,PR,7104.55,organic
415,2023-10-20,1971-10-20,52,MG,3122.41,referral
416,2026-07-10,1982-07-10,44,BA,14919.5,partner
417,2024-03-20,1982-03-21,42,BA,5482.12,partner
418,2024-10-06,1984-10-06,40,PR,2215.65,paid_search
419,2026-02-07,2004-02-08,22,SP,1627.64,social_media
420,2025-03-13,1999-03-14,26,SP,9496.73,social_media
421,2024-05-08,2003-05-09,21,RJ,8180.31,paid_search
422,2026-01-23,1988-01-24,38,BA,2450.5,organic
423,2023-05-04,1974-05-04,49,SP,13155.26,partner
424,2025-04-03,1991-04-04,34,PE,4676.68,referral
425,2023-06-21,1991-06-21,32,SP,8164.66,partner
426,2026-04-16,1975-04-17,51,MG,15482.89,referral
427,2024-09-27,1993-09-28,31,PR,3588.78,organic
428,2024-09-25,2005-09-26,19,BA,4068.69,social_media
429,2023-10-09,1988-10-09,35,CE,4795.76,referral
430,2023-12-08,1992-12-08,31,SP,5328.36,organic
431,2024-11-17,1983-11-18,41,PE,7808.81,organic
432,2025-10-13,1996-10-13,29,RJ,2954.86,organic
433,2023-12-08,1992-12-08,31,PE,5342.09,paid_search
434,2025-11-08,1981-11-08,44,PE,2321.35,paid_search
435,2024-01-02,1965-01-02,59,MG,5078.85,partner
436,2024-10-17,1996-10-17,28,SP,1940.77,organic
437,2023-04-18,1976-04-18,47,CE,4774.88,referral
438,2024-11-01,1967-11-02,57,PE,5237.18,partner
439,2026-02-28,1984-02-29,42,SP,8000.5,paid_search
440,2023-11-05,2005-11-05,18,PE,2906.97,paid_search
441,2026-07-26,1975-07-27,51,CE,19629.97,referral
442,2024-02-25,2006-02-25,18,RJ,1929.55,social_media
443,2023-10-19,1987-10-19,36,RS,10216.38,referral
444,2025-07-27,1993-07-27,32,CE,1500.0,partner
445,2023-09-25,1985-09-25,38,SP,12606.91,referral
446,2024-10-13,1977-10-14,47,RJ,4654.12,organic
447,2026-01-02,2001-01-02,25,RJ,2865.04,social_media
448,2023-11-19,1969-11-19,54,PR,2749.25,organic
449,2023-03-24,1980-03-24,43,SP,4272.27,referral
450,2024-06-16,1963-06-17,61,PR,13331.5,organic
451,2024-05-26,1982-05-27,42,PR,6846.0,paid_search
452,2025-03-31,1984-03-31,41,SP,6796.96,referral
453,2023-06-03,1981-06-03,42,RS,4414.85,referral
454,2023-09-08,1985-09-08,38,PE,4268.95,partner
455,2025-03-19,1999-03-20,26,RJ,1500.0,paid_search
456,2024-07-27,1986-07-28,38,RJ,1754.87,paid_search
457,2026-08-18,1992-08-18,34,MG,2264.0,paid_search
458,2025-05-08,1976-05-08,49,SP,11846.34,organic
459,2025-02-22,1985-02-22,40,MG,3839.98,referral
460,2025-03-06,1999-03-07,26,SP,1500.0,paid_search
461,2025-12-20,1997-12-20,28,SP,2435.2,social_media
462,2024-06-29,1974-06-30,50,RJ,16260.67,referral
463,2026-03-25,1976-03-25,50,SP,2294.4,organic
464,2025-01-04,2005-01-04,20,RS,9771.08,organic
465,2024-01-21,1975-01-21,49,CE,5417.56,organic
466,2023-07-04,2004-07-04,19,PE,3716.35,paid_search
467,2023-01-02,1994-01-02,29,PR,3228.15,paid_search
468,2023-05-02,1971-05-02,52,PE,15618.52,referral
469,2025-12-13,1968-12-13,57,SP,11928.6,referral
470,2024-11-20,2006-11-21,18,SP,2103.66,paid_search
471,2026-08-02,1972-08-02,54,SP,2720.27,referral
472,2025-02-13,1992-02-14,33,SP,5220.8,organic
473,2026-03-19,2008-03-19,18,CE,1693.13,paid_search
474,2023-10-16,1961-10-16,62,SP,3043.57,partner
475,2023-12-10,2005-12-10,18,PR,6260.85,paid_search
476,2025-07-03,2007-07-04,18,PE,1500.0,paid_search
477,2024-06-09,1982-06-10,42,PE,4230.14,paid_search
478,2025-04-27,2006-04-28,19,RJ,2536.97,social_media
479,2025-09-08,1984-09-08,41,BA,2784.99,organic
480,2024-08-26,2002-08-27,22,PE,2674.67,paid_search
481,2023-12-15,1980-12-15,43,PE,3897.55,partner
482,2023-11-18,1990-11-18,33,PE,3390.19,referral
483,2024-07-30,1988-07-30,36,SP,4820.57,organic
484,2025-01-08,1982-01-09,43,PE,6123.96,organic
485,2023-02-22,1981-02-22,42,CE,4577.04,partner
486,2025-08-22,1971-08-23,54,RJ,6528.4,organic
487,2025-03-04,1978-03-05,47,SP,4653.72,partner
488,2024-06-23,1964-06-23,60,SP,4499.59,organic
489,2023-07-18,1976-07-18,47,MG,7099.26,partner
490,2026-01-01,1983-01-02,43,BA,13675.7,paid_search
491,2025-09-02,1991-09-03,34,RS,4414.79,paid_search
492,2023-09-04,1974-09-04,49,CE,1835.46,paid_search
493,2024-03-09,1984-03-09,40,RJ,11203.47,paid_search
494,2026-05-03,1994-05-03,32,SP,1988.73,partner
495,2026-02-04,1993-02-04,33,RJ,5449.99,partner
496,2023-08-19,1977-08-19,46,SP,2059.84,organic
497,2023-08-05,1991-08-05,32,SP,4356.87,partner
498,2024-06-24,1989-06-25,35,SP,4139.89,organic
499,2023-12-19,1987-12-19,36,MG,5364.77,referral
500,2024-05-01,1980-05-01,44,PE,4674.11,referral
501,2023-02-11,1997-02-11,26,SP,2519.65,organic
502,2025-06-26,1969-06-26,56,PR,2817.14,organic
503,2026-08-15,1978-08-15,48,RS,4220.57,referral
504,2023-04-26,1979-04-26,44,RJ,2907.67,partner
505,2023-10-05,1983-10-05,40,MG,3844.36,referral
506,2025-08-08,2002-08-09,23,RJ,4197.33,social_media
507,2024-05-10,1998-05-11,26,SP,9464.02,paid_search
508,2024-12-06,1975-12-07,49,SP,6746.0,partner
509,2023-04-12,1977-04-12,46,CE,14067.01,paid_search
510,2024-07-05,1973-07-06,51,MG,5818.94,organic
511,2023-01-19,1992-01-20,31,SP,6050.52,referral
512,2026-08-09,1987-08-10,39,SP,4301.41,referral
513,2025-12-02,1982-12-03,43,PE,4950.76,referral
514,2026-02-23,1999-02-24,27,MG,4482.83,social_media
515,2025-09-13,1955-09-14,70,MG,10589.91,organic
516,2026-08-27,1975-08-28,51,SP,11453.16,organic
517,2024-10-16,1995-10-17,29,MG,3435.48,social_media
518,2026-04-09,2006-04-09,20,BA,3725.92,organic
519,2024-03-31,1993-04-01,31,RJ,8233.84,referral
520,2023-12-15,2001-12-15,22,PR,5650.35,social_media
521,2025-08-22,1981-08-22,44,PR,6740.85,referral
522,2023-07-02,1979-07-02,44,SP,2347.85,referral
523,2024-06-17,1998-06-18,26,PE,4675.52,paid_search
524,2024-02-03,1993-02-03,31,RJ,7485.33,referral
525,2025-04-26,1965-04-26,60,SP,3440.82,organic
526,2025-07-26,1980-07-26,45,SP,7724.01,organic
527,2025-09-25,2005-09-25,20,SP,1500.0,social_media
528,2023-12-12,1955-12-12,68,MG,8741.88,partner
529,2026-07-21,2000-07-21,26,RJ,3884.31,social_media
530,2026-07-07,1983-07-08,43,BA,3853.13,referral
531,2023-12-09,1982-12-09,41,CE,4239.51,referral
532,2025-06-07,1986-06-08,39,RS,9863.73,partner
533,2025-01-05,1987-01-06,38,RS,4504.43,organic
534,2025-02-07,1995-02-08,30,RS,2330.36,organic
535,2026-05-01,1971-05-02,55,MG,4789.97,organic
536,2024-06-01,1987-06-02,37,RJ,1500.0,organic
537,2024-09-08,1991-09-09,33,RJ,6376.76,partner
538,2023-08-03,1983-08-03,40,RJ,5446.39,organic
539,2025-10-16,1985-10-16,40,SP,4739.35,partner
540,2024-08-27,1979-08-28,45,SP,8516.29,partner
541,2024-11-08,1986-11-09,38,PE,1747.16,partner
542,2023-11-02,1984-11-02,39,CE,6196.55,organic
543,2024-06-08,1995-06-09,29,CE,3051.37,social_media
544,2023-03-22,1996-03-22,27,RS,2447.61,paid_search
545,2023-08-26,1969-08-26,54,PE,15959.29,referral
546,2024-11-04,1975-11-05,49,SP,4338.52,organic
547,2025-02-02,1984-02-03,41,SP,8957.79,partner
548,2025-09-06,1994-09-07,31,PR,8632.87,organic
549,2023-09-29,1987-09-29,36,CE,2391.97,partner
550,2026-03-11,1992-03-11,34,BA,2498.29,referral
551,2026-06-06,1971-06-07,55,PR,4997.97,partner
552,2024-10-05,1983-10-06,41,PE,10348.89,paid_search
553,2024-11-23,2005-11-24,19,MG,2593.75,paid_search
554,2024-12-09,1989-12-10,35,BA,5101.73,organic
555,2023-01-24,1990-01-24,33,PR,1767.37,paid_search
556,2024-11-08,1992-11-08,32,CE,2271.44,partner
557,2025-04-05,1986-04-06,39,RJ,4930.1,partner
558,2025-07-04,1992-07-04,33,SP,1818.95,organic
559,2026-02-15,2008-02-16,18,PR,8209.69,organic
560,2025-07-23,1994-07-24,31,CE,3498.89,paid_search
561,2025-07-19,1998-07-20,27,MG,5422.22,paid_search
562,2023-08-22,1968-08-22,55,PE,3660.96,partner
563,2026-01-26,2007-01-27,19,PE,2234.0,organic
564,2025-04-18,1990-04-19,35,PE,4948.36,partner
565,2024-03-17,2006-03-18,18,BA,1645.96,organic
566,2026-04-20,1983-04-21,43,SP,10050.13,paid_search
567,2025-10-18,1968-10-18,57,MG,4757.08,organic
568,2023-12-29,1985-12-29,38,BA,1500.0,referral
569,2025-10-29,1978-10-30,47,MG,6534.03,partner
570,2024-12-03,1995-12-04,29,CE,3725.4,paid_search
571,2026-05-18,1995-05-19,31,SP,17995.95,paid_search
572,2024-02-16,2005-02-16,19,SP,6753.84,organic
573,2023-09-29,1968-09-29,55,CE,5572.58,partner
574,2023-08-25,1988-08-25,35,PR,5014.21,partner
575,2025-12-29,1993-12-29,32,PR,4220.09,paid_search
576,2023-04-19,1963-04-19,60,BA,1684.32,referral
577,2024-08-09,1989-08-10,35,PE,6211.0,organic
578,2025-01-04,1994-01-05,31,PR,7170.07,paid_search
579,2025-11-12,1983-11-13,42,SP,9625.01,organic
580,2023-01-27,2005-01-27,18,BA,6385.37,social_media
581,2026-07-21,1993-07-21,33,BA,4717.55,paid_search
582,2024-08-25,2003-08-26,21,RJ,2540.22,social_media
583,2026-04-11,1988-04-11,38,RJ,13384.17,referral
584,2025-10-01,1989-10-01,36,PR,4609.69,referral
585,2025-12-12,1986-12-13,39,PE,4581.31,partner
586,2023-07-08,1978-07-08,45,SP,15822.41,referral
587,2025-01-08,1995-01-09,30,MG,3770.84,organic
588,2023-08-23,1957-08-23,66,BA,3429.76,organic
589,2026-06-26,1988-06-26,38,RS,2460.74,organic
590,2025-03-01,1984-03-01,41,SP,5026.21,partner
591,2025-09-23,1963-09-24,62,SP,7802.94,referral
592,2026-01-06,1982-01-06,44,RJ,5711.4,paid_search
593,2025-05-18,1983-05-19,42,PR,3280.61,organic
594,2023-11-11,1992-11-11,31,PE,5120.23,organic
595,2023-04-22,1982-04-22,41,PE,3918.85,partner
596,2025-06-05,1979-06-06,46,SP,4359.72,organic
597,2026-08-06,1989-08-06,37,BA,3292.1,referral
598,2024-09-09,1991-09-10,33,MG,2104.53,organic
599,2025-08-28,1983-08-29,42,BA,2651.56,referral
600,2026-08-19,1981-08-19,45,SP,13810.7,paid_search
601,2023-09-10,1970-09-10,53,SP,5675.5,referral
602,2024-12-05,1982-12-06,42,SP,3006.57,referral
603,2024-02-02,1973-02-02,51,MG,6176.79,organic
604,2023-05-18,1974-05-18,49,SP,2445.98,referral
605,2025-01-01,1975-01-02,50,PE,17819.89,partner
606,2025-09-22,1975-09-23,50,RJ,6178.86,organic
607,2023-11-09,1996-11-09,27,SP,3546.98,social_media
608,2024-03-29,1991-03-30,33,BA,5107.61,referral
609,2023-10-03,1990-10-03,33,RJ,3256.32,partner
610,2026-02-03,1998-02-03,28,PE,4567.8,paid_search
611,2023-10-14,1979-10-14,44,BA,7807.33,organic
612,2025-11-04,1993-11-04,32,MG,8846.86,paid_search
613,2023-03-17,2000-03-17,23,CE,3150.73,paid_search
614,2025-03-14,1992-03-14,33,SP,11945.49,referral
615,2023-10-02,1999-10-02,24,SP,3664.15,organic
616,2023-12-06,1982-12-06,41,BA,3000.39,paid_search
617,2025-09-17,1984-09-17,41,PR,3201.69,paid_search
618,2023-03-29,1987-03-29,36,BA,4762.39,partner
619,2025-08-19,1966-08-20,59,PE,6806.89,organic
620,2026-07-21,2001-07-21,25,PR,5907.52,organic
621,2026-03-13,1980-03-13,46,SP,12944.74,referral
622,2025-02-09,1972-02-10,53,CE,3328.89,partner
623,2025-09-24,1981-09-24,44,PE,9766.83,paid_search
624,2023-06-07,2005-06-07,18,RJ,2515.16,social_media
625,2025-01-11,2005-01-11,20,BA,2981.88,social_media
626,2025-09-13,2001-09-13,24,BA,3452.9,organic
627,2025-04-21,1984-04-21,41,MG,1817.51,organic
628,2026-03-18,1988-03-18,38,SP,4610.94,organic
629,2024-08-03,1979-08-04,45,MG,4629.59,paid_search
630,2025-04-21,1990-04-22,35,MG,1643.03,referral
631,2023-12-10,1987-12-10,36,RJ,4921.18,partner
632,2023-09-28,1996-09-28,27,PE,3849.66,social_media
633,2026-05-25,1977-05-25,49,MG,5160.0,partner
634,2023-09-24,1978-09-24,45,RS,5102.45,partner
635,2025-12-05,2007-12-06,18,BA,1500.0,paid_search
636,2025-02-19,1976-02-20,49,SP,11656.47,partner
637,2023-10-02,1986-10-02,37,RS,1521.56,partner
638,2024-06-11,1966-06-12,58,SP,15788.54,organic
639,2025-12-06,1986-12-07,39,MG,6022.17,referral
640,2023-08-07,1985-08-07,38,SP,5521.57,partner
641,2026-03-02,1995-03-03,31,BA,6350.0,partner
642,2024-01-02,1979-01-02,45,SP,5285.56,referral
643,2026-03-29,1999-03-30,27,BA,11164.21,organic
644,2024-04-15,1971-04-16,53,RJ,6871.92,referral
645,2025-11-07,1996-11-07,29,MG,7869.17,social_media
646,2025-03-07,1981-03-07,44,CE,4507.95,paid_search
647,2025-01-29,1985-01-29,40,SP,4958.13,organic
648,2023-12-25,1984-12-25,39,MG,4196.44,referral
649,2024-02-03,1971-02-03,53,RJ,3857.93,referral
650,2025-01-06,1984-01-07,41,SP,3629.43,paid_search
651,2025-11-26,1969-11-26,56,RS,6699.24,organic
652,2026-04-08,1987-04-09,39,SP,8776.25,paid_search
653,2025-07-20,1973-07-20,52,SP,4780.27,referral
654,2025-10-27,1994-10-28,31,SP,8666.04,partner
655,2025-02-11,2006-02-12,19,BA,8030.82,paid_search
656,2026-04-16,1996-04-16,30,RS,3901.22,partner
657,2026-07-21,1986-07-21,40,BA,7782.53,referral
658,2025-11-23,1996-11-23,29,RJ,5216.27,paid_search
659,2023-07-10,2002-07-10,21,SP,3704.76,paid_search
660,2024-12-25,1975-12-26,49,SP,5640.07,paid_search
661,2025-10-18,1988-10-18,37,SP,3231.23,paid_search
662,2026-06-20,1997-06-20,29,SP,5459.75,social_media
663,2025-10-05,2003-10-06,22,MG,1500.0,organic
664,2024-10-07,2000-10-07,24,RJ,7670.91,organic
665,2024-07-27,2003-07-28,21,SP,3622.6,organic
666,2023-03-08,1974-03-08,49,RJ,3626.52,paid_search
667,2025-07-25,1969-07-25,56,RJ,2731.96,partner
668,2025-01-10,1990-01-11,35,MG,2486.09,paid_search
669,2024-07-05,2003-07-06,21,SP,3454.46,organic
670,2025-02-01,1985-02-01,40,SP,3818.17,paid_search
671,2026-03-25,1997-03-25,29,BA,7965.3,paid_search
672,2024-02-06,2006-02-06,18,SP,4806.44,paid_search
673,2023-10-03,1962-10-03,61,RJ,16873.16,partner
674,2024-05-28,1987-05-29,37,MG,4963.95,paid_search
675,2023-05-03,1984-05-03,39,PR,3084.46,referral
676,2024-12-05,1978-12-06,46,PE,6196.91,paid_search
677,2024-08-05,1998-08-06,26,RJ,3167.18,organic
678,2023-10-24,1971-10-24,52,RS,4322.77,partner
679,2023-05-27,1976-05-27,47,SP,8648.13,partner
680,2024-07-09,1981-07-10,43,RS,8142.26,partner
681,2025-04-27,1976-04-27,49,SP,3568.15,organic
682,2024-03-07,1966-03-08,58,SP,13465.8,referral
683,2025-03-24,2007-03-25,18,PE,3745.67,paid_search
684,2024-09-25,1992-09-25,32,SP,6391.98,paid_search
685,2023-09-26,1993-09-26,30,PE,1500.0,partner
686,2025-08-14,1989-08-14,36,CE,4617.65,partner
687,2023-10-04,1967-10-04,56,SP,7299.76,organic
688,2026-03-01,1992-03-01,34,RJ,5772.96,referral
689,2025-09-13,2007-09-14,18,RJ,2721.55,paid_search
690,2023-01-22,1991-01-22,32,PE,3043.84,organic
691,2025-10-04,1975-10-05,50,PE,4699.19,referral
692,2023-01-15,1990-01-15,33,MG,3834.38,partner
693,2025-02-13,1987-02-14,38,MG,4879.73,referral
694,2024-08-06,1982-08-07,42,MG,4937.1,paid_search
695,2023-05-21,1981-05-21,42,MG,5575.02,partner
696,2024-01-20,1977-01-20,47,SP,3884.94,partner
697,2023-01-17,1985-01-17,38,RJ,3536.91,partner
698,2025-01-30,1981-01-30,44,RJ,7574.56,paid_search
699,2023-04-25,1987-04-25,36,MG,2876.28,organic
700,2023-09-07,1974-09-07,49,CE,7361.37,partner
701,2024-05-21,1987-05-22,37,RJ,7914.12,paid_search
702,2025-08-26,1991-08-27,34,SP,1500.0,organic
703,2024-06-02,1997-06-03,27,SP,3566.0,paid_search
704,2026-04-12,1987-04-13,39,PE,4262.64,referral
705,2023-07-03,1985-07-03,38,BA,5952.8,referral
706,2026-08-13,1974-08-13,52,SP,5547.76,partner
707,2024-04-21,1993-04-22,31,MG,1500.0,paid_search
708,2023-02-13,1971-02-13,52,BA,4494.03,referral
709,2025-09-20,1992-09-20,33,MG,4082.76,referral
710,2024-10-24,2001-10-25,23,BA,1500.0,organic
711,2023-11-25,1979-11-25,44,SP,3293.76,organic
712,2026-07-30,1986-07-30,40,RJ,5583.75,paid_search
713,2024-10-18,1990-10-19,34,RJ,3324.22,partner
714,2026-02-03,2006-02-03,20,SP,2329.25,paid_search
715,2023-08-15,1971-08-15,52,PE,6753.88,partner
716,2025-12-12,1977-12-12,48,MG,5601.63,paid_search
717,2026-05-25,1989-05-25,37,RS,8404.08,organic
718,2025-01-09,1989-01-09,36,MG,9438.79,referral
719,2023-04-30,1981-04-30,42,PE,2500.63,paid_search
720,2025-11-29,1996-11-29,29,PE,6462.81,social_media
721,2024-01-31,1995-01-31,29,MG,1500.0,paid_search
722,2023-08-05,1987-08-05,36,PR,5554.35,partner
723,2023-08-02,1982-08-02,41,SP,3820.34,partner
724,2024-12-22,1980-12-22,44,RS,8854.69,partner
725,2024-10-24,1998-10-25,26,SP,3437.65,organic
726,2023-03-12,1995-03-12,28,CE,4759.64,paid_search
727,2023-01-14,1988-01-15,35,RS,5631.21,paid_search
728,2023-07-13,1977-07-13,46,PE,4174.36,referral
729,2026-04-07,1988-04-07,38,SP,5301.48,paid_search
730,2023-06-08,1976-06-08,47,BA,7227.89,organic
731,2026-05-04,1991-05-05,35,PR,2469.7,referral
732,2024-12-13,1989-12-14,35,RS,1630.99,organic
733,2024-04-09,1987-04-10,37,RS,6429.05,organic
734,2024-09-16,2006-09-17,18,RJ,2139.11,paid_search
735,2025-10-25,1990-10-26,35,BA,7935.46,organic
736,2024-03-30,1993-03-31,31,RJ,5738.25,referral
737,2023-06-19,2005-06-19,18,MG,2184.75,paid_search
738,2023-09-25,1983-09-25,40,PR,4488.72,partner
739,2026-08-28,2002-08-28,24,CE,3761.9,paid_search
740,2025-05-30,1994-05-31,31,SP,5517.1,referral
741,2024-01-26,1993-01-26,31,PE,3786.89,organic
742,2024-04-23,1972-04-23,52,SP,3112.34,referral
743,2023-08-19,1986-08-19,37,MG,3168.85,organic
744,2024-09-16,1995-09-17,29,RJ,4138.42,organic
745,2024-06-13,2002-06-14,22,CE,6447.71,paid_search
746,2026-04-08,1994-04-08,32,RS,4275.51,organic
747,2024-08-04,1981-08-05,43,SP,2475.83,organic
748,2025-03-06,1970-03-07,55,BA,4680.8,partner
749,2026-08-22,2008-08-22,18,RJ,3153.96,social_media
750,2024-01-17,1965-01-17,59,SP,7208.14,organic
751,2024-09-16,1993-09-17,31,SP,3183.03,referral
752,2024-04-28,1976-04-28,48,CE,10030.29,organic
753,2026-07-05,1989-07-05,37,CE,8029.18,referral
754,2025-03-15,1976-03-15,49,MG,2586.41,paid_search
755,2025-05-04,1987-05-05,38,CE,8401.63,paid_search
756,2024-02-28,1980-02-28,44,MG,6302.2,paid_search
757,2023-10-10,1992-10-10,31,RJ,2655.96,organic
758,2024-01-13,1969-01-13,55,SP,4732.55,partner
759,2026-07-28,1980-07-28,46,PR,3019.0,referral
760,2026-05-25,1992-05-25,34,MG,2955.98,organic
761,2025-01-05,1969-01-05,56,SP,10872.87,organic
762,2025-02-04,1978-02-05,47,SP,4027.99,paid_search
763,2024-01-31,1985-01-31,39,CE,1904.1,paid_search
764,2024-02-23,1974-02-23,50,PE,10908.48,partner
765,2025-07-26,1978-07-27,47,PR,9448.22,referral
766,2025-03-18,1996-03-18,29,MG,7283.46,organic
767,2026-08-06,1974-08-06,52,RJ,3989.01,referral
768,2024-05-18,2001-05-19,23,RJ,2386.04,organic
769,2025-03-04,2004-03-04,21,PE,2421.04,paid_search
770,2024-08-08,1988-08-08,36,RJ,3547.24,organic
771,2025-11-24,1976-11-24,49,MG,2209.6,paid_search
772,2026-04-13,1996-04-13,30,CE,5051.8,partner
773,2024-10-24,1994-10-25,30,MG,5262.16,partner
774,2023-07-04,1983-07-04,40,SP,13594.81,organic
775,2023-07-06,1976-07-06,47,SP,5223.84,paid_search
776,2025-02-14,1979-02-15,46,MG,1500.0,paid_search
777,2023-11-29,1980-11-29,43,BA,4239.98,partner
778,2024-08-14,1992-08-14,32,MG,1832.17,referral
779,2023-01-26,2005-01-26,18,MG,1701.65,paid_search
780,2025-07-18,1981-07-18,44,SP,1639.39,paid_search
781,2026-01-25,1991-01-26,35,PR,2972.62,organic
782,2026-08-30,1972-08-30,54,SP,6661.86,partner
783,2023-06-29,1974-06-29,49,SP,8105.31,paid_search
784,2025-07-21,1984-07-21,41,BA,4013.87,referral
785,2024-10-23,1994-10-24,30,PE,3386.79,referral
786,2025-08-22,1979-08-23,46,SP,6537.11,partner
787,2025-12-10,1985-12-10,40,PE,4752.71,referral
788,2025-05-24,1980-05-24,45,MG,3291.16,referral
789,2023-09-23,1996-09-23,27,BA,3774.02,organic
790,2024-04-21,1996-04-21,28,BA,3397.45,organic
791,2026-07-29,1984-07-29,42,BA,3598.91,referral
792,2025-11-03,1971-11-04,54,MG,7418.29,partner
793,2024-11-30,1999-12-01,25,CE,5654.11,paid_search
794,2025-09-08,1978-09-09,47,RS,11904.31,partner
795,2023-11-15,2003-11-15,20,RJ,1549.69,paid_search
796,2023-04-25,2004-04-25,19,PR,1576.2,paid_search
797,2026-02-11,1996-02-12,30,BA,9095.75,partner
798,2024-01-19,1988-01-19,36,MG,5933.95,organic
799,2024-07-10,1999-07-11,25,SP,1500.0,social_media
800,2025-12-11,1980-12-11,45,SP,4617.63,partner
801,2025-10-21,1981-10-21,44,RJ,8456.57,referral
802,2023-10-21,1976-10-21,47,PR,49229.98,paid_search
803,2023-03-16,2004-03-16,19,RJ,5368.42,social_media
804,2024-11-13,1982-11-14,42,RJ,1781.35,referral
805,2023-02-16,1995-02-16,28,RS,3087.92,paid_search
806,2025-12-26,1992-12-26,33,SP,3902.51,paid_search
807,2023-11-19,1986-11-19,37,MG,4501.37,referral
808,2026-01-30,1986-01-30,40,SP,1500.0,referral
809,2026-03-21,1988-03-21,38,MG,3324.34,paid_search
810,2023-03-01,1981-03-01,42,RJ,5776.81,organic
811,2023-06-26,1992-06-26,31,MG,7271.56,partner
812,2026-06-16,1985-06-16,41,SP,3757.62,organic
813,2025-08-11,1992-08-11,33,PR,5242.29,referral
814,2026-08-12,1991-08-13,35,BA,4105.21,paid_search
815,2023-10-22,1975-10-22,48,RS,3509.58,referral
816,2024-10-27,1999-10-28,25,RJ,1500.0,paid_search
817,2025-09-07,1995-09-08,30,PR,4524.43,organic
818,2025-04-10,1986-04-11,39,PR,7142.34,organic
819,2024-09-10,1998-09-11,26,SP,4951.3,paid_search
820,2025-02-25,1990-02-26,35,PE,1611.23,partner
821,2025-06-10,1998-06-11,27,BA,1500.0,organic
822,2026-03-21,1993-03-21,33,PR,1564.39,referral
823,2026-02-10,1978-02-10,48,SP,3990.6,partner
824,2024-11-01,1979-11-02,45,RJ,5873.83,paid_search
825,2026-04-04,1974-04-04,52,PE,3469.69,organic
826,2024-08-19,1996-08-19,28,SP,4286.91,organic
827,2024-10-10,1993-10-11,31,BA,5132.48,paid_search
828,2024-08-25,1966-08-26,58,PE,4784.84,organic
829,2024-10-13,1989-10-14,35,RJ,3001.18,paid_search
830,2024-01-21,1998-01-21,26,MG,6532.85,paid_search
831,2023-11-12,1991-11-12,32,SP,2667.99,partner
832,2025-07-22,1964-07-22,61,RS,7393.97,partner
833,2026-02-04,1983-02-05,43,SP,4421.27,partner
834,2024-04-29,1997-04-30,27,BA,4143.59,social_media
835,2026-03-09,2000-03-09,26,MG,6201.0,paid_search
836,2025-08-10,1986-08-11,39,RJ,4828.73,paid_search
837,2025-08-25,2000-08-25,25,BA,5581.78,organic
838,2024-10-01,1999-10-02,25,MG,9040.97,social_media
839,2025-08-18,2007-08-19,18,MG,2508.87,paid_search
840,2024-08-15,1979-08-16,45,SP,8070.46,referral
841,2026-02-28,1990-02-28,36,MG,5423.2,referral
842,2026-07-02,1972-07-02,54,PE,5343.14,referral
843,2024-07-23,1987-07-24,37,SP,1679.73,paid_search
844,2026-04-26,1972-04-26,54,BA,7054.86,referral
845,2024-06-19,1985-06-20,39,SP,4674.32,organic
846,2023-10-25,1994-10-25,29,MG,6137.17,paid_search
847,2024-05-02,1997-05-03,27,SP,6336.2,social_media
848,2026-08-08,2005-08-08,21,SP,3223.77,paid_search
849,2025-12-26,1986-12-27,39,SP,2698.18,partner
850,2023-01-25,1967-01-25,56,SP,9122.9,partner
851,2025-12-21,1989-12-21,36,RS,1851.07,referral
852,2024-11-17,1990-11-18,34,SP,6439.47,partner
853,2025-08-02,1985-08-02,40,BA,5152.56,referral
854,2024-01-04,2006-01-04,18,SP,1541.09,organic
855,2023-08-01,1990-08-01,33,BA,4761.78,paid_search
856,2026-05-12,1999-05-13,27,MG,4872.59,organic
857,2023-09-24,2000-09-24,23,MG,5249.78,social_media
858,2024-01-13,1972-01-13,52,SP,3122.09,organic
859,2025-07-17,1979-07-18,46,RJ,3992.84,organic
860,2024-07-21,1991-07-22,33,PR,3488.74,organic
861,2024-06-12,1977-06-13,47,RJ,4455.38,partner
862,2024-01-01,1989-01-01,35,MG,1788.21,partner
863,2024-03-23,1991-03-24,33,RJ,4151.61,organic
864,2023-03-19,1989-03-19,34,BA,1902.27,partner
865,2026-03-22,1970-03-22,56,PR,5354.03,organic
866,2023-05-24,1985-05-24,38,MG,8427.96,referral
867,2024-11-13,1992-11-13,32,MG,10257.34,organic
868,2025-07-30,1999-07-31,26,PR,2866.56,organic
869,2023-03-22,1968-03-22,55,SP,4845.79,organic
870,2025-01-05,1991-01-06,34,RJ,8585.48,paid_search
871,2023-10-14,1983-10-14,40,CE,2961.41,referral
872,2025-10-20,1987-10-21,38,RJ,8367.71,organic
873,2023-03-17,1991-03-17,32,BA,3641.79,partner
874,2026-01-03,1979-01-04,47,SP,14875.57,organic
875,2023-10-17,1988-10-17,35,RS,5050.57,paid_search
876,2023-01-30,1985-01-30,38,SP,2295.26,organic
877,2025-07-23,2005-07-23,20,PE,4916.88,organic
878,2026-06-14,2003-06-15,23,SP,6181.25,organic
879,2025-04-03,2002-04-04,23,MG,12870.84,organic
880,2023-12-22,1956-12-22,67,SP,3947.94,partner
881,2023-12-11,1991-12-11,32,RJ,6933.76,organic
882,2025-09-24,2002-09-25,23,PE,6044.56,paid_search
883,2025-05-02,1995-05-03,30,RJ,2555.17,referral
884,2025-12-07,2007-12-08,18,RJ,2369.55,organic
885,2023-03-19,2001-03-19,22,MG,2475.37,organic
886,2024-04-27,1997-04-28,27,SP,9318.33,organic
887,2025-11-05,1984-11-05,41,MG,3502.92,paid_search
888,2025-08-29,1967-08-30,58,RJ,2759.25,referral
889,2025-06-09,1988-06-09,37,RS,4188.28,organic
890,2026-01-05,1972-01-06,54,SP,9625.85,referral
891,2023-05-26,1970-05-26,53,MG,4302.19,organic
892,2024-10-29,1998-10-30,26,SP,2236.14,social_media
893,2025-04-24,1980-04-24,45,SP,4624.28,partner
894,2023-10-24,1994-10-24,29,SP,4518.7,paid_search
895,2023-10-07,1993-10-07,30,SP,2799.21,organic
896,2026-03-10,1986-03-10,40,PE,4369.35,referral
897,2024-03-26,1974-03-27,50,PR,7495.55,referral
898,2026-03-29,1999-03-30,27,CE,7842.91,social_media
899,2026-04-26,2002-04-26,24,PE,2036.36,social_media
900,2024-11-01,1984-11-01,40,RJ,9301.01,organic
901,2023-03-24,1966-03-24,57,RJ,4953.33,organic
902,2023-07-20,1987-07-20,36,RJ,2380.99,organic
903,2025-04-12,1981-04-12,44,SP,5720.45,partner
904,2024-09-16,1988-09-16,36,SP,3954.75,organic
905,2025-07-20,1994-07-21,31,BA,6309.22,organic
906,2026-07-08,1987-07-09,39,PE,8331.06,organic
907,2024-08-30,1995-08-31,29,CE,4873.0,organic
908,2023-06-15,1981-06-15,42,MG,5586.51,referral
909,2023-04-16,1977-04-16,46,MG,4193.9,organic
910,2026-02-22,1981-02-22,45,BA,3617.35,partner
911,2026-04-03,1976-04-03,50,BA,7720.13,partner
912,2025-10-28,2001-10-28,24,BA,2849.31,paid_search
913,2025-07-15,2002-07-16,23,SP,7005.82,organic
914,2024-08-21,1985-08-22,39,RJ,2996.64,organic
915,2024-01-21,1976-01-21,48,PE,9033.24,organic
916,2023-08-12,1994-08-12,29,SP,2465.72,social_media
917,2024-02-23,2003-02-23,21,SP,9927.39,social_media
918,2025-08-28,1990-08-29,35,SP,3654.59,referral
919,2024-01-23,1964-01-23,60,SP,5050.82,organic
920,2024-10-30,1977-10-31,47,RJ,7219.51,partner
921,2025-07-26,1990-07-27,35,PR,2723.74,partner
922,2025-01-31,1981-01-31,44,CE,3665.77,paid_search
923,2026-06-20,1972-06-20,54,SP,9862.74,referral
924,2023-11-27,1994-11-27,29,SP,1973.98,social_media
925,2025-06-21,1988-06-21,37,MG,2192.3,referral
926,2023-10-30,1978-10-30,45,SP,5146.1,referral
927,2023-09-06,1975-09-06,48,RJ,2590.38,referral
928,2023-11-16,1991-11-16,32,PE,2284.74,partner
929,2024-08-16,1967-08-17,57,CE,13242.31,organic
930,2025-06-24,1991-06-25,34,SP,1971.23,organic
931,2023-10-13,1988-10-13,35,PE,5021.73,referral
932,2023-07-09,1991-07-09,32,SP,4731.14,paid_search
933,2024-07-23,1985-07-24,39,PR,10193.25,partner
934,2024-10-12,1982-10-13,42,MG,4779.85,referral
935,2025-03-25,1973-03-25,52,SP,4430.4,partner
936,2024-09-22,1968-09-22,56,CE,8478.96,partner
937,2025-06-25,1993-06-25,32,CE,1932.62,paid_search
938,2026-04-17,1967-04-18,59,MG,3390.64,organic
939,2024-11-17,1959-11-18,65,BA,2977.1,partner
940,2025-04-28,1975-04-29,50,SP,4751.31,referral
941,2024-02-13,1982-02-13,42,MG,7741.28,partner
942,2024-04-04,1976-04-04,48,PE,4681.73,referral
943,2025-05-04,1976-05-04,49,MG,4029.03,referral
944,2026-04-05,1965-04-05,61,RJ,5362.73,organic
945,2025-09-01,1966-09-02,59,SP,3176.61,referral
946,2024-10-16,1990-10-17,34,RJ,5778.57,organic
947,2024-07-12,1997-07-13,27,CE,1982.71,organic
948,2023-06-07,1972-06-07,51,RJ,7358.94,referral
949,2026-05-11,1988-05-11,38,RS,13032.66,referral
950,2024-07-09,2002-07-10,22,BA,4361.77,organic
951,2024-12-21,1986-12-22,38,RJ,3475.96,referral
952,2023-11-30,1987-11-30,36,PE,2762.01,paid_search
953,2026-02-18,2006-02-18,20,RJ,3659.67,social_media
954,2025-05-04,2002-05-05,23,RJ,8270.6,paid_search
955,2025-01-12,1979-01-13,46,CE,10997.43,paid_search
956,2024-09-15,1977-09-16,47,PE,7612.66,paid_search
957,2024-04-09,1989-04-10,35,CE,3101.86,organic
958,2023-06-09,1978-06-09,45,PE,4762.34,paid_search
959,2023-08-09,1968-08-09,55,MG,3883.87,referral
960,2023-05-16,1982-05-16,41,SP,1762.21,paid_search
961,2024-01-14,1988-01-14,36,SP,6191.39,referral
962,2024-12-22,1989-12-23,35,SP,4310.36,paid_search
963,2025-10-31,1992-10-31,33,MG,2686.41,organic
964,2023-07-22,1988-07-22,35,RS,3944.8,paid_search
965,2025-06-19,1990-06-20,35,PR,10163.89,paid_search
966,2025-04-14,1993-04-14,32,PE,10279.45,organic
967,2023-06-18,1988-06-18,35,SP,4996.86,partner
968,2024-04-07,1981-04-08,43,MG,1500.0,paid_search
969,2023-05-23,1968-05-23,55,CE,9501.46,partner
970,2025-06-16,2001-06-16,24,RJ,4473.94,paid_search
971,2025-03-31,1999-04-01,26,BA,6112.51,paid_search
972,2024-02-12,2006-02-12,18,SP,4522.8,organic
973,2026-04-06,2005-04-06,21,PR,7027.21,organic
974,2026-05-20,2000-05-20,26,CE,1932.62,social_media
975,2024-05-28,1995-05-29,29,CE,7757.39,social_media
976,2024-01-02,1986-01-02,38,SP,5569.66,organic
977,2023-06-06,1993-06-06,30,RJ,3806.79,partner
978,2025-10-01,2000-10-01,25,RJ,4653.47,organic
979,2026-01-24,1968-01-25,58,CE,4006.63,partner
980,2025-07-30,1985-07-30,40,PE,1732.39,referral
981,2023-12-03,1992-12-03,31,BA,4001.56,partner
982,2026-02-08,1988-02-09,38,BA,5162.62,paid_search
983,2025-11-03,1979-11-04,46,MG,3362.2,referral
984,2024-10-18,1983-10-19,41,PE,5185.28,referral
985,2024-12-15,1981-12-16,43,PR,5885.02,partner
986,2024-12-07,2001-12-08,23,CE,3252.05,social_media
987,2024-05-22,1985-05-23,39,PE,19873.14,organic
988,2024-11-22,1976-11-22,48,SP,5293.02,partner
989,2026-03-09,2001-03-09,25,PE,3583.84,paid_search
990,2025-02-12,1989-02-12,36,MG,3560.46,partner
991,2023-07-24,1988-07-24,35,RJ,11273.6,paid_search
992,2026-06-13,1996-06-13,30,SP,2679.95,referral
993,2026-03-20,1996-03-20,30,BA,2132.44,organic
994,2026-03-06,1984-03-06,42,PR,4570.38,organic
995,2026-08-27,1982-08-27,44,SP,6183.87,partner
996,2025-04-03,2000-04-03,25,SP,3882.58,organic
997,2024-01-05,1974-01-05,50,RJ,2730.22,organic
998,2025-08-15,1999-08-16,26,SP,7904.7,paid_search
999,2026-03-05,1989-03-05,37,SP,4200.94,referral
1000,2025-06-10,1992-06-10,33,SP,10229.48,referral
1001,2024-08-10,1992-08-10,32,MG,3693.4,paid_search
1002,2023-02-26,1993-02-26,30,SP,7499.84,partner
1003,2025-05-14,1989-05-14,36,SP,2632.28,referral
1004,2026-02-01,1991-02-02,35,SP,4236.54,organic
1005,2024-10-04,2006-10-05,18,RS,2822.08,organic
1006,2023-07-04,2000-07-04,23,SP,1900.42,organic
1007,2023-09-05,2005-09-05,18,CE,5939.06,social_media
1008,2024-05-02,1990-05-03,34,MG,6386.1,partner
1009,2024-04-28,1979-04-29,45,PE,3266.09,partner
1010,2024-06-04,1990-06-05,34,RS,1591.68,organic
1011,2024-10-10,2000-10-10,24,SP,1500.0,social_media
1012,2025-01-13,1991-01-14,34,RJ,3482.61,organic
1013,2023-04-22,1993-04-22,30,SP,4326.97,referral
1014,2023-09-07,2005-09-07,18,RJ,2016.19,social_media
1015,2025-03-15,1963-03-16,62,SP,1500.0,referral
1016,2025-06-17,1999-06-18,26,MG,3402.73,social_media
1017,2025-10-03,2000-10-03,25,PR,5596.7,paid_search
1018,2025-05-11,1985-05-11,40,MG,15743.23,partner
1019,2023-02-26,1984-02-27,39,SP,3859.8,organic
1020,2025-03-31,2005-03-31,20,SP,2121.09,social_media
1021,2023-11-20,1985-11-20,38,PR,5344.89,partner
1022,2024-10-16,1968-10-16,56,RJ,8664.99,referral
1023,2026-04-29,1979-04-30,47,SP,4508.0,partner
1024,2026-03-14,2008-03-14,18,SP,4920.39,social_media
1025,2025-08-05,1982-08-06,43,SP,3999.11,referral
1026,2023-11-02,1968-11-02,55,PE,2388.31,partner
1027,2025-10-09,1974-10-10,51,SP,3416.63,referral
1028,2025-06-02,1975-06-03,50,RS,2602.9,partner
1029,2024-01-05,1992-01-05,32,SP,2169.61,paid_search
1030,2025-01-27,1984-01-28,41,MG,5500.17,partner
1031,2023-09-30,1963-09-30,60,SP,3587.22,partner
1032,2026-05-08,2008-05-08,18,SP,2619.56,paid_search
1033,2026-05-26,1959-05-27,67,MG,3193.42,partner
1034,2025-03-19,1999-03-20,26,BA,1923.97,paid_search
1035,2025-08-16,1980-08-16,45,RJ,3227.64,organic
1036,2023-09-19,1978-09-19,45,RJ,9649.56,referral
1037,2025-05-30,1993-05-30,32,MG,5938.98,referral
1038,2025-06-11,1963-06-12,62,RS,8150.77,organic
1039,2026-07-27,1987-07-28,39,SP,1961.2,partner
1040,2023-08-26,1989-08-26,34,CE,2552.31,partner
1041,2025-07-26,2007-07-27,18,RS,5208.89,social_media
1042,2025-11-07,1986-11-08,39,PR,5507.91,paid_search
1043,2026-04-10,1987-04-11,39,PR,2697.5,organic
1044,2024-11-04,1987-11-05,37,PE,7928.94,partner
1045,2025-02-04,2007-02-05,18,PR,8914.22,paid_search
1046,2026-07-10,2004-07-10,22,CE,7000.29,organic
1047,2026-03-11,1972-03-11,54,PR,1798.56,organic
1048,2023-05-25,1968-05-25,55,MG,6176.66,partner
1049,2023-12-31,1984-12-31,39,SP,3746.73,paid_search
1050,2023-09-04,1965-09-04,58,SP,18364.65,partner
1051,2026-05-20,1976-05-20,50,PR,5334.41,partner
1052,2025-09-02,1974-09-03,51,SP,5892.36,partner
1053,2025-01-24,1997-01-24,28,RJ,1891.21,paid_search
1054,2024-04-04,1995-04-05,29,MG,4266.41,social_media
1055,2024-08-18,1991-08-19,33,PR,5482.13,paid_search
1056,2025-12-07,1987-12-08,38,RJ,5242.18,organic
1057,2025-11-17,1978-11-18,47,PE,7367.81,referral
1058,2024-12-28,1979-12-29,45,SP,2059.12,organic
1059,2025-08-05,1984-08-05,41,SP,2813.53,partner
1060,2025-07-10,1981-07-10,44,MG,7745.99,paid_search
1061,2023-06-10,1986-06-10,37,RS,1851.3,organic
1062,2025-03-19,2004-03-19,21,PE,1813.14,organic
1063,2025-04-09,1966-04-10,59,MG,5538.01,organic
1064,2025-01-08,2007-01-09,18,BA,4625.27,social_media
1065,2023-01-29,1977-01-29,46,BA,4848.5,paid_search
1066,2025-06-11,1967-06-12,58,PR,12628.92,referral
1067,2024-09-08,1986-09-09,38,RJ,6977.46,partner
1068,2025-08-23,1994-08-24,31,PE,3790.78,referral
1069,2026-03-12,1983-03-13,43,SP,4238.8,partner
1070,2026-03-31,1999-04-01,27,MG,4133.25,paid_search
1071,2025-03-29,2003-03-30,22,MG,9599.47,paid_search
1072,2024-04-19,1985-04-20,39,BA,4774.74,referral
1073,2026-02-07,1965-02-07,61,SP,5550.17,organic
1074,2024-12-11,1977-12-12,47,RJ,4642.08,paid_search
1075,2025-08-19,1992-08-19,33,SP,7904.78,partner
1076,2023-09-26,1978-09-26,45,RS,7140.24,partner
1077,2026-08-29,1991-08-30,35,PR,10983.6,referral
1078,2023-06-26,2005-06-26,18,BA,2035.88,organic
1079,2025-10-04,1977-10-04,48,CE,3934.04,organic
1080,2023-02-07,1978-02-07,45,SP,2286.82,paid_search
1081,2025-10-28,1983-10-29,42,RJ,5416.38,paid_search
1082,2025-09-23,1987-09-24,38,SP,3471.93,organic
1083,2026-02-14,1989-02-14,37,BA,4636.97,organic
1084,2025-06-15,1981-06-15,44,PR,10739.76,organic
1085,2026-02-25,1983-02-26,43,MG,2902.97,partner
1086,2025-11-02,1986-11-03,39,RJ,7126.77,referral
1087,2024-11-16,1984-11-16,40,SP,4428.44,paid_search
1088,2023-06-24,1991-06-24,32,SP,6016.5,paid_search
1089,2023-11-07,1985-11-07,38,PR,2333.23,partner
1090,2025-07-28,2002-07-29,23,CE,3772.31,social_media
1091,2025-06-25,1986-06-26,39,PR,9954.39,paid_search
1092,2026-03-22,1987-03-23,39,PE,7282.99,referral
1093,2025-05-08,2002-05-09,23,MG,1636.52,paid_search
1094,2023-01-17,1975-01-17,48,PR,14623.92,paid_search
1095,2025-04-07,1995-04-08,30,MG,9386.23,referral
1096,2026-08-21,1986-08-21,40,SP,2944.59,organic
1097,2026-01-05,1998-01-05,28,BA,3036.4,organic
1098,2024-10-01,1970-10-02,54,RJ,7454.13,referral
1099,2026-01-10,1996-01-11,30,PR,2817.31,referral
1100,2023-09-11,1990-09-11,33,PE,4992.05,referral
1101,2026-03-18,1990-03-18,36,CE,8260.62,paid_search
1102,2024-12-18,2000-12-18,24,SP,9217.62,organic
1103,2023-10-14,1989-10-14,34,SP,2773.93,referral
1104,2025-07-19,2002-07-20,23,PE,12744.94,social_media
1105,2023-07-08,1962-07-08,61,RJ,5367.11,organic
1106,2025-04-04,1978-04-05,47,MG,5184.38,referral
1107,2026-04-11,2001-04-11,25,RJ,8824.18,paid_search
1108,2023-11-30,1985-11-30,38,SP,1500.0,paid_search
1109,2025-11-17,1984-11-17,41,SP,4182.17,referral
1110,2023-09-01,1990-09-01,33,MG,3755.87,referral
1111,2023-03-24,1991-03-24,32,SP,3430.91,organic
1112,2023-10-20,1986-10-20,37,SP,4870.07,referral
1113,2024-08-03,1982-08-04,42,RJ,2598.62,organic
1114,2025-05-05,1966-05-06,59,RJ,4013.95,partner
1115,2025-02-11,2006-02-12,19,MG,5757.02,paid_search
1116,2025-07-10,1985-07-10,40,BA,1500.0,organic
1117,2026-07-03,1995-07-04,31,SP,3211.09,partner
1118,2024-07-22,1997-07-23,27,MG,13829.04,organic
1119,2026-07-14,1983-07-15,43,MG,1985.01,paid_search
1120,2026-06-21,2007-06-22,19,MG,3653.69,organic
1121,2023-02-08,1965-02-08,58,SP,2331.1,organic
1122,2025-06-28,1968-06-28,57,PE,5912.92,organic
1123,2023-04-03,2005-04-03,18,SP,3436.03,social_media
1124,2023-08-23,1984-08-23,39,CE,4821.58,paid_search
1125,2024-06-07,1986-06-08,38,CE,5446.52,referral
1126,2024-01-07,1993-01-07,31,PE,1927.59,referral
1127,2023-10-19,1995-10-19,28,SP,5695.11,social_media
1128,2024-05-05,1981-05-06,43,BA,5692.16,partner
1129,2023-08-24,1987-08-24,36,MG,21453.61,organic
1130,2024-07-05,1976-07-05,48,MG,5607.09,paid_search
1131,2024-09-15,1998-09-16,26,PR,3767.72,social_media
1132,2025-02-03,1993-02-03,32,MG,2620.56,partner
1133,2026-02-10,1989-02-10,37,RJ,7121.65,paid_search
1134,2023-01-02,1985-01-02,38,PE,8142.43,referral
1135,2025-02-17,1964-02-18,61,SP,9545.62,referral
1136,2025-12-29,1988-12-29,37,MG,3148.05,organic
1137,2023-10-14,1992-10-14,31,RS,2225.84,referral
1138,2024-12-02,2006-12-03,18,MG,1642.19,paid_search
1139,2024-11-30,1979-12-01,45,SP,14883.2,organic
1140,2023-01-20,1956-01-21,67,BA,2649.38,organic
1141,2025-09-28,1986-09-29,39,PR,5361.76,organic
1142,2025-06-30,2002-07-01,23,BA,1595.42,organic
1143,2025-01-03,2005-01-03,20,PR,2882.27,social_media
1144,2024-03-29,1972-03-29,52,BA,12233.24,organic
1145,2025-01-02,1980-01-03,45,MG,7365.67,partner
1146,2025-01-13,1967-01-14,58,PE,5540.26,organic
1147,2024-03-04,1952-03-04,72,MG,3746.13,organic
1148,2025-10-08,1986-10-09,39,SP,1500.0,paid_search
1149,2023-05-14,2002-05-14,21,SP,1500.0,social_media
1150,2025-12-27,1998-12-28,27,MG,18749.86,social_media
1151,2025-05-24,2006-05-25,19,PE,7402.73,paid_search
1152,2024-07-15,2006-07-16,18,SP,3404.77,organic
1153,2023-03-31,1979-03-31,44,SP,4168.77,organic
1154,2025-03-13,1993-03-13,32,SP,1507.65,organic
1155,2024-04-07,1974-04-08,50,PE,3821.53,partner
1156,2023-05-09,1987-05-09,36,MG,1962.58,organic
1157,2026-04-28,1980-04-28,46,PR,3025.31,referral
1158,2023-04-22,2005-04-22,18,PR,3368.19,social_media
1159,2026-05-13,2003-05-14,23,MG,3912.63,social_media
1160,2023-03-10,1999-03-10,24,SP,4448.67,social_media
1161,2023-04-25,1995-04-25,28,SP,1953.81,organic
1162,2026-07-01,1992-07-01,34,PE,2366.12,organic
1163,2024-11-26,1997-11-27,27,PE,3987.78,social_media
1164,2023-07-30,2000-07-30,23,PE,6138.95,social_media
1165,2026-03-19,1978-03-19,48,SP,4829.84,paid_search
1166,2024-05-12,1976-05-12,48,SP,6073.91,referral
1167,2024-09-29,1999-09-30,25,SP,3418.67,paid_search
1168,2025-01-25,1995-01-26,30,CE,4218.41,paid_search
1169,2023-04-28,1984-04-28,39,MG,2257.52,paid_search
1170,2026-08-04,1966-08-04,60,RS,9059.33,organic
1171,2025-09-01,1999-09-02,26,MG,2489.69,paid_search
1172,2026-06-15,2008-06-15,18,SP,2693.32,social_media
1173,2025-10-12,1987-10-13,38,SP,2141.26,paid_search
1174,2025-09-11,1986-09-12,39,BA,9114.0,partner
1175,2024-02-25,2005-02-25,19,PE,1522.45,organic
1176,2023-08-24,1972-08-24,51,SP,4453.77,partner
1177,2023-03-31,1978-03-31,45,SP,3310.96,paid_search
1178,2024-11-26,1988-11-26,36,PR,3149.52,paid_search
1179,2024-06-20,1984-06-20,40,BA,2559.51,organic
1180,2024-11-24,1988-11-24,36,CE,3348.18,referral
1181,2023-12-17,1955-12-17,68,CE,3769.67,partner
1182,2024-10-13,1998-10-14,26,MG,1888.02,social_media
1183,2024-11-02,1986-11-03,38,SP,2049.73,partner
1184,2024-03-04,1970-03-05,54,BA,22103.26,organic
1185,2023-05-13,1980-05-13,43,RS,7225.04,partner
1186,2024-01-02,1976-01-02,48,SP,3321.31,partner
1187,2025-08-28,1989-08-28,36,RS,4769.31,paid_search
1188,2024-02-20,1974-02-20,50,RJ,3664.8,partner
1189,2025-02-11,2007-02-12,18,SP,3483.2,social_media
1190,2024-08-27,1999-08-28,25,RJ,2562.84,paid_search
1191,2025-11-15,1997-11-15,28,RJ,2402.37,paid_search
1192,2024-07-13,1995-07-14,29,SP,2561.81,organic
1193,2023-06-05,1989-06-05,34,PR,4399.59,referral
1194,2024-04-11,1983-04-12,41,PE,3174.11,referral
1195,2024-05-27,1994-05-28,30,BA,1817.82,paid_search
1196,2026-01-17,1968-01-18,58,RS,4808.27,organic
1197,2023-01-25,2000-01-26,23,PR,1966.36,social_media
1198,2024-03-05,1984-03-05,40,RJ,4963.77,partner
1199,2025-08-02,1990-08-03,35,PR,1500.0,partner
1200,2024-03-05,1982-03-06,42,RJ,2200.16,partner
1201,2024-12-27,1993-12-28,31,BA,2590.48,referral
1202,2024-10-29,1976-10-29,48,MG,5458.56,paid_search
1203,2023-11-11,1948-11-11,75,MG,7590.91,partner
1204,2024-02-23,1992-02-23,32,CE,1981.66,partner
1205,2023-08-11,2000-08-11,23,MG,2808.58,organic
1206,2026-02-06,1962-02-06,64,SP,14092.52,referral
1207,2024-01-18,1978-01-18,46,SP,3236.07,organic
1208,2025-07-20,1962-07-21,63,PE,6119.33,partner
1209,2025-03-11,1984-03-11,41,RJ,4549.31,paid_search
1210,2023-09-24,1981-09-24,42,RS,1610.41,partner
1211,2023-11-22,2005-11-22,18,MG,3306.62,paid_search
1212,2024-02-18,2004-02-18,20,PE,1983.38,organic
1213,2024-11-04,1966-11-05,58,RJ,7654.13,partner
1214,2026-08-16,2002-08-16,24,RS,3132.75,organic
1215,2024-09-01,2004-09-01,20,PR,3056.28,organic
1216,2025-06-03,1973-06-03,52,RJ,8929.43,organic
1217,2023-07-15,2005-07-15,18,SP,5545.74,organic
1218,2026-01-06,1971-01-07,55,SP,7368.53,partner
1219,2025-04-22,1972-04-22,53,CE,8082.88,partner
1220,2023-12-04,1986-12-04,37,SP,4471.6,organic
1221,2026-08-01,1995-08-02,31,SP,3646.16,organic
1222,2023-10-07,2004-10-07,19,SP,5489.08,social_media
1223,2023-06-19,1994-06-19,29,CE,6019.88,social_media
1224,2026-05-28,1991-05-29,35,PE,2727.2,partner
1225,2023-12-11,1967-12-11,56,BA,3189.85,referral
1226,2023-03-12,1976-03-12,47,RS,5328.21,organic
1227,2026-07-24,1982-07-24,44,BA,9464.15,referral
1228,2025-06-28,2003-06-29,22,PE,2971.33,social_media
1229,2023-02-02,2005-02-02,18,SP,1500.0,social_media
1230,2023-07-17,1968-07-17,55,PR,8277.25,referral
1231,2023-04-01,1990-04-01,33,SP,4522.76,paid_search
1232,2026-01-14,1986-01-14,40,SP,4175.97,organic
1233,2024-12-31,1988-01-01,37,MG,1903.72,referral
1234,2026-08-24,1987-08-25,39,MG,3062.59,partner
1235,2023-07-28,1990-07-28,33,RS,4597.61,organic
1236,2026-05-13,2008-05-13,18,SP,4088.44,organic
1237,2023-09-30,1994-09-30,29,RS,1500.0,paid_search
1238,2023-05-19,1971-05-19,52,SP,6963.56,partner
1239,2025-11-12,1993-11-12,32,MG,13145.55,referral
1240,2024-04-29,1993-04-30,31,BA,8146.3,organic
1241,2023-10-09,1993-10-09,30,SP,11829.92,partner
1242,2024-11-04,1979-11-05,45,SP,2029.15,organic
1243,2025-12-02,1984-12-02,41,PR,6511.15,referral
1244,2024-12-02,1998-12-03,26,SP,5799.69,organic
1245,2024-05-23,1981-05-24,43,SP,10656.1,paid_search
1246,2025-06-24,2005-06-24,20,MG,1500.0,social_media
1247,2023-04-17,1990-04-17,33,SP,1500.0,paid_search
1248,2024-04-28,1991-04-29,33,RJ,3624.98,paid_search
1249,2024-02-09,1986-02-09,38,SP,3001.68,paid_search
1250,2024-07-10,1979-07-11,45,RS,3298.91,referral
1251,2025-03-26,1997-03-26,28,RJ,4733.09,social_media
1252,2025-09-14,1978-09-15,47,PE,2175.33,referral
1253,2026-05-03,2003-05-04,23,SP,2998.43,paid_search
1254,2025-02-07,1991-02-08,34,MG,4116.45,partner
1255,2024-02-05,1982-02-05,42,PE,4732.4,partner
1256,2025-04-08,1981-04-08,44,RS,3747.59,organic
1257,2025-04-17,1959-04-18,66,SP,18954.88,partner
1258,2025-11-09,2007-11-10,18,BA,4086.72,social_media
1259,2026-08-26,1998-08-26,28,SP,2897.6,paid_search
1260,2026-07-16,1980-07-16,46,BA,1979.47,paid_search
1261,2024-06-04,1986-06-05,38,BA,3019.43,organic
1262,2026-08-12,1973-08-12,53,BA,3588.32,referral
1263,2025-11-27,1967-11-28,58,SP,4449.05,organic
1264,2025-12-27,2001-12-27,24,MG,3057.64,paid_search
1265,2023-07-02,1973-07-02,50,PR,8094.09,referral
1266,2025-03-26,1978-03-27,47,BA,4972.87,partner
1267,2025-12-11,1996-12-11,29,RJ,2616.36,social_media
1268,2024-02-10,1982-02-10,42,RJ,4734.29,paid_search
1269,2024-01-16,1980-01-16,44,PR,9591.34,organic
1270,2026-07-27,1969-07-27,57,SP,3991.37,partner
1271,2023-05-12,1994-05-12,29,RJ,4801.81,social_media
1272,2024-06-28,1973-06-29,51,BA,5383.23,organic
1273,2025-12-01,1967-12-02,58,CE,5448.78,partner
1274,2024-11-20,1988-11-20,36,SP,5730.73,organic
1275,2024-12-30,1971-12-31,53,PE,10178.57,referral
1276,2023-02-22,2001-02-22,22,MG,5963.18,organic
1277,2024-05-24,1998-05-25,26,MG,3599.95,social_media
1278,2023-01-07,1973-01-07,50,CE,2389.3,referral
1279,2024-10-28,1990-10-29,34,RJ,14007.08,referral
1280,2025-05-26,1995-05-27,30,CE,9523.0,organic
1281,2025-02-27,1990-02-28,35,SP,4512.42,organic
1282,2023-09-19,1978-09-19,45,RJ,3523.24,organic
1283,2025-09-14,1992-09-14,33,SP,8992.89,organic
1284,2023-08-05,1993-08-05,30,RJ,5210.95,referral
1285,2025-02-24,1987-02-25,38,SP,3531.15,organic
1286,2023-10-06,1994-10-06,29,RS,5164.23,organic
1287,2024-11-12,1967-11-13,57,PR,7518.89,partner
1288,2025-02-20,2007-02-21,18,MG,3013.81,paid_search
1289,2023-08-25,1987-08-25,36,SP,4900.66,organic
1290,2026-03-19,1983-03-20,43,SP,1810.09,partner
1291,2025-05-17,1992-05-17,33,BA,7892.71,paid_search
1292,2023-08-07,1975-08-07,48,SP,5465.11,paid_search
1293,2024-08-30,1979-08-31,45,RJ,5537.33,organic
1294,2026-05-11,2001-05-11,25,SP,3729.2,paid_search
1295,2026-03-21,2008-03-21,18,RJ,4594.98,paid_search
1296,2023-11-09,1982-11-09,41,PR,1529.32,paid_search
1297,2023-04-18,1967-04-18,56,RS,7764.36,organic
1298,2023-11-23,1995-11-23,28,CE,4180.01,organic
1299,2025-08-27,1967-08-28,58,SP,5911.66,organic
1300,2024-02-04,1988-02-04,36,BA,4605.34,referral
1301,2026-04-03,1986-04-03,40,CE,2565.43,paid_search
1302,2025-06-23,1990-06-24,35,BA,3343.96,paid_search
1303,2024-02-05,1987-02-05,37,BA,5631.11,paid_search
1304,2025-02-10,1989-02-10,36,CE,2714.6,organic
1305,2023-07-16,1994-07-16,29,CE,1747.78,paid_search
1306,2026-04-30,1978-04-30,48,RJ,1500.0,paid_search
1307,2023-03-11,1977-03-11,46,SP,5590.17,partner
1308,2023-07-03,1977-07-03,46,PR,14519.37,referral
1309,2026-07-19,1995-07-20,31,SP,1750.89,paid_search
1310,2023-02-17,1995-02-17,28,MG,10171.52,organic
1311,2023-07-13,1983-07-13,40,RJ,5982.61,paid_search
1312,2023-07-23,1993-07-23,30,SP,19750.67,paid_search
1313,2025-04-10,1987-04-11,38,MG,5469.66,partner
1314,2023-05-11,1988-05-11,35,RJ,5831.43,organic
1315,2024-02-29,1961-03-01,63,SP,6772.1,organic
1316,2025-07-04,1993-07-04,32,PR,2639.2,paid_search
1317,2026-08-29,1980-08-29,46,RS,5009.57,paid_search
1318,2025-05-16,1974-05-17,51,CE,6531.99,referral
1319,2025-11-29,1979-11-30,46,RJ,2396.25,referral
1320,2025-12-06,1993-12-06,32,RS,4266.46,organic
1321,2024-04-30,1980-04-30,44,RS,3449.88,paid_search
1322,2026-04-26,1987-04-27,39,SP,1649.47,organic
1323,2026-01-31,1989-01-31,37,RS,3950.84,referral
1324,2025-05-21,1976-05-21,49,CE,3240.95,referral
1325,2026-07-20,1991-07-21,35,SP,10599.15,paid_search
1326,2025-05-09,1995-05-10,30,PR,1641.45,partner
1327,2023-02-23,1977-02-23,46,SP,5495.38,partner
1328,2023-05-16,1988-05-16,35,SP,6012.86,paid_search
1329,2024-07-14,1975-07-15,49,CE,4470.37,organic
1330,2023-12-26,1985-12-26,38,RJ,11469.22,partner
1331,2023-07-15,2004-07-15,19,RS,3823.35,social_media
1332,2023-12-16,1989-12-16,34,SP,5818.19,partner
1333,2025-09-03,1995-09-04,30,BA,7592.88,paid_search
1334,2025-02-14,1993-02-14,32,MG,5172.35,paid_search
1335,2026-05-31,2000-05-31,26,RJ,2833.71,paid_search
1336,2024-07-18,1980-07-18,44,CE,5218.51,paid_search
1337,2024-09-17,1990-09-18,34,SP,4926.87,paid_search
1338,2023-07-11,1989-07-11,34,SP,4732.66,organic
1339,2025-05-18,2000-05-18,25,SP,3673.55,organic
1340,2025-12-26,2007-12-27,18,BA,2545.35,organic
1341,2023-01-15,1990-01-15,33,BA,1524.51,organic
1342,2026-05-28,2007-05-29,19,RJ,1968.25,social_media
1343,2025-11-18,1990-11-19,35,RJ,2557.2,organic
1344,2024-08-17,1983-08-18,41,SP,3557.19,partner
1345,2024-03-21,1962-03-22,62,CE,6877.86,partner
1346,2026-06-19,2001-06-19,25,PR,3490.94,social_media
1347,2023-01-11,1997-01-11,26,SP,1546.92,social_media
1348,2023-06-23,1970-06-23,53,RJ,10791.72,partner
1349,2023-01-15,1976-01-16,47,SP,4304.74,partner
1350,2024-01-09,1972-01-09,52,RJ,7087.95,referral
1351,2024-12-25,1987-12-26,37,RS,5631.02,referral
1352,2023-03-24,1987-03-24,36,SP,3861.17,organic
1353,2023-11-25,2000-11-25,23,CE,3501.02,organic
1354,2023-09-18,2005-09-18,18,SP,3363.13,paid_search
1355,2023-09-27,1981-09-27,42,PE,2322.62,paid_search
1356,2023-04-17,1982-04-17,41,BA,7178.24,referral
1357,2024-07-31,2006-08-01,18,SP,1577.76,social_media
1358,2024-07-29,1985-07-30,39,PR,1500.0,paid_search
1359,2025-08-28,1993-08-28,32,BA,4132.11,paid_search
1360,2024-04-14,2006-04-15,18,SP,2851.69,social_media
1361,2023-10-27,2000-10-27,23,PE,1641.37,paid_search
1362,2026-07-21,1981-07-21,45,CE,2975.01,organic
1363,2025-11-10,1991-11-11,34,PE,5662.01,organic
1364,2024-01-08,1985-01-08,39,PE,2589.27,organic
1365,2025-06-01,1976-06-01,49,SP,4112.66,organic
1366,2026-02-04,1962-02-04,64,PR,3331.08,partner
1367,2026-04-21,2000-04-21,26,MG,2316.03,social_media
1368,2023-09-25,1988-09-25,35,MG,4796.67,paid_search
1369,2024-01-31,1994-01-31,30,PE,4302.77,partner
1370,2024-02-18,2006-02-18,18,RJ,2179.54,paid_search
1371,2026-02-01,1995-02-02,31,BA,9128.88,referral
1372,2025-01-19,2007-01-20,18,RJ,1524.97,organic
1373,2023-02-14,1981-02-14,42,CE,4668.59,organic
1374,2023-12-05,1977-12-05,46,RJ,5069.46,partner
1375,2025-03-31,1994-04-01,31,PE,4867.69,organic
1376,2025-11-16,1993-11-16,32,RJ,6463.18,referral
1377,2024-03-27,1989-03-28,35,PE,2338.22,referral
1378,2023-03-22,1976-03-22,47,MG,9425.5,paid_search
1379,2024-07-07,1984-07-07,40,CE,1500.0,referral
1380,2024-10-26,1989-10-27,35,PE,6874.55,paid_search
1381,2025-04-16,1979-04-17,46,CE,2856.2,referral
1382,2023-12-28,1991-12-28,32,SP,5611.42,partner
1383,2026-09-01,1989-09-01,37,MG,2570.05,referral
1384,2024-07-04,1970-07-05,54,SP,13959.15,partner
1385,2023-11-15,2004-11-15,19,RJ,1667.28,paid_search
1386,2024-01-07,1980-01-07,44,RJ,7179.31,partner
1387,2024-01-05,1988-01-05,36,SP,2521.65,paid_search
1388,2023-05-23,1987-05-23,36,SP,3794.12,partner
1389,2023-07-25,1987-07-25,36,BA,3812.55,organic
1390,2026-08-12,1995-08-13,31,CE,6653.89,organic
1391,2023-08-06,2005-08-06,18,RS,5241.8,paid_search
1392,2023-11-13,1991-11-13,32,SP,4379.85,organic
1393,2023-02-13,1983-02-13,40,SP,4946.67,paid_search
1394,2023-01-03,1990-01-03,33,RS,1777.2,paid_search
1395,2024-12-24,1991-12-25,33,RS,1500.23,organic
1396,2025-10-04,1995-10-05,30,SP,8300.94,referral
1397,2023-08-31,2003-08-31,20,PE,3044.48,social_media
1398,2025-05-20,1967-05-21,58,SP,7267.92,partner
1399,2024-12-14,1980-12-14,44,RJ,4028.99,organic
1400,2023-01-05,1992-01-06,31,RS,2649.39,partner
1401,2025-09-06,1985-09-06,40,RJ,6042.87,referral
1402,2023-09-19,1991-09-19,32,SP,3462.46,partner
1403,2025-09-12,1992-09-12,33,PR,1757.6,paid_search
1404,2025-02-23,1999-02-24,26,SP,3736.02,organic
1405,2026-01-03,1983-01-04,43,MG,3950.55,paid_search
1406,2023-06-28,1996-06-28,27,SP,1903.15,social_media
1407,2024-08-26,2006-08-27,18,MG,7062.24,social_media
1408,2024-04-04,1981-04-05,43,PE,6697.11,organic
1409,2025-05-19,2000-05-19,25,BA,3182.7,social_media
1410,2023-01-26,1972-01-27,51,MG,7689.81,referral
1411,2025-08-20,1988-08-20,37,BA,3112.59,referral
1412,2025-06-28,2007-06-29,18,PR,4347.58,social_media
1413,2023-05-03,1983-05-03,40,BA,4615.8,partner
1414,2025-07-19,1990-07-20,35,MG,4328.61,partner
1415,2023-11-18,1986-11-18,37,SP,3965.14,partner
1416,2024-01-12,1981-01-12,43,PR,4470.53,partner
1417,2025-02-18,1976-02-19,49,MG,3613.34,organic
1418,2025-01-12,1969-01-12,56,MG,3409.58,referral
1419,2024-03-09,2003-03-10,21,SP,4008.46,social_media
1420,2024-05-07,1998-05-08,26,SP,5140.62,social_media
1421,2023-04-09,1997-04-09,26,PE,3061.17,paid_search
1422,2025-10-21,1961-10-21,64,SP,15539.83,referral
1423,2023-07-19,1998-07-19,25,RJ,3737.05,social_media
1424,2026-04-17,1966-04-17,60,PR,4840.55,referral
1425,2024-08-17,1977-08-18,47,PE,3529.53,paid_search
1426,2023-11-26,1970-11-26,53,CE,6676.82,organic
1427,2026-08-27,2008-08-27,18,RJ,1920.41,organic
1428,2025-06-01,1990-06-02,35,PE,8577.92,paid_search
1429,2024-03-03,1970-03-04,54,CE,8091.37,referral
1430,2025-10-18,1988-10-18,37,PE,2724.0,referral
1431,2024-12-24,1980-12-24,44,PR,3015.92,referral
1432,2025-06-24,1983-06-25,42,MG,3093.63,partner
1433,2023-03-23,1992-03-23,31,SP,5970.7,partner
1434,2025-01-21,1980-01-22,45,RJ,5907.03,organic
1435,2025-04-26,1997-04-26,28,RS,6367.0,organic
1436,2023-04-27,1986-04-27,37,BA,1500.0,organic
1437,2023-11-13,1980-11-13,43,SP,4274.24,partner
1438,2025-08-04,1995-08-05,30,BA,2985.45,partner
1439,2023-08-12,1969-08-12,54,RS,3431.37,partner
1440,2024-12-02,1977-12-03,47,CE,4787.68,partner
1441,2023-08-23,1986-08-23,37,SP,4056.09,referral
1442,2026-03-09,1985-03-09,41,PE,5511.85,referral
1443,2025-05-30,1979-05-31,46,SP,4460.79,paid_search
1444,2023-06-21,1987-06-21,36,SP,3383.94,partner
1445,2025-05-09,2005-05-09,20,SP,6373.1,paid_search
1446,2023-12-03,1988-12-03,35,SP,10341.46,paid_search
1447,2025-06-13,1999-06-14,26,SP,4190.54,organic
1448,2026-03-30,1974-03-30,52,MG,7598.64,referral
1449,2025-07-28,1975-07-29,50,SP,13072.64,partner
1450,2025-12-02,1993-12-02,32,BA,11261.78,organic
1451,2023-03-16,1979-03-16,44,RJ,5123.31,partner
1452,2024-03-18,1954-03-19,70,SP,6934.72,partner
1453,2023-02-03,1989-02-03,34,PR,1960.88,partner
1454,2025-04-27,1978-04-28,47,SP,3600.05,referral
1455,2023-08-21,1974-08-21,49,SP,5484.36,partner
1456,2025-02-20,1993-02-20,32,SP,6887.41,referral
1457,2026-06-24,1964-06-24,62,PE,11731.19,organic
1458,2023-07-24,1995-07-24,28,MG,3949.78,organic
1459,2024-08-16,1982-08-17,42,PR,5011.7,partner
1460,2023-09-12,1992-09-12,31,SP,7136.61,partner
1461,2023-01-16,1966-01-16,57,RJ,2788.51,partner
1462,2025-04-29,1995-04-30,30,BA,4313.41,referral
1463,2024-11-17,1979-11-18,45,RJ,5384.37,partner
1464,2023-04-16,1972-04-16,51,PR,5766.83,organic
1465,2025-03-10,1980-03-10,45,RS,5057.36,organic
1466,2023-09-16,1987-09-16,36,RJ,8163.33,referral
1467,2026-02-06,1983-02-07,43,PE,6636.71,organic
1468,2026-03-17,1980-03-17,46,SP,6608.15,partner
1469,2026-07-23,1996-07-23,30,SP,7162.36,paid_search
1470,2025-02-13,1996-02-14,29,PR,4939.56,social_media
1471,2026-07-08,1954-07-08,72,RS,4146.68,partner
1472,2024-01-05,1981-01-05,43,PE,4735.87,paid_search
1473,2025-03-11,1970-03-12,55,SP,5299.82,referral
1474,2025-05-09,1975-05-10,50,SP,7658.97,referral
1475,2024-01-01,1996-01-01,28,RS,2130.36,paid_search
1476,2025-09-18,2002-09-19,23,CE,3689.13,social_media
1477,2024-01-30,1998-01-30,26,RJ,5297.15,paid_search
1478,2023-08-24,1995-08-24,28,RS,2285.64,social_media
1479,2023-07-08,1994-07-08,29,SP,6499.62,organic
1480,2025-03-30,1975-03-31,50,RS,3773.37,organic
1481,2024-07-29,1981-07-30,43,PR,5325.38,paid_search
1482,2025-09-26,1989-09-26,36,RJ,3800.68,referral
1483,2024-10-14,1998-10-15,26,RJ,4198.86,organic
1484,2023-05-12,1997-05-12,26,RJ,2444.29,organic
1485,2026-08-14,1974-08-14,52,SP,4865.6,referral
1486,2023-05-29,1990-05-29,33,SP,3581.56,referral
1487,2023-09-08,1967-09-08,56,BA,2813.55,partner
1488,2024-04-21,1985-04-22,39,MG,3377.67,paid_search
1489,2023-07-30,2003-07-30,20,CE,8904.94,organic
1490,2026-08-16,1996-08-16,30,RJ,5887.59,referral
1491,2024-02-10,1979-02-10,45,RJ,11718.29,organic
1492,2025-07-16,1967-07-17,58,SP,4255.45,organic
1493,2023-02-13,1989-02-13,34,RS,1500.0,partner
1494,2023-03-17,1969-03-17,54,RS,6384.81,referral
1495,2025-04-30,1989-04-30,36,BA,3459.79,referral
1496,2025-10-08,1997-10-08,28,MG,2702.31,paid_search
1497,2025-10-07,1969-10-07,56,SP,3958.45,referral
1498,2024-04-03,2006-04-04,18,PE,1829.77,paid_search
1499,2024-04-08,1983-04-09,41,RS,1500.0,organic
1500,2023-04-18,1979-04-18,44,SP,6731.25,referral
1501,2023-06-03,1987-06-03,36,PR,2889.42,paid_search
1502,2026-04-09,1970-04-09,56,RJ,12589.47,partner
1503,2023-09-08,1994-09-08,29,RJ,3884.61,organic
1504,2025-09-15,1989-09-15,36,SP,3086.47,organic
1505,2024-12-23,2006-12-24,18,MG,4449.52,social_media
1506,2023-06-03,1994-06-03,29,CE,2752.33,social_media
1507,2026-04-24,1987-04-25,39,SP,12977.08,organic
1508,2023-09-24,2000-09-24,23,SP,7795.96,paid_search
1509,2024-01-20,1975-01-20,49,BA,15430.37,organic
1510,2023-10-29,1980-10-29,43,RJ,1899.41,referral
1511,2023-02-28,2000-02-29,23,SP,1500.0,paid_search
1512,2025-06-02,1985-06-02,40,SP,3817.71,referral
1513,2023-04-19,1996-04-19,27,PE,1500.0,social_media
1514,2024-08-25,1982-08-26,42,SP,2980.64,partner
1515,2025-11-28,2004-11-28,21,MG,2674.14,social_media
1516,2024-07-18,1979-07-19,45,SP,7573.74,partner
1517,2025-03-15,1972-03-15,53,RS,3984.41,referral
1518,2024-12-12,1975-12-13,49,MG,6921.55,organic
1519,2023-07-13,1975-07-13,48,MG,6413.75,organic
1520,2023-12-08,1961-12-08,62,SP,2278.98,partner
1521,2023-02-12,1981-02-12,42,PE,16566.48,referral
1522,2025-08-28,1979-08-29,46,MG,4881.3,organic
1523,2023-04-03,1979-04-03,44,CE,10014.6,paid_search
1524,2023-10-28,2000-10-28,23,PR,2568.4,paid_search
1525,2026-01-22,1989-01-22,37,SP,2039.51,referral
1526,2025-11-26,1974-11-27,51,PR,5877.94,organic
1527,2025-11-29,1988-11-29,37,CE,12970.71,paid_search
1528,2025-01-01,1990-01-02,35,RJ,1556.8,partner
1529,2025-01-06,1986-01-07,39,RS,3942.84,referral
1530,2026-07-07,1984-07-07,42,BA,9953.8,paid_search
1531,2024-06-27,1977-06-28,47,SP,26841.3,referral
1532,2024-09-25,1992-09-25,32,SP,5421.43,organic
1533,2025-06-06,1983-06-07,42,PR,3954.36,organic
1534,2025-10-18,2002-10-19,23,RS,1500.0,organic
1535,2024-08-16,1999-08-17,25,SP,1500.0,social_media
1536,2025-07-18,2000-07-18,25,PE,2137.16,social_media
1537,2025-09-27,1992-09-27,33,BA,3370.99,paid_search
1538,2023-06-26,1974-06-26,49,BA,1500.0,partner
1539,2026-04-13,1980-04-13,46,PE,8976.14,partner
1540,2025-05-15,1992-05-15,33,SP,12227.01,paid_search
1541,2026-02-28,2008-02-29,18,PR,2110.68,social_media
1542,2024-09-08,1977-09-09,47,SP,4780.13,partner
1543,2023-07-16,1977-07-16,46,SP,4685.8,partner
1544,2025-04-20,1978-04-21,47,RJ,6784.62,paid_search
1545,2026-06-13,1971-06-14,55,MG,3897.11,organic
1546,2024-08-23,1998-08-24,26,PE,5645.31,organic
1547,2023-01-13,2005-01-13,18,RJ,1500.0,paid_search
1548,2026-03-04,1984-03-04,42,RJ,3923.24,organic
1549,2024-02-24,2002-02-24,22,CE,4172.64,organic
1550,2024-09-28,1988-09-28,36,BA,5112.68,organic
1551,2023-01-01,1971-01-01,52,RJ,3979.65,referral
1552,2025-11-01,1967-11-02,58,RJ,7438.27,organic
1553,2025-06-18,1977-06-18,48,RJ,6033.23,paid_search
1554,2023-12-16,1998-12-16,25,RJ,4784.1,paid_search
1555,2024-08-16,1988-08-16,36,MG,3611.35,partner
1556,2023-08-08,1980-08-08,43,RJ,6981.42,referral
1557,2025-07-25,1979-07-26,46,MG,6637.02,referral
1558,2023-10-13,1977-10-13,46,RJ,6813.7,paid_search
1559,2025-01-02,2007-01-03,18,SP,7848.05,organic
1560,2023-05-09,1986-05-09,37,SP,1557.79,referral
1561,2025-07-30,1992-07-30,33,SP,6160.06,partner
1562,2023-05-20,2005-05-20,18,RS,4168.05,paid_search
1563,2026-05-25,1997-05-25,29,RS,7159.99,social_media
1564,2024-10-25,2000-10-25,24,MG,4445.8,paid_search
1565,2023-05-19,1963-05-19,60,SP,13619.68,referral
1566,2024-04-29,1980-04-29,44,PE,7671.93,referral
1567,2026-05-27,1990-05-27,36,SP,2093.57,paid_search
1568,2026-07-29,1991-07-30,35,MG,2843.82,partner
1569,2024-08-08,1983-08-09,41,RJ,5359.42,organic
1570,2026-04-07,1969-04-07,57,PE,9441.33,partner
1571,2024-01-15,1999-01-15,25,BA,3834.8,social_media
1572,2026-03-14,2008-03-14,18,PR,3284.46,organic
1573,2023-10-10,1981-10-10,42,MG,11533.53,paid_search
1574,2025-11-25,2000-11-25,25,SP,2219.33,organic
1575,2026-01-12,1993-01-12,33,CE,7470.17,referral
1576,2023-05-20,1978-05-20,45,RS,2987.9,paid_search
1577,2025-11-26,1975-11-27,50,SP,2438.88,partner
1578,2026-08-30,1994-08-30,32,PE,3288.1,referral
1579,2023-05-02,1976-05-02,47,BA,8354.56,organic
1580,2026-02-28,1977-02-28,49,RS,12538.25,organic
1581,2024-12-09,1957-12-10,67,MG,7054.34,organic
1582,2025-09-07,1991-09-08,34,CE,3313.66,organic
1583,2025-10-14,2005-10-14,20,RJ,1500.0,social_media
1584,2023-02-13,1986-02-13,37,CE,1989.87,partner
1585,2023-02-07,1989-02-07,34,PR,6033.45,partner
1586,2026-01-30,1990-01-30,36,SP,2343.22,referral
1587,2024-12-21,1982-12-22,42,PE,2414.11,paid_search
1588,2025-04-25,1975-04-26,50,BA,3253.56,referral
1589,2024-10-05,1997-10-06,27,SP,2220.57,paid_search
1590,2023-09-08,1971-09-08,52,MG,1904.6,partner
1591,2024-03-27,1996-03-27,28,SP,5810.47,social_media
1592,2025-12-14,1984-12-14,41,RS,3103.19,organic
1593,2023-04-21,1993-04-21,30,CE,3938.85,paid_search
1594,2025-12-02,1977-12-02,48,SP,6964.38,referral
1595,2023-10-18,1977-10-18,46,RJ,2793.23,referral
1596,2023-06-23,1984-06-23,39,PE,8209.96,organic
1597,2025-02-22,1990-02-23,35,SP,2429.44,organic
1598,2024-09-16,1984-09-16,40,PE,1724.65,referral
1599,2026-04-25,1988-04-25,38,BA,11374.38,organic
1600,2023-08-12,1983-08-12,40,MG,4894.72,referral
1601,2023-11-29,1972-11-29,51,CE,2583.0,partner
1602,2023-06-25,1989-06-25,34,CE,6304.03,partner
1603,2023-03-21,1994-03-21,29,MG,18234.32,organic
1604,2023-01-26,1993-01-26,30,SP,4437.29,referral
1605,2024-01-02,1989-01-02,35,PE,2045.12,paid_search
1606,2025-04-16,1987-04-17,38,PE,8363.71,referral
1607,2023-05-12,1994-05-12,29,PR,2413.63,social_media
1608,2026-07-14,1985-07-14,41,SP,14150.74,paid_search
1609,2023-08-23,1990-08-23,33,RJ,3820.23,paid_search
1610,2023-05-05,1992-05-05,31,CE,8879.84,organic
1611,2026-05-14,1988-05-14,38,RJ,2204.65,partner
1612,2023-05-27,1980-05-27,43,MG,7507.54,referral
1613,2026-05-28,1986-05-28,40,SP,6181.72,referral
1614,2026-06-27,1999-06-28,27,PE,3155.31,social_media
1615,2026-04-25,1972-04-25,54,PR,5723.0,organic
1616,2026-04-05,1986-04-05,40,BA,9536.01,organic
1617,2023-11-04,2005-11-04,18,PE,1853.11,organic
1618,2026-07-14,1960-07-14,66,MG,4491.61,organic
1619,2023-04-16,1999-04-16,24,RJ,2880.33,organic
1620,2024-08-23,1997-08-24,27,RS,1588.71,paid_search
1621,2024-04-17,2006-04-18,18,PE,1500.0,paid_search
1622,2025-01-11,1982-01-12,43,PE,5113.18,referral
1623,2026-08-31,1997-08-31,29,PR,6736.76,organic
1624,2024-06-17,1986-06-18,38,PR,3723.79,partner
1625,2025-05-12,1994-05-13,31,RJ,6624.68,paid_search
1626,2025-07-18,1988-07-18,37,PE,2601.92,partner
1627,2023-07-26,1983-07-26,40,RJ,3579.6,paid_search
1628,2024-08-23,1984-08-23,40,PE,5880.65,organic
1629,2023-06-01,1986-06-01,37,RJ,3727.27,partner
1630,2024-08-15,1998-08-16,26,BA,8143.04,organic
1631,2026-04-22,1964-04-22,62,PE,16121.95,partner
1632,2026-08-22,2003-08-23,23,RJ,2860.11,organic
1633,2026-04-19,1992-04-19,34,SP,4209.36,partner
1634,2024-08-07,1966-08-08,58,SP,4525.18,referral
1635,2023-03-27,1978-03-27,45,CE,2637.77,referral
1636,2023-07-23,2003-07-23,20,SP,2096.86,paid_search
1637,2025-06-17,1986-06-18,39,CE,2420.97,organic
1638,2024-04-19,1979-04-20,45,BA,3075.13,paid_search
1639,2023-02-26,1988-02-27,35,RS,4513.64,partner
1640,2023-02-22,1987-02-22,36,SP,3804.58,paid_search
1641,2025-07-18,1989-07-18,36,BA,8257.8,partner
1642,2025-10-07,1982-10-08,43,SP,6260.7,referral
1643,2023-06-11,1986-06-11,37,PE,2597.47,partner
1644,2026-07-15,1997-07-15,29,BA,4770.64,organic
1645,2024-10-06,1984-10-06,40,PE,7149.73,paid_search
1646,2026-02-17,1991-02-18,35,BA,2361.8,paid_search
1647,2024-02-05,1987-02-05,37,PR,6179.58,paid_search
1648,2026-07-24,1982-07-24,44,RS,1767.85,paid_search
1649,2023-12-31,1968-12-31,55,MG,6559.93,partner
1650,2025-09-18,1983-09-19,42,RJ,6625.84,partner
1651,2026-05-09,1997-05-09,29,PE,5693.89,paid_search
1652,2024-10-28,1976-10-28,48,SP,4624.8,referral
1653,2023-08-21,1992-08-21,31,SP,10385.09,paid_search
1654,2023-03-01,1976-03-01,47,SP,5383.68,partner
1655,2023-05-05,1995-05-05,28,BA,2404.55,paid_search
1656,2025-03-27,1992-03-27,33,SP,1714.8,paid_search
1657,2024-11-26,1989-11-27,35,RJ,5087.4,organic
1658,2026-06-10,1991-06-11,35,MG,1876.39,organic
1659,2025-02-15,1972-02-16,53,RS,9944.36,organic
1660,2023-04-11,1975-04-11,48,RJ,4255.56,paid_search
1661,2026-01-02,2004-01-03,22,SP,2017.43,paid_search
1662,2024-03-17,1975-03-18,49,MG,5429.71,partner
1663,2023-03-28,1980-03-28,43,SP,6937.68,referral
1664,2023-09-11,1977-09-11,46,PR,4021.29,referral
1665,2023-06-23,1973-06-23,50,BA,8967.79,referral
1666,2023-07-15,1979-07-15,44,BA,7033.91,referral
1667,2024-10-24,2004-10-24,20,SP,3243.95,organic
1668,2026-03-26,1980-03-26,46,RJ,3913.67,partner
1669,2026-02-22,1990-02-22,36,BA,4408.18,partner
1670,2025-03-17,1978-03-18,47,CE,12946.28,partner
1671,2024-04-03,1989-04-04,35,PR,3874.87,organic
1672,2026-08-09,1990-08-09,36,SP,1618.82,organic
1673,2023-07-15,1993-07-15,30,CE,4442.63,partner
1674,2026-06-16,1992-06-16,34,PR,4927.39,paid_search
1675,2023-05-01,1985-05-01,38,SP,3680.86,referral
1676,2026-03-03,1998-03-03,28,MG,6541.91,social_media
1677,2026-02-25,1984-02-26,42,SP,5944.87,partner
1678,2025-11-19,2002-11-20,23,MG,9021.56,social_media
1679,2025-05-21,1991-05-22,34,BA,1500.0,paid_search
1680,2024-02-09,1998-02-09,26,RJ,3422.3,organic
1681,2025-09-24,1972-09-24,53,SP,9203.93,partner
1682,2026-06-13,1970-06-13,56,RS,6015.55,partner
1683,2025-12-07,1996-12-07,29,CE,2818.19,paid_search
1684,2025-08-05,2007-08-06,18,SP,1644.72,social_media
1685,2023-12-03,2005-12-03,18,PE,2963.73,social_media
1686,2023-01-12,1989-01-12,34,SP,1500.0,partner
1687,2024-11-08,1973-11-09,51,MG,9607.14,referral
1688,2024-01-30,1977-01-30,47,SP,5689.75,partner
1689,2024-06-05,2002-06-06,22,SP,3914.79,social_media
1690,2024-07-27,1993-07-28,31,SP,4376.35,partner
1691,2024-11-07,2006-11-08,18,MG,12206.65,social_media
1692,2023-12-11,1996-12-11,27,PE,2685.78,organic
1693,2023-10-28,1977-10-28,46,PE,4289.08,referral
1694,2025-10-21,1977-10-21,48,PR,3272.49,partner
1695,2025-08-29,2002-08-30,23,SP,1500.0,social_media
1696,2023-12-07,1967-12-07,56,CE,18269.14,partner
1697,2026-02-21,2006-02-21,20,SP,4113.32,paid_search
1698,2025-08-12,1981-08-12,44,PR,3675.4,paid_search
1699,2025-02-22,2007-02-23,18,CE,2009.52,social_media
1700,2023-01-12,1966-01-12,57,MG,13291.64,referral
1701,2026-05-27,1991-05-28,35,MG,5744.76,organic
1702,2026-03-17,1971-03-18,55,PR,5396.7,organic
1703,2026-01-22,1987-01-23,39,PE,7331.4,paid_search
1704,2023-09-27,1989-09-27,34,PE,6265.49,partner
1705,2026-07-29,1991-07-30,35,RS,1500.0,organic
1706,2024-11-12,1997-11-13,27,PR,6453.69,organic
1707,2023-12-13,1972-12-13,51,CE,6979.84,partner
1708,2025-05-02,1996-05-02,29,PR,4748.96,organic
1709,2023-10-30,1986-10-30,37,RJ,3312.8,partner
1710,2023-12-21,1990-12-21,33,MG,2685.85,organic
1711,2024-11-30,2006-12-01,18,PE,5552.03,social_media
1712,2024-01-16,1982-01-16,42,SP,5391.48,paid_search
1713,2023-01-22,1983-01-22,40,PE,6249.64,paid_search
1714,2023-09-29,1974-09-29,49,SP,4318.04,referral
1715,2023-10-15,1997-10-15,26,PR,2807.73,paid_search
1716,2024-06-15,1991-06-16,33,BA,2599.21,referral
1717,2024-12-15,1984-12-15,40,PR,5801.66,partner
1718,2023-11-15,2000-11-15,23,RJ,1500.0,paid_search
1719,2026-08-16,1981-08-16,45,SP,7413.98,referral
1720,2023-07-05,2005-07-05,18,RJ,2241.07,paid_search
1721,2023-03-06,1973-03-06,50,MG,4956.81,partner
1722,2025-02-01,1994-02-02,31,MG,21150.91,referral
1723,2023-08-03,2002-08-03,21,PE,3063.85,organic
1724,2023-07-25,2003-07-25,20,SP,2855.39,organic
1725,2024-01-17,1986-01-17,38,MG,6140.47,partner
1726,2025-08-27,2000-08-27,25,PR,2464.54,paid_search
1727,2025-09-15,1992-09-15,33,CE,9652.31,partner
1728,2025-05-22,1997-05-22,28,PR,8462.37,social_media
1729,2023-12-02,2005-12-02,18,RS,4418.39,paid_search
1730,2023-04-21,1988-04-21,35,CE,1859.45,referral
1731,2025-07-28,1998-07-29,27,MG,2632.11,paid_search
1732,2023-06-14,1977-06-14,46,SP,9534.99,paid_search
1733,2023-11-12,1995-11-12,28,SP,3744.35,paid_search
1734,2026-01-31,2008-02-01,18,BA,9169.12,organic
1735,2024-05-12,1986-05-13,38,SP,6123.31,referral
1736,2024-08-02,1992-08-02,32,PR,6221.14,partner
1737,2025-12-29,1975-12-30,50,BA,5829.68,organic
1738,2023-12-31,1979-12-31,44,PR,3946.64,organic
1739,2026-06-04,1998-06-04,28,PE,2226.01,social_media
1740,2024-03-08,1994-03-09,30,SP,2025.64,paid_search
1741,2025-05-21,1981-05-21,44,BA,4711.31,partner
1742,2024-01-03,1978-01-03,46,SP,15388.59,partner
1743,2023-06-19,1997-06-19,26,MG,2259.57,social_media
1744,2024-10-15,1970-10-16,54,SP,5565.85,referral
1745,2025-09-22,1998-09-23,27,RJ,1720.82,organic
1746,2026-07-22,2003-07-23,23,PE,3614.86,organic
1747,2024-11-17,1969-11-18,55,PE,3098.03,partner
1748,2023-06-13,2005-06-13,18,SP,3682.14,organic
1749,2025-07-20,2000-07-20,25,PE,7462.73,social_media
1750,2026-05-12,1983-05-13,43,BA,3253.26,referral
1751,2023-02-18,1993-02-18,30,SP,1917.37,organic
1752,2026-05-05,1990-05-05,36,PE,7255.25,partner
1753,2024-05-24,1980-05-24,44,SP,2350.97,referral
1754,2024-12-08,1973-12-09,51,CE,6803.82,organic
1755,2025-12-08,1991-12-09,34,SP,14484.19,organic
1756,2025-02-21,1989-02-21,36,RJ,6189.26,referral
1757,2025-05-15,1994-05-16,31,BA,9851.34,organic
1758,2025-06-06,1983-06-07,42,CE,9546.65,referral
1759,2026-06-14,2008-06-14,18,SP,5363.37,paid_search
1760,2024-03-16,1989-03-17,35,PR,3327.47,paid_search
1761,2024-07-20,1990-07-21,34,SP,2679.85,organic
1762,2025-04-13,1988-04-13,37,SP,10309.62,referral
1763,2024-06-30,2006-07-01,18,MG,1921.13,organic
1764,2024-10-26,1982-10-27,42,SP,7196.37,partner
1765,2026-04-19,2003-04-20,23,MG,3382.42,paid_search
1766,2024-11-28,1979-11-29,45,SP,7248.14,partner
1767,2024-03-07,1994-03-08,30,SP,2979.76,organic
1768,2026-07-17,1990-07-17,36,RJ,7501.88,referral
1769,2024-08-20,1986-08-21,38,RJ,1908.45,referral
1770,2026-03-02,2002-03-02,24,RJ,3595.03,organic
1771,2023-09-27,2005-09-27,18,SP,2862.76,social_media
1772,2026-03-14,1968-03-14,58,SP,6150.22,referral
1773,2025-05-06,1980-05-06,45,PR,7305.34,referral
1774,2025-10-25,1993-10-25,32,RJ,1874.59,partner
1775,2025-08-08,1994-08-09,31,SP,7703.84,organic
1776,2025-12-26,1961-12-26,64,PR,13271.17,organic
1777,2023-07-21,1998-07-21,25,CE,2870.17,organic
1778,2024-04-04,1975-04-05,49,SP,7535.91,organic
1779,2024-10-27,1992-10-27,32,MG,6715.84,paid_search
1780,2023-11-27,1990-11-27,33,RJ,5652.76,partner
1781,2024-02-14,1991-02-14,33,RS,2388.35,paid_search
1782,2026-05-20,1980-05-20,46,RJ,3591.72,partner
1783,2025-10-21,2001-10-21,24,PR,1500.0,social_media
1784,2023-01-15,2002-01-15,21,BA,4743.97,organic
1785,2025-08-20,1985-08-20,40,SP,1927.82,organic
1786,2026-05-28,1992-05-28,34,MG,4395.54,partner
1787,2023-05-03,1989-05-03,34,PR,6547.64,partner
1788,2025-05-27,1976-05-27,49,PR,9668.94,organic
1789,2023-12-13,1997-12-13,26,SP,2255.31,paid_search
1790,2023-07-18,1972-07-18,51,SP,7600.27,organic
1791,2025-10-03,1987-10-04,38,SP,5992.85,partner
1792,2024-06-12,2006-06-13,18,MG,4928.69,social_media
1793,2025-12-04,1990-12-05,35,SP,3522.81,paid_search
1794,2026-03-08,1980-03-08,46,MG,4739.77,referral
1795,2023-11-13,1986-11-13,37,SP,3123.66,paid_search
1796,2023-02-27,2004-02-28,19,RS,3693.47,social_media
1797,2024-06-15,1996-06-15,28,RS,4010.57,social_media
1798,2024-12-05,1976-12-05,48,MG,6080.49,referral
1799,2025-02-13,1978-02-14,47,SP,5180.66,partner
1800,2023-01-30,1996-01-31,27,BA,2143.21,social_media
1801,2024-04-04,1977-04-05,47,BA,3082.81,partner
1802,2025-07-29,1974-07-30,51,MG,21322.24,organic
1803,2024-04-12,1987-04-13,37,PE,4466.56,organic
1804,2023-04-25,1997-04-25,26,RJ,3879.45,organic
1805,2024-01-10,1993-01-10,31,SP,5812.7,organic
1806,2026-06-01,2005-06-01,21,SP,1500.0,organic
1807,2023-05-11,1980-05-11,43,SP,3210.86,partner
1808,2025-08-08,1991-08-09,34,PE,5850.98,partner
1809,2023-08-27,1998-08-27,25,PE,4652.23,paid_search
1810,2026-03-11,1984-03-11,42,PE,2205.17,partner
1811,2026-08-09,1981-08-09,45,MG,9454.76,partner
1812,2026-07-16,1968-07-16,58,SP,5768.45,organic
1813,2024-09-05,1988-09-05,36,SP,6301.83,partner
1814,2023-08-17,1971-08-17,52,CE,13023.58,partner
1815,2025-11-09,1995-11-10,30,PE,3617.05,partner
1816,2024-12-02,1985-12-03,39,MG,4766.08,organic
1817,2024-04-19,1983-04-20,41,SP,4825.41,referral
1818,2026-06-02,1975-06-03,51,SP,6833.01,referral
1819,2025-03-22,1982-03-23,43,MG,18428.69,referral
1820,2024-04-13,2006-04-14,18,CE,2683.81,paid_search
1821,2025-01-29,1981-01-29,44,SP,7656.73,partner
1822,2026-02-27,1980-02-28,46,SP,3464.75,partner
1823,2023-04-24,1975-04-24,48,PR,1762.44,referral
1824,2025-02-03,1990-02-04,35,PE,3810.57,paid_search
1825,2024-03-16,1996-03-16,28,SP,28523.85,social_media
1826,2025-03-09,1996-03-09,29,BA,8950.1,paid_search
1827,2026-05-27,1992-05-27,34,PE,2986.69,partner
1828,2024-08-05,1989-08-06,35,PE,1925.31,partner
1829,2023-11-07,1974-11-07,49,MG,5756.68,referral
1830,2026-03-18,2000-03-18,26,MG,5460.35,paid_search
1831,2023-02-14,1972-02-15,51,RS,11543.27,partner
1832,2025-07-02,1972-07-02,53,BA,3491.02,referral
1833,2025-08-01,1993-08-01,32,CE,2203.61,organic
1834,2023-10-15,1979-10-15,44,PE,4156.98,partner
1835,2023-04-09,1983-04-09,40,CE,3408.16,organic
1836,2025-10-29,1991-10-30,34,RS,2882.35,referral
1837,2026-03-23,1991-03-24,35,PE,1662.27,organic
1838,2025-12-25,1984-12-25,41,SP,5117.08,partner
1839,2026-06-03,1993-06-03,33,PE,11813.94,partner
1840,2025-07-13,1994-07-14,31,RS,3280.16,referral
1841,2025-07-18,2006-07-19,19,PR,3110.73,organic
1842,2024-08-24,1990-08-25,34,PE,2587.9,referral
1843,2024-04-01,2004-04-01,20,RJ,4143.34,organic
1844,2024-12-27,1997-12-28,27,RS,6443.13,social_media
1845,2023-10-31,1983-10-31,40,PE,9039.26,paid_search
1846,2026-01-11,1981-01-11,45,SP,3394.89,referral
1847,2024-04-22,1979-04-23,45,SP,3368.99,partner
1848,2023-02-22,1989-02-22,34,RJ,11133.8,partner
1849,2023-04-11,1997-04-11,26,SP,1937.42,social_media
1850,2023-12-25,1982-12-25,41,RJ,5505.31,paid_search
1851,2024-03-05,1976-03-05,48,MG,7400.37,paid_search
1852,2024-03-06,1977-03-07,47,CE,8129.34,referral
1853,2025-11-07,1977-11-07,48,PE,8551.36,organic
1854,2024-12-27,1978-12-28,46,SP,4023.5,referral
1855,2024-04-14,1981-04-15,43,MG,3856.07,referral
1856,2026-08-18,1989-08-18,37,RS,4519.65,partner
1857,2023-03-21,1965-03-21,58,RS,7393.74,partner
1858,2023-11-19,1977-11-19,46,SP,2473.72,paid_search
1859,2024-01-07,2005-01-07,19,PR,2851.25,paid_search
1860,2026-06-27,1968-06-27,58,SP,8786.05,partner
1861,2023-03-12,1986-03-12,37,SP,5244.73,paid_search
1862,2023-11-20,1992-11-20,31,PE,3322.72,partner
1863,2023-05-16,1975-05-16,48,CE,11207.66,paid_search
1864,2026-05-20,1980-05-20,46,PR,8626.33,referral
1865,2026-01-10,1999-01-11,27,BA,3487.8,organic
1866,2024-02-06,1974-02-06,50,SP,5621.57,referral
1867,2024-04-06,1997-04-07,27,BA,2134.42,social_media
1868,2024-04-08,2003-04-09,21,SP,4855.22,organic
1869,2025-08-04,1995-08-05,30,MG,2075.92,paid_search
1870,2026-04-01,2001-04-01,25,BA,8555.18,social_media
1871,2024-01-09,1970-01-09,54,PR,3477.91,referral
1872,2026-03-17,1987-03-18,39,RJ,7143.43,partner
1873,2025-07-14,1974-07-15,51,SP,4126.47,organic
1874,2025-11-19,1988-11-19,37,RS,1500.0,referral
1875,2024-11-29,1982-11-30,42,MG,7829.94,referral
1876,2025-11-29,2000-11-29,25,SP,6137.37,social_media
1877,2026-01-17,1982-01-17,44,RJ,1986.79,referral
1878,2023-09-16,1979-09-16,44,RS,3402.93,organic
1879,2025-10-30,1978-10-31,47,RS,5086.08,paid_search
1880,2023-02-04,1965-02-04,58,SP,9656.47,referral
1881,2026-02-26,1979-02-27,47,PR,4177.58,paid_search
1882,2025-02-05,1999-02-06,26,SP,6252.72,organic
1883,2024-04-08,1975-04-09,49,SP,8569.02,partner
1884,2024-08-30,2003-08-31,21,SP,3596.46,paid_search
1885,2025-08-16,1996-08-16,29,SP,4903.19,organic
1886,2026-06-09,1971-06-10,55,MG,2695.18,referral
1887,2024-05-11,1992-05-11,32,SP,4669.62,referral
1888,2023-05-25,1981-05-25,42,SP,3259.54,paid_search
1889,2024-02-26,2003-02-26,21,PR,2786.17,organic
1890,2026-05-10,1982-05-10,44,RJ,6125.19,organic
1891,2026-01-13,1989-01-13,37,PE,3531.89,organic
1892,2025-02-20,2001-02-20,24,PR,1853.96,paid_search
1893,2026-04-13,1979-04-14,47,RS,4928.31,organic
1894,2023-07-01,1969-07-01,54,CE,7092.3,partner
1895,2024-05-09,1974-05-10,50,PR,11859.76,organic
1896,2023-08-04,1998-08-04,25,RS,1629.82,paid_search
1897,2024-05-30,1993-05-31,31,BA,2726.97,organic
1898,2023-07-27,1994-07-27,29,BA,3801.02,social_media
1899,2026-04-25,1997-04-25,29,CE,7590.62,organic
1900,2026-03-04,1985-03-04,41,SP,6050.65,partner
1901,2023-03-28,1998-03-28,25,PR,11130.39,social_media
1902,2024-05-03,1996-05-03,28,SP,3397.75,organic
1903,2023-03-23,1998-03-23,25,RS,4334.15,paid_search
1904,2026-07-10,1971-07-11,55,BA,2562.56,referral
1905,2026-03-07,1981-03-07,45,SP,3405.93,organic
1906,2025-07-24,1972-07-24,53,PR,1500.0,partner
1907,2024-12-22,1978-12-23,46,RJ,2100.77,referral
1908,2023-11-25,1987-11-25,36,SP,8070.27,referral
1909,2025-04-01,1987-04-02,38,SP,4479.17,referral
1910,2026-06-16,2008-06-16,18,RJ,2498.77,organic
1911,2023-07-05,1992-07-05,31,RJ,2405.91,referral
1912,2025-09-21,1995-09-22,30,SP,3257.53,referral
1913,2025-11-02,1992-11-02,33,BA,4462.53,organic
1914,2024-02-11,2001-02-11,23,PE,11155.45,social_media
1915,2024-11-27,1998-11-28,26,RS,2295.55,social_media
1916,2024-10-25,1989-10-26,35,CE,4042.86,paid_search
1917,2024-07-14,1978-07-15,46,BA,3581.11,paid_search
1918,2023-01-26,1984-01-27,39,SP,4402.8,paid_search
1919,2025-04-24,1982-04-25,43,SP,10588.44,partner
1920,2024-06-19,1973-06-20,51,BA,3573.99,referral
1921,2024-10-17,1991-10-18,33,BA,1500.0,paid_search
1922,2026-01-07,1990-01-07,36,MG,4540.92,paid_search
1923,2024-12-14,1990-12-15,34,MG,10786.88,organic
1924,2025-07-31,2004-07-31,21,MG,3441.94,social_media
1925,2023-02-15,2000-02-16,23,PE,1500.0,social_media
1926,2023-05-11,1991-05-11,32,BA,16112.22,organic
1927,2026-05-09,2007-05-10,19,CE,3001.72,organic
1928,2024-09-15,1985-09-16,39,SP,8106.47,partner
1929,2023-10-23,1982-10-23,41,MG,6947.58,organic
1930,2026-06-11,2008-06-11,18,PE,2950.44,social_media
1931,2024-05-24,1966-05-25,58,CE,4691.78,partner
1932,2026-03-21,1991-03-22,35,BA,11433.85,partner
1933,2025-08-29,1980-08-29,45,PE,2944.51,referral
1934,2025-10-20,1979-10-21,46,PE,3643.8,referral
1935,2026-08-18,1996-08-18,30,BA,4101.58,organic
1936,2026-02-14,1997-02-14,29,PE,3367.42,organic
1937,2023-01-26,1974-01-26,49,PE,13358.26,organic
1938,2023-12-20,1985-12-20,38,SP,5215.74,paid_search
1939,2024-12-08,1972-12-08,52,SP,4545.38,partner
1940,2023-12-30,1975-12-30,48,RJ,9101.56,organic
1941,2026-01-05,1972-01-06,54,SP,1522.07,organic
1942,2025-11-27,2001-11-27,24,SP,2184.38,social_media
1943,2026-06-09,1964-06-09,62,RS,6418.25,partner
1944,2023-08-27,1999-08-27,24,BA,2010.95,social_media
1945,2024-05-05,1973-05-06,51,PR,13676.66,organic
1946,2026-04-25,1992-04-25,34,PE,4505.35,referral
1947,2025-12-15,2005-12-15,20,RJ,7134.62,paid_search
1948,2024-10-18,1994-10-19,30,SP,5870.46,partner
1949,2025-04-07,1992-04-07,33,PE,1652.07,partner
1950,2024-09-18,1985-09-19,39,RJ,6865.03,organic
1951,2025-12-16,1984-12-16,41,PE,5092.48,referral
1952,2023-04-09,1992-04-09,31,RJ,2080.4,paid_search
1953,2024-12-21,1983-12-22,41,PR,4802.13,referral
1954,2023-04-02,1986-04-02,37,RS,2545.19,paid_search
1955,2026-03-15,1990-03-15,36,RS,1645.92,referral
1956,2023-01-10,1987-01-10,36,RS,3528.17,partner
1957,2024-04-12,2002-04-13,22,PE,2157.99,organic
1958,2024-06-12,1970-06-13,54,RS,4521.51,organic
1959,2024-09-26,1980-09-26,44,BA,2273.28,partner
1960,2025-04-27,1964-04-27,61,SP,9054.71,partner
1961,2024-06-03,2000-06-03,24,SP,5249.94,organic
1962,2024-04-01,1996-04-01,28,PE,2420.35,paid_search
1963,2023-05-17,1981-05-17,42,CE,2151.87,partner
1964,2024-08-06,1977-08-07,47,RJ,2997.97,organic
1965,2023-09-02,2005-09-02,18,SP,1730.78,social_media
1966,2025-08-18,1972-08-18,53,RJ,4744.37,organic
1967,2023-05-19,1985-05-19,38,RJ,1798.9,organic
1968,2025-10-28,1971-10-29,54,PR,3626.64,partner
1969,2023-03-31,2005-03-31,18,SP,2704.29,organic
1970,2023-04-26,1998-04-26,25,SP,2234.75,social_media
1971,2024-04-06,1983-04-07,41,MG,2857.6,organic
1972,2024-05-18,1979-05-19,45,MG,3776.8,referral
1973,2023-04-27,1982-04-27,41,RJ,6547.17,organic
1974,2023-10-21,1983-10-21,40,RS,3520.9,paid_search
1975,2026-07-10,1974-07-10,52,PE,10058.71,organic
1976,2026-08-13,1985-08-13,41,SP,6363.4,paid_search
1977,2025-10-01,1996-10-01,29,CE,2216.9,social_media
1978,2025-07-19,1995-07-20,30,RJ,3380.52,paid_search
1979,2025-03-06,1963-03-07,62,SP,3003.58,organic
1980,2026-01-13,1989-01-13,37,RS,5209.92,partner
1981,2025-05-12,1978-05-13,47,RJ,11957.66,referral
1982,2024-10-29,1995-10-30,29,BA,1764.38,social_media
1983,2024-03-20,1990-03-21,34,CE,12653.43,referral
1984,2025-08-06,2003-08-07,22,MG,5571.15,organic
1985,2024-09-20,1985-09-21,39,PE,5679.64,partner
1986,2023-04-15,1979-04-15,44,SP,1500.0,partner
1987,2025-11-25,2007-11-26,18,PE,1631.33,social_media
1988,2024-07-13,1975-07-14,49,CE,11504.79,partner
1989,2026-03-23,1987-03-24,39,SP,3553.24,paid_search
1990,2025-09-23,1995-09-24,30,SP,12629.14,organic
1991,2023-07-18,1984-07-18,39,PE,7701.75,referral
1992,2024-02-20,1991-02-20,33,BA,8257.06,organic
1993,2025-01-13,1995-01-14,30,RS,3681.11,paid_search
1994,2024-08-16,1994-08-17,30,SP,5793.21,paid_search
1995,2023-12-01,1998-12-01,25,MG,1686.48,paid_search
1996,2024-07-29,1979-07-30,45,BA,5970.88,partner
1997,2023-07-18,1985-07-18,38,SP,3857.2,organic
1998,2026-04-15,1995-04-16,31,BA,4517.61,organic
1999,2025-10-04,1973-10-04,52,RS,3789.21,referral
2000,2023-08-16,1991-08-16,32,CE,10179.92,referral
2001,2024-08-21,1994-08-22,30,PE,6777.64,organic
2002,2026-06-27,2008-06-27,18,RS,2962.23,paid_search
2003,2024-01-29,2006-01-29,18,RS,1596.79,social_media
2004,2023-04-17,1988-04-17,35,MG,5689.96,partner
2005,2024-11-22,1967-11-23,57,BA,5362.48,organic
2006,2023-03-06,1980-03-06,43,SP,1500.0,partner
2007,2025-03-06,1970-03-07,55,BA,2328.7,partner
2008,2025-04-13,1983-04-14,42,BA,2645.73,referral
2009,2026-02-05,1985-02-05,41,PE,3982.08,referral
2010,2025-11-08,1978-11-09,47,RS,7168.87,paid_search
2011,2025-02-03,1973-02-03,52,SP,12717.94,partner
2012,2026-06-18,1982-06-18,44,PE,2878.99,organic
2013,2023-04-26,1988-04-26,35,BA,6359.64,organic
2014,2023-06-12,1993-06-12,30,SP,4693.76,paid_search
2015,2025-10-11,1994-10-12,31,SP,15555.33,organic
2016,2025-06-25,1992-06-25,33,SP,2906.28,paid_search
2017,2023-09-11,1987-09-11,36,SP,1681.55,referral
2018,2026-05-16,1993-05-16,33,SP,5030.06,referral
2019,2024-12-07,1988-12-07,36,MG,8301.11,paid_search
2020,2023-05-13,2000-05-13,23,PE,3357.11,social_media
2021,2026-06-23,1988-06-23,38,BA,9395.15,organic
2022,2024-10-14,1999-10-15,25,MG,7238.95,organic
2023,2026-05-25,1990-05-25,36,SP,8241.43,partner
2024,2025-01-28,1991-01-29,34,RJ,6293.4,paid_search
2025,2024-04-12,1990-04-13,34,SP,3965.13,partner
2026,2025-08-07,1989-08-07,36,RS,4175.43,partner
2027,2025-05-09,1964-05-09,61,PR,2288.14,referral
2028,2025-03-29,1995-03-30,30,SP,2763.21,paid_search
2029,2023-11-06,1992-11-06,31,PE,3559.28,referral
2030,2024-02-10,1991-02-10,33,PE,3564.56,referral
2031,2024-04-11,1980-04-11,44,RJ,3085.84,partner
2032,2023-05-03,1970-05-03,53,SP,9238.84,referral
2033,2024-04-26,2000-04-26,24,SP,2902.28,organic
2034,2023-11-21,1987-11-21,36,SP,2615.66,organic
2035,2026-05-11,1982-05-11,44,BA,2146.05,partner
2036,2024-05-19,1979-05-20,45,SP,3880.11,referral
2037,2026-07-22,1961-07-22,65,PR,6973.96,partner
2038,2024-02-03,2003-02-03,21,RS,8010.45,organic
2039,2026-04-29,2005-04-29,21,SP,6275.1,paid_search
2040,2025-11-12,2001-11-12,24,RS,3164.38,paid_search
2041,2023-06-16,1999-06-16,24,RS,1753.68,social_media
2042,2024-07-19,1989-07-20,35,BA,2288.09,partner
2043,2024-05-20,1986-05-21,38,SP,5948.16,referral
2044,2024-10-17,1986-10-18,38,RJ,1500.0,paid_search
2045,2026-08-15,1978-08-15,48,MG,4060.79,paid_search
2046,2025-12-08,1962-12-09,63,PR,2051.38,partner
2047,2023-01-23,1988-01-24,35,SP,3782.98,paid_search
2048,2025-07-03,1980-07-03,45,MG,5636.66,referral
2049,2023-08-09,1973-08-09,50,SP,6061.68,organic
2050,2023-09-21,1991-09-21,32,SP,2928.22,paid_search
2051,2024-10-07,1981-10-08,43,PE,4324.76,paid_search
2052,2024-10-30,1997-10-31,27,MG,8107.05,paid_search
2053,2026-03-04,1988-03-04,38,RJ,9978.75,partner
2054,2023-05-11,1989-05-11,34,RS,1500.0,organic
2055,2025-01-07,1977-01-07,48,SP,8448.97,organic
2056,2025-12-10,1989-12-10,36,SP,11575.93,organic
2057,2024-02-29,1992-02-29,32,RS,2980.65,organic
2058,2023-04-18,1984-04-18,39,MG,6702.43,organic
2059,2024-03-24,1985-03-25,39,CE,2624.55,partner
2060,2026-07-23,2008-07-23,18,BA,3201.52,organic
2061,2025-04-29,1991-04-30,34,MG,2067.44,organic
2062,2024-12-16,1988-12-16,36,BA,4979.7,paid_search
2063,2025-03-24,1984-03-24,41,RS,6612.03,referral
2064,2025-11-12,1973-11-12,52,SP,21615.68,partner
2065,2024-11-16,1978-11-17,46,SP,6578.73,partner
2066,2026-05-20,1964-05-20,62,CE,12774.54,referral
2067,2024-01-14,1977-01-14,47,PE,8798.41,referral
2068,2024-03-14,1979-03-15,45,RS,8176.0,organic
2069,2026-08-19,1999-08-20,27,RS,2267.82,paid_search
2070,2023-01-26,1997-01-26,26,SP,2296.36,paid_search
2071,2025-03-06,1990-03-07,35,SP,4087.83,paid_search
2072,2023-06-09,1999-06-09,24,MG,8598.07,paid_search
2073,2023-01-01,1989-01-01,34,MG,2951.87,partner
2074,2025-02-02,1976-02-03,49,PE,4712.3,organic
2075,2023-09-03,1989-09-03,34,CE,9344.34,organic
2076,2025-09-02,1979-09-03,46,SP,3306.0,referral
2077,2024-07-07,1971-07-08,53,PE,6919.45,partner
2078,2025-02-11,1985-02-11,40,PE,4528.61,partner
2079,2023-12-25,1970-12-25,53,PE,3930.11,partner
2080,2024-02-20,1989-02-20,35,PR,2195.08,paid_search
2081,2024-04-25,1995-04-26,29,CE,1500.0,paid_search
2082,2026-02-18,2008-02-19,18,CE,3229.98,organic
2083,2023-04-07,1987-04-07,36,SP,9001.14,referral
2084,2025-01-30,1982-01-31,43,BA,5084.59,referral
2085,2025-04-13,1982-04-14,43,RJ,3828.6,partner
2086,2026-01-15,1978-01-15,48,SP,3783.8,referral
2087,2026-08-14,2008-08-14,18,RS,3436.51,organic
2088,2023-10-25,1981-10-25,42,MG,6038.75,paid_search
2089,2026-03-20,1974-03-20,52,SP,6606.52,partner
2090,2023-08-18,1969-08-18,54,CE,5977.73,organic
2091,2023-01-09,1986-01-09,37,CE,9650.26,referral
2092,2025-09-28,1972-09-28,53,PE,17423.32,organic
2093,2025-03-19,2007-03-20,18,SP,2532.0,social_media
2094,2024-04-07,1990-04-08,34,MG,3179.04,paid_search
2095,2023-01-02,1961-01-02,62,PR,5582.65,organic
2096,2024-09-19,2006-09-20,18,SP,1886.88,organic
2097,2026-07-31,1970-07-31,56,PE,1500.0,referral
2098,2023-05-18,1973-05-18,50,SP,11608.28,partner
2099,2025-04-05,1971-04-06,54,SP,4521.52,organic
2100,2026-04-22,1987-04-23,39,RS,6392.88,partner
2101,2023-03-06,1997-03-06,26,SP,3287.06,organic
2102,2023-07-20,1985-07-20,38,RJ,9496.54,partner
2103,2023-02-25,2005-02-25,18,BA,1857.37,social_media
2104,2023-06-19,1964-06-19,59,SP,14447.07,referral
2105,2025-07-20,1995-07-21,30,MG,3817.5,partner
2106,2024-03-19,1979-03-20,45,MG,6588.71,organic
2107,2025-11-02,2001-11-02,24,RJ,5071.48,organic
2108,2026-08-31,1984-08-31,42,BA,3539.2,partner
2109,2023-12-23,1977-12-23,46,SP,3591.4,organic
2110,2023-11-14,1991-11-14,32,CE,1776.63,paid_search
2111,2023-01-12,2001-01-12,22,MG,2063.56,paid_search
2112,2024-01-10,1974-01-10,50,SP,12835.95,partner
2113,2024-04-13,1991-04-14,33,CE,2604.86,paid_search
2114,2026-05-24,2008-05-24,18,MG,2966.06,organic
2115,2025-05-30,1973-05-30,52,BA,6213.79,partner
2116,2023-03-10,1984-03-10,39,SP,5027.79,organic
2117,2023-06-28,1988-06-28,35,SP,1500.0,paid_search
2118,2023-09-05,1956-09-05,67,PE,3684.85,referral
2119,2025-07-02,1996-07-02,29,MG,1803.41,organic
2120,2024-01-15,1999-01-15,25,MG,2388.3,organic
2121,2025-03-11,1983-03-12,42,PR,1500.0,organic
2122,2024-09-13,1986-09-14,38,RS,2433.92,partner
2123,2024-03-14,1977-03-15,47,MG,6238.36,paid_search
2124,2023-09-18,1979-09-18,44,RS,1500.0,organic
2125,2026-03-05,1980-03-05,46,SP,8759.29,partner
2126,2023-03-29,1971-03-29,52,RS,3998.07,referral
2127,2023-09-18,2005-09-18,18,RJ,1548.01,organic
2128,2023-11-19,1982-11-19,41,SP,4867.25,organic
2129,2025-06-05,1998-06-06,27,MG,9818.42,organic
2130,2023-03-23,1993-03-23,30,SP,3258.07,referral
2131,2024-09-13,1978-09-14,46,RS,9889.51,partner
2132,2025-03-01,2002-03-02,23,BA,8387.94,organic
2133,2026-05-24,2006-05-24,20,SP,1974.48,paid_search
2134,2025-12-27,2000-12-27,25,RJ,4432.69,paid_search
2135,2024-07-09,1975-07-10,49,SP,9846.46,paid_search
2136,2026-03-05,2000-03-05,26,SP,2225.68,paid_search
2137,2024-06-24,2001-06-25,23,SP,6180.62,organic
2138,2024-08-27,1997-08-28,27,SP,7436.36,organic
2139,2024-10-19,1983-10-20,41,RJ,3504.13,referral
2140,2024-01-10,1974-01-10,50,RS,8658.16,partner
2141,2025-09-18,1993-09-18,32,RJ,3309.53,organic
2142,2024-06-01,2006-06-02,18,SP,2472.09,paid_search
2143,2023-01-07,1965-01-07,58,SP,5253.8,organic
2144,2026-04-10,1980-04-10,46,PR,5058.93,referral
2145,2023-04-15,1969-04-15,54,RJ,2656.53,partner
2146,2023-09-02,1987-09-02,36,SP,4544.97,organic
2147,2025-05-16,1980-05-16,45,MG,2287.78,referral
2148,2024-08-05,1962-08-06,62,RJ,2862.03,organic
2149,2024-06-30,1976-06-30,48,SP,7038.45,partner
2150,2024-02-21,1991-02-21,33,MG,5054.85,referral
2151,2025-09-22,1981-09-22,44,SP,2451.58,paid_search
2152,2024-03-27,1980-03-27,44,SP,2996.28,partner
2153,2025-07-02,1986-07-03,39,PE,6720.4,partner
2154,2026-06-13,1983-06-14,43,BA,1887.73,partner
2155,2025-12-09,1989-12-09,36,RJ,3545.28,paid_search
2156,2025-02-02,1985-02-02,40,SP,5771.34,partner
2157,2024-02-29,1984-02-29,40,SP,1667.23,organic
2158,2026-02-27,1978-02-27,48,SP,7363.95,organic
2159,2025-03-07,1998-03-08,27,PE,3394.06,paid_search
2160,2023-07-03,1990-07-03,33,RJ,3375.59,referral
2161,2025-09-07,1983-09-08,42,MG,4901.23,paid_search
2162,2023-03-16,1978-03-16,45,CE,2736.51,organic
2163,2023-11-22,1970-11-22,53,PE,5024.84,partner
2164,2024-07-24,1976-07-24,48,RS,2938.91,paid_search
2165,2025-12-02,1965-12-02,60,MG,8186.05,organic
2166,2023-12-27,1976-12-27,47,SP,4760.4,paid_search
2167,2024-04-28,1956-04-28,68,MG,2098.3,organic
2168,2023-09-12,1982-09-12,41,PR,5084.4,paid_search
2169,2023-11-09,1993-11-09,30,PR,3220.04,referral
2170,2025-11-17,1989-11-17,36,PR,4399.14,partner
2171,2023-10-04,1979-10-04,44,PR,2453.66,referral
2172,2026-03-21,1977-03-21,49,PR,4787.73,organic
2173,2024-05-23,1978-05-24,46,PE,3115.74,partner
2174,2025-03-19,1974-03-20,51,MG,4771.69,organic
2175,2024-12-25,1983-12-26,41,PR,4090.47,partner
2176,2023-12-08,2001-12-08,22,RJ,3514.93,social_media
2177,2023-05-31,1995-05-31,28,SP,4658.59,paid_search
2178,2024-09-05,1993-09-06,31,SP,3199.37,organic
2179,2024-03-17,2002-03-18,22,SP,7311.65,paid_search
2180,2025-03-22,1981-03-22,44,SP,4282.88,partner
2181,2025-08-10,1993-08-10,32,SP,7711.94,paid_search
2182,2026-08-03,1983-08-04,43,RS,3826.87,partner
2183,2025-03-02,1969-03-02,56,PE,1699.13,organic
2184,2025-09-04,2003-09-05,22,PE,1809.34,paid_search
2185,2025-11-03,1969-11-03,56,SP,7486.5,referral
2186,2025-11-09,1955-11-10,70,SP,6543.97,partner
2187,2024-11-15,1983-11-16,41,MG,3690.5,organic
2188,2025-06-16,2000-06-16,25,BA,3213.32,organic
2189,2026-01-27,1991-01-28,35,PE,2969.44,partner
2190,2026-07-24,2004-07-24,22,SP,1783.92,paid_search
2191,2024-03-27,1977-03-28,47,CE,2418.91,partner
2192,2023-11-07,1983-11-07,40,RJ,13794.09,paid_search
2193,2025-08-17,1981-08-17,44,BA,1500.0,referral
2194,2026-06-17,1992-06-17,34,BA,3309.18,referral
2195,2026-03-27,2008-03-27,18,PR,1949.24,organic
2196,2023-11-15,1995-11-15,28,BA,9000.77,organic
2197,2024-07-25,1979-07-26,45,SP,8687.07,referral
2198,2024-11-03,2006-11-04,18,CE,5278.97,paid_search
2199,2023-08-07,1979-08-07,44,PR,4634.72,organic
2200,2026-01-15,2002-01-15,24,RJ,3133.53,organic
2201,2024-11-09,1989-11-10,35,MG,1995.49,partner
2202,2023-11-12,1977-11-12,46,SP,10386.23,referral
2203,2023-08-31,1990-08-31,33,CE,8669.67,paid_search
2204,2025-04-10,1975-04-11,50,RJ,3626.87,referral
2205,2024-11-19,1981-11-20,43,SP,5187.98,organic
2206,2026-08-20,1980-08-20,46,SP,2071.15,organic
2207,2023-10-01,1991-10-01,32,BA,4968.78,paid_search
2208,2024-09-26,1964-09-26,60,SP,8736.03,referral
2209,2025-03-11,1981-03-11,44,SP,1500.0,organic
2210,2026-06-08,2001-06-08,25,SP,1500.0,paid_search
2211,2023-11-19,1997-11-19,26,PE,5348.86,social_media
2212,2025-03-16,2002-03-17,23,RS,6246.8,paid_search
2213,2025-01-04,1978-01-05,47,MG,8757.1,paid_search
2214,2024-09-25,1990-09-26,34,BA,2438.8,paid_search
2215,2023-03-17,1971-03-17,52,PE,2556.61,referral
2216,2023-05-31,1978-05-31,45,SP,3804.0,paid_search
2217,2025-09-13,1993-09-13,32,MG,11392.86,referral
2218,2024-03-05,1984-03-05,40,RS,5923.38,partner
2219,2024-01-28,1989-01-28,35,PR,7174.89,partner
2220,2025-08-07,1984-08-07,41,MG,3242.17,referral
2221,2025-07-09,1980-07-09,45,CE,4360.51,paid_search
2222,2023-01-16,1978-01-16,45,RS,3089.4,organic
2223,2025-09-24,1980-09-24,45,PE,2291.95,partner
2224,2024-07-23,1994-07-24,30,RS,5910.22,organic
2225,2026-07-17,1996-07-17,30,MG,3317.21,paid_search
2226,2024-03-08,1978-03-09,46,SP,18295.87,referral
2227,2025-12-23,1999-12-24,26,MG,6494.74,organic
2228,2023-03-22,1976-03-22,47,RJ,8260.01,partner
2229,2023-04-02,1986-04-02,37,MG,7910.78,partner
2230,2026-05-31,1986-05-31,40,MG,3121.0,organic
2231,2024-04-14,1994-04-15,30,SP,7830.38,partner
2232,2023-02-03,1999-02-03,24,RJ,4480.42,organic
2233,2023-04-15,2001-04-15,22,RJ,4495.48,social_media
2234,2025-03-07,1987-03-08,38,MG,3039.81,paid_search
2235,2023-01-30,1987-01-30,36,MG,2108.25,referral
2236,2025-05-01,1992-05-01,33,SP,3160.67,referral
2237,2023-07-19,1985-07-19,38,CE,7735.68,organic
2238,2023-11-15,1995-11-15,28,RS,1500.0,paid_search
2239,2024-01-02,1977-01-02,47,SP,17380.62,partner
2240,2025-11-12,1979-11-13,46,SP,6302.91,organic
2241,2024-12-30,1984-12-30,40,SP,2712.02,paid_search
2242,2025-09-07,1998-09-08,27,CE,5746.51,paid_search
2243,2025-03-08,1984-03-08,41,PR,7494.82,paid_search
2244,2024-01-25,1999-01-25,25,MG,3550.48,organic
2245,2023-05-18,1966-05-18,57,PR,6267.77,partner
2246,2026-08-08,1991-08-09,35,SP,2034.64,organic
2247,2025-02-01,1995-02-02,30,PR,4994.93,organic
2248,2026-04-29,1999-04-30,27,SP,1500.0,organic
2249,2024-11-28,1971-11-29,53,PR,6496.07,organic
2250,2025-05-21,1973-05-21,52,SP,3214.3,partner
2251,2023-11-10,1990-11-10,33,CE,9016.1,partner
2252,2024-09-23,1964-09-23,60,BA,5256.29,partner
2253,2024-11-02,1984-11-02,40,SP,4904.72,organic
2254,2025-01-12,1983-01-13,42,PE,3812.89,paid_search
2255,2026-04-07,1986-04-07,40,SP,10049.07,organic
2256,2026-01-29,1997-01-29,29,CE,9123.48,organic
2257,2024-09-01,1977-09-02,47,CE,1500.0,organic
2258,2024-11-13,1979-11-14,45,SP,15056.04,organic
2259,2025-09-03,1966-09-04,59,SP,3548.18,organic
2260,2024-05-22,1981-05-23,43,PE,1810.09,organic
2261,2026-07-15,1983-07-16,43,BA,13581.99,paid_search
2262,2025-04-15,2000-04-15,25,PE,3822.39,organic
2263,2024-01-20,1995-01-20,29,RJ,4767.42,organic
2264,2024-08-22,1986-08-23,38,SP,3523.55,referral
2265,2024-07-05,1986-07-06,38,SP,3547.06,partner
2266,2023-01-03,1962-01-03,61,CE,5196.3,partner
2267,2023-09-20,2005-09-20,18,MG,6221.2,organic
2268,2023-03-24,1996-03-24,27,SP,1845.5,social_media
2269,2024-07-20,1971-07-21,53,MG,20041.12,referral
2270,2025-04-26,1991-04-27,34,PE,2978.08,organic
2271,2025-01-25,1993-01-25,32,MG,5750.66,paid_search
2272,2026-07-24,1978-07-24,48,SP,4414.4,paid_search
2273,2025-09-30,1997-09-30,28,PE,1679.17,paid_search
2274,2024-02-22,1986-02-22,38,SP,7073.62,referral
2275,2023-12-29,1987-12-29,36,PR,4693.29,referral
2276,2024-09-12,1986-09-13,38,MG,3789.64,referral
2277,2025-09-03,1978-09-04,47,RJ,4664.29,paid_search
2278,2026-08-14,1991-08-15,35,RJ,5001.83,organic
2279,2024-07-02,1989-07-03,35,BA,2162.46,referral
2280,2025-04-06,2002-04-07,23,PE,6523.74,social_media
2281,2024-08-02,1987-08-03,37,CE,12179.03,paid_search
2282,2026-07-09,1980-07-09,46,RJ,5132.91,organic
2283,2024-11-01,1984-11-01,40,SP,3357.82,paid_search
2284,2023-08-11,2005-08-11,18,BA,4870.23,organic
2285,2024-07-10,2001-07-11,23,BA,10653.88,paid_search
2286,2023-07-16,1994-07-16,29,SP,12680.02,paid_search
2287,2023-04-04,1978-04-04,45,BA,5234.17,partner
2288,2026-02-25,1997-02-25,29,PE,1500.0,social_media
2289,2024-04-18,1990-04-19,34,RJ,4866.21,organic
2290,2026-01-28,1987-01-29,39,RJ,3293.88,referral
2291,2023-01-24,1975-01-24,48,CE,19321.01,paid_search
2292,2023-07-11,1992-07-11,31,SP,2985.13,referral
2293,2026-05-10,2005-05-10,21,PR,3914.31,organic
2294,2023-01-14,1989-01-14,34,RS,1500.0,partner
2295,2024-11-08,1975-11-09,49,SP,9250.86,paid_search
2296,2023-02-25,1977-02-25,46,BA,6139.06,paid_search
2297,2024-04-24,1988-04-24,36,SP,3087.08,partner
2298,2023-05-06,2005-05-06,18,BA,2366.78,social_media
2299,2024-02-23,2000-02-23,24,PR,6675.3,organic
2300,2023-05-10,1971-05-10,52,PR,3025.89,referral
2301,2025-02-06,1980-02-07,45,PR,4480.16,paid_search
2302,2024-03-09,1985-03-10,39,PE,3889.48,paid_search
2303,2024-06-29,1991-06-30,33,RS,5760.06,referral
2304,2025-07-16,2006-07-17,19,SP,14870.28,paid_search
2305,2023-12-19,2002-12-19,21,SP,2527.46,organic
2306,2023-02-11,1999-02-11,24,SP,1500.0,paid_search
2307,2023-07-06,1981-07-06,42,BA,8064.3,organic
2308,2026-02-21,1993-02-21,33,RJ,11416.62,paid_search
2309,2023-04-19,2000-04-19,23,SP,3659.77,social_media
2310,2024-05-09,1988-05-09,36,RJ,1768.14,organic
2311,2024-06-15,1988-06-15,36,PR,1735.44,paid_search
2312,2023-10-14,1970-10-14,53,PR,2439.52,organic
2313,2023-10-30,1989-10-30,34,BA,5093.45,referral
2314,2025-08-01,1991-08-02,34,SP,1500.0,organic
2315,2023-03-09,1983-03-09,40,PR,19279.06,organic
2316,2023-06-21,2005-06-21,18,SP,13045.2,organic
2317,2023-06-16,1979-06-16,44,CE,5159.51,organic
2318,2023-11-03,1982-11-03,41,CE,2589.25,referral
2319,2024-08-21,1987-08-22,37,PR,5640.48,partner
2320,2024-08-11,1981-08-12,43,RJ,1500.0,organic
2321,2024-10-05,1989-10-06,35,RJ,2882.44,referral
2322,2023-07-01,1983-07-01,40,SP,4762.92,partner
2323,2025-02-12,1996-02-13,29,SP,2897.34,paid_search
2324,2025-01-26,1991-01-27,34,BA,1959.58,partner
2325,2023-03-27,1989-03-27,34,RJ,3736.61,partner
2326,2026-06-19,1990-06-19,36,SP,9446.03,paid_search
2327,2023-05-13,1965-05-13,58,RS,9394.45,organic
2328,2023-09-12,1977-09-12,46,RS,1976.63,paid_search
2329,2026-01-26,1975-01-27,51,CE,5398.14,referral
2330,2025-12-18,1992-12-18,33,MG,3647.64,organic
2331,2023-10-17,1991-10-17,32,SP,1868.97,referral
2332,2025-04-14,2003-04-15,22,SP,4768.76,organic
2333,2025-12-18,1993-12-18,32,CE,2562.84,organic
2334,2025-03-10,1985-03-10,40,SP,10376.86,referral
2335,2025-02-04,1986-02-05,39,PE,3989.99,referral
2336,2024-11-27,2006-11-28,18,MG,2201.67,organic
2337,2023-02-17,1992-02-18,31,SP,5668.72,organic
2338,2024-04-07,1998-04-08,26,BA,2770.99,organic
2339,2025-11-28,1973-11-28,52,SP,13219.04,organic
2340,2023-05-07,1955-05-07,68,BA,4979.89,organic
2341,2023-04-28,1976-04-28,47,SP,7593.47,referral
2342,2026-04-17,1989-04-17,37,SP,6305.04,paid_search
2343,2023-10-17,1984-10-17,39,BA,4160.44,organic
2344,2026-01-19,1993-01-19,33,PE,4143.27,referral
2345,2024-04-07,1975-04-08,49,PE,15112.5,partner
2346,2024-11-01,1984-11-01,40,CE,7410.4,organic
2347,2023-01-22,1979-01-22,44,PE,10480.71,referral
2348,2025-04-29,1992-04-29,33,PE,1615.22,organic
2349,2024-05-15,1991-05-16,33,MG,4138.12,organic
2350,2025-04-30,1998-05-01,27,RS,13070.61,paid_search
2351,2025-01-23,1996-01-24,29,RS,1500.0,social_media
2352,2025-12-13,1995-12-14,30,MG,4362.11,referral
2353,2024-04-07,1985-04-08,39,SP,6671.14,paid_search
2354,2026-05-27,1974-05-27,52,MG,3301.87,partner
2355,2024-11-17,1989-11-18,35,SP,5649.74,partner
2356,2023-03-29,1981-03-29,42,PR,8643.68,referral
2357,2024-05-01,1999-05-02,25,RJ,4636.64,social_media
2358,2025-05-23,1987-05-24,38,PR,4598.78,partner
2359,2025-03-25,1984-03-25,41,RS,4357.13,paid_search
2360,2023-07-24,1989-07-24,34,CE,6133.7,referral
2361,2024-12-29,1974-12-30,50,MG,4830.84,organic
2362,2025-09-20,1983-09-21,42,RJ,9017.45,paid_search
2363,2025-12-10,1983-12-11,42,CE,2674.2,organic
2364,2025-12-16,1996-12-16,29,CE,6110.29,social_media
2365,2025-09-03,1970-09-04,55,BA,5780.23,referral
2366,2024-04-23,2006-04-24,18,MG,3752.47,social_media
2367,2025-01-28,2005-01-28,20,MG,1626.62,organic
2368,2026-04-04,1983-04-05,43,BA,7400.3,paid_search
2369,2023-02-02,1988-02-03,35,SP,7303.55,partner
2370,2026-07-02,2001-07-02,25,MG,2067.17,paid_search
2371,2026-02-05,2001-02-05,25,BA,7894.75,paid_search
2372,2023-07-03,2001-07-03,22,RS,2238.11,paid_search
2373,2026-04-01,2008-04-01,18,SP,2699.82,social_media
2374,2025-10-21,1968-10-21,57,RS,7930.09,referral
2375,2023-12-25,1981-12-25,42,PR,7089.53,paid_search
2376,2025-05-30,1991-05-31,34,SP,11366.55,partner
2377,2026-06-28,2000-06-28,26,RJ,3338.14,paid_search
2378,2023-03-04,2005-03-04,18,MG,2137.8,organic
2379,2024-04-12,1995-04-13,29,BA,4647.53,social_media
2380,2025-12-01,1989-12-01,36,SP,2755.84,partner
2381,2024-11-30,1965-12-01,59,PR,3819.15,organic
2382,2023-10-28,1981-10-28,42,RJ,1551.09,partner
2383,2026-03-19,1997-03-19,29,PE,3814.38,organic
2384,2023-10-26,1977-10-26,46,PR,7863.18,referral
2385,2023-09-04,1986-09-04,37,SP,4675.55,referral
2386,2025-11-08,1980-11-08,45,SP,7380.04,paid_search
2387,2023-01-03,1962-01-03,61,RJ,2198.15,referral
2388,2023-04-23,1985-04-23,38,PE,10026.91,paid_search
2389,2023-06-03,1979-06-03,44,MG,4224.19,referral
2390,2023-06-14,1982-06-14,41,SP,10078.06,referral
2391,2023-04-22,2005-04-22,18,RS,3907.87,paid_search
2392,2026-08-07,1982-08-07,44,SP,1500.0,paid_search
2393,2026-07-29,1989-07-29,37,RJ,4071.64,paid_search
2394,2023-04-30,1983-04-30,40,BA,4327.82,partner
2395,2025-04-23,1995-04-24,30,SP,4259.6,partner
2396,2026-07-04,2003-07-05,23,PR,2027.9,social_media
2397,2023-09-29,1976-09-29,47,BA,2995.19,partner
2398,2023-08-11,1988-08-11,35,RJ,9770.06,paid_search
2399,2023-12-03,1988-12-03,35,SP,3670.26,partner
2400,2024-05-02,1991-05-03,33,PR,8617.63,partner
2401,2025-10-12,2007-10-13,18,SP,1842.35,organic
2402,2026-01-21,1998-01-21,28,SP,3007.17,social_media
2403,2026-03-31,1991-04-01,35,SP,6367.62,organic
2404,2025-06-02,1982-06-03,43,SP,3187.88,organic
2405,2025-03-26,1993-03-26,32,SP,3437.33,paid_search
2406,2024-01-18,1985-01-18,39,PE,11767.05,partner
2407,2026-04-21,1996-04-21,30,MG,3298.1,referral
2408,2025-10-03,1989-10-03,36,PR,6138.13,partner
2409,2024-04-19,1976-04-19,48,RS,7851.94,referral
2410,2025-04-16,1998-04-17,27,PE,1500.0,organic
2411,2023-02-16,2004-02-17,19,MG,4226.99,social_media
2412,2025-07-17,1987-07-18,38,RJ,4319.4,paid_search
2413,2023-02-01,1986-02-01,37,MG,1820.56,referral
2414,2023-11-23,1985-11-23,38,PE,1881.78,referral
2415,2023-01-31,1983-01-31,40,RJ,2645.38,paid_search
2416,2023-05-30,2000-05-30,23,RJ,5012.94,organic
2417,2023-10-12,1991-10-12,32,RJ,4557.46,referral
2418,2024-04-26,1976-04-26,48,RJ,5947.74,organic
2419,2023-11-21,1967-11-21,56,RS,7184.43,organic
2420,2025-06-06,1968-06-06,57,CE,7798.68,organic
2421,2024-08-20,1993-08-21,31,MG,10115.79,organic
2422,2026-08-18,1997-08-18,29,PE,2584.2,organic
2423,2025-07-26,1968-07-26,57,PE,6697.85,referral
2424,2024-04-26,1991-04-27,33,RS,3540.35,paid_search
2425,2026-01-09,1986-01-09,40,PE,5420.2,organic
2426,2026-06-11,2006-06-11,20,PE,3362.05,paid_search
2427,2026-01-14,1979-01-15,47,RS,5127.72,paid_search
2428,2023-09-23,1972-09-23,51,SP,6149.31,organic
2429,2023-03-20,1982-03-20,41,BA,11508.72,referral
2430,2023-04-17,2000-04-17,23,BA,11556.23,paid_search
2431,2025-03-10,2000-03-10,25,BA,3982.09,social_media
2432,2023-12-10,1974-12-10,49,SP,6240.46,referral
2433,2025-02-06,1988-02-07,37,RJ,4134.45,paid_search
2434,2024-12-23,1979-12-24,45,PR,5640.84,paid_search
2435,2026-07-22,1971-07-23,55,BA,8515.32,referral
2436,2026-01-23,1994-01-23,32,CE,3383.75,organic
2437,2024-11-02,1979-11-03,45,BA,10371.24,paid_search
2438,2025-04-06,1969-04-06,56,CE,2175.95,partner
2439,2025-12-20,2002-12-21,23,PE,3118.07,organic
2440,2025-09-29,1999-09-30,26,RJ,3997.96,paid_search
2441,2025-09-25,1986-09-26,39,SP,12808.09,organic
2442,2023-08-20,1995-08-20,28,RS,4383.5,social_media
2443,2025-12-04,1982-12-05,43,SP,6652.01,referral
2444,2024-03-06,1996-03-06,28,SP,2129.22,social_media
2445,2024-10-31,1983-11-01,41,SP,1927.23,paid_search
2446,2025-05-09,1995-05-10,30,RJ,8457.48,paid_search
2447,2025-05-22,1997-05-22,28,PE,5990.78,social_media
2448,2023-03-14,1982-03-14,41,PR,2720.37,organic
2449,2026-04-26,2004-04-26,22,MG,14608.23,social_media
2450,2024-07-10,1989-07-11,35,SP,2452.45,referral
2451,2025-04-03,1984-04-03,41,SP,4308.01,referral
2452,2026-04-10,1983-04-11,43,RJ,8258.54,partner
2453,2024-07-26,1989-07-27,35,RJ,3342.87,referral
2454,2026-01-13,1982-01-13,44,MG,7327.41,referral
2455,2024-10-11,1981-10-12,43,SP,4794.39,organic
2456,2023-06-19,2005-06-19,18,PR,2935.9,social_media
2457,2023-01-13,1983-01-13,40,PR,3879.54,paid_search
2458,2023-05-29,1988-05-29,35,CE,3625.86,paid_search
2459,2026-07-21,1999-07-22,27,SP,2116.71,organic
2460,2025-12-10,1999-12-11,26,MG,2759.87,organic
2461,2025-10-01,1968-10-01,57,BA,12248.21,organic
2462,2025-06-22,1963-06-23,62,BA,4114.85,organic
2463,2023-01-14,1970-01-14,53,CE,3052.14,referral
2464,2026-01-17,1972-01-18,54,PR,8085.09,organic
2465,2023-10-21,1973-10-21,50,MG,5955.82,organic
2466,2023-01-17,1997-01-17,26,RS,3891.95,paid_search
2467,2023-11-24,1981-11-24,42,SP,5448.83,partner
2468,2025-11-28,1973-11-28,52,BA,6540.53,referral
2469,2024-12-17,1997-12-18,27,BA,2616.83,paid_search
2470,2023-10-05,1984-10-05,39,SP,2834.31,partner
2471,2025-02-22,1975-02-23,50,BA,4067.78,referral
2472,2025-06-19,1996-06-19,29,CE,4724.38,paid_search
2473,2024-03-16,1980-03-16,44,BA,9276.21,paid_search
2474,2023-11-14,1965-11-14,58,MG,6791.39,organic
2475,2025-04-23,1965-04-23,60,BA,14253.34,organic
2476,2023-06-04,2005-06-04,18,MG,1792.69,social_media
2477,2023-12-08,1991-12-08,32,CE,4378.33,referral
2478,2024-06-30,1976-06-30,48,SP,4922.18,partner
2479,2024-03-24,1980-03-24,44,SP,2306.93,referral
2480,2026-03-28,1978-03-28,48,PR,10519.1,organic
2481,2024-01-05,1974-01-05,50,PR,5925.55,referral
2482,2023-04-24,1996-04-24,27,SP,5841.07,organic
2483,2025-10-16,1989-10-16,36,BA,6370.78,paid_search
2484,2023-09-25,1994-09-25,29,SP,14459.99,social_media
2485,2023-10-03,1982-10-03,41,PR,10650.1,paid_search
2486,2023-03-19,1997-03-19,26,RS,2187.0,organic
2487,2025-08-11,2002-08-12,23,MG,2941.39,organic
2488,2025-02-01,1989-02-01,36,BA,3597.01,partner
2489,2023-05-05,1977-05-05,46,PR,3183.49,organic
2490,2026-03-18,2008-03-18,18,RS,3572.29,social_media
2491,2024-12-11,1983-12-12,41,SP,1983.86,referral
2492,2023-02-19,1992-02-20,31,PE,2644.07,paid_search
2493,2023-04-27,1992-04-27,31,PE,3445.98,paid_search
2494,2026-04-30,1994-04-30,32,RJ,4675.33,partner
2495,2023-04-10,1999-04-10,24,PE,2504.05,social_media
2496,2023-04-20,2000-04-20,23,PE,8421.07,social_media
2497,2023-08-19,1990-08-19,33,RS,2230.64,partner
2498,2024-05-24,1983-05-25,41,SP,7443.0,organic
2499,2024-08-24,1998-08-25,26,SP,4195.29,paid_search
2500,2026-08-25,1994-08-25,32,RS,17292.88,organic
2501,2023-11-03,1985-11-03,38,PE,1558.81,partner
2502,2026-07-04,1998-07-04,28,RJ,4360.85,social_media
2503,2023-11-04,1995-11-04,28,PE,5861.79,paid_search
2504,2024-12-17,1993-12-18,31,BA,8363.34,paid_search
2505,2026-03-11,1994-03-11,32,BA,4105.18,organic
2506,2024-04-13,1990-04-14,34,CE,2466.49,partner
2507,2025-01-05,2002-01-06,23,SP,4884.84,social_media
2508,2024-06-15,1991-06-16,33,CE,8998.03,referral
2509,2026-06-11,1984-06-11,42,RJ,1526.52,organic
2510,2025-06-26,1980-06-26,45,BA,11346.67,organic
2511,2025-04-24,1987-04-25,38,SP,21371.7,referral
2512,2024-10-16,1980-10-16,44,SP,8226.0,paid_search
2513,2024-08-07,1982-08-08,42,PE,1500.0,partner
2514,2026-03-01,1988-03-01,38,RS,5627.01,referral
2515,2026-06-29,1977-06-29,49,BA,11626.89,partner
2516,2023-12-20,1980-12-20,43,CE,1500.0,paid_search
2517,2024-05-29,1987-05-30,37,PE,6164.81,paid_search
2518,2023-02-24,1985-02-24,38,PR,6782.53,paid_search
2519,2023-07-25,1995-07-25,28,CE,3804.39,social_media
2520,2026-01-19,1985-01-19,41,PE,3993.92,organic
2521,2023-08-10,1967-08-10,56,RJ,5213.98,partner
2522,2024-04-14,1990-04-15,34,SP,10636.55,paid_search
2523,2025-03-31,1979-04-01,46,PE,5383.48,referral
2524,2025-07-04,1971-07-05,54,RJ,4935.8,referral
2525,2024-02-23,1986-02-23,38,SP,17759.9,paid_search
2526,2026-05-28,1988-05-28,38,SP,4120.97,partner
2527,2025-03-17,1994-03-18,31,SP,2248.71,paid_search
2528,2025-08-30,1985-08-30,40,PE,2473.49,partner
2529,2025-05-21,1962-05-22,63,MG,2928.97,partner
2530,2025-08-15,1969-08-15,56,SP,8172.88,organic
2531,2026-02-04,1971-02-05,55,BA,14929.81,partner
2532,2026-03-21,1981-03-21,45,PE,4948.43,referral
2533,2026-08-17,1978-08-17,48,RS,3861.0,partner
2534,2026-08-01,2008-08-01,18,SP,1500.0,paid_search
2535,2023-09-04,1981-09-04,42,MG,3285.31,partner
2536,2023-07-23,1996-07-23,27,SP,2756.38,paid_search
2537,2025-09-09,1996-09-09,29,PR,6362.71,social_media
2538,2025-11-21,1991-11-22,34,BA,5361.71,organic
2539,2026-06-04,1990-06-04,36,BA,7237.61,partner
2540,2023-10-13,1985-10-13,38,PE,4179.01,paid_search
2541,2023-08-05,1982-08-05,41,SP,5551.24,referral
2542,2023-07-14,1983-07-14,40,PR,11436.7,organic
2543,2024-04-26,1999-04-27,25,MG,3800.92,organic
2544,2025-07-07,1974-07-08,51,RS,4961.21,organic
2545,2025-10-28,2007-10-29,18,RS,3433.72,social_media
2546,2026-01-24,2008-01-25,18,RS,5875.96,social_media
2547,2023-11-26,1985-11-26,38,RS,3304.49,paid_search
2548,2026-03-15,2002-03-15,24,CE,7914.42,social_media
2549,2026-01-09,1978-01-09,48,SP,2091.71,partner
2550,2023-07-11,1966-07-11,57,PR,3743.48,organic
2551,2023-06-24,1989-06-24,34,PR,4336.14,referral
2552,2023-12-05,1974-12-05,49,MG,2266.3,paid_search
2553,2025-08-06,1989-08-06,36,CE,13805.11,organic
2554,2024-07-01,1998-07-02,26,PE,2230.89,paid_search
2555,2023-07-01,1982-07-01,41,SP,5567.96,referral
2556,2026-02-06,2001-02-06,25,MG,2808.79,social_media
2557,2025-07-31,2007-08-01,18,MG,3917.41,organic
2558,2023-04-03,1997-04-03,26,RS,2121.36,paid_search
2559,2026-01-24,1988-01-25,38,MG,1834.67,referral
2560,2023-11-07,1976-11-07,47,PE,10827.3,paid_search
2561,2026-07-14,2001-07-14,25,SP,3722.71,social_media
2562,2024-06-28,1978-06-29,46,RJ,5306.72,organic
2563,2025-06-11,1981-06-11,44,RJ,4237.17,partner
2564,2023-02-15,1978-02-15,45,MG,2578.85,paid_search
2565,2023-08-20,2003-08-20,20,BA,1868.11,organic
2566,2026-08-03,1999-08-04,27,PR,4894.1,social_media
2567,2025-08-31,1992-08-31,33,SP,2365.11,organic
2568,2025-03-31,2007-04-01,18,SP,2365.62,social_media
2569,2024-06-20,1983-06-21,41,SP,5231.67,organic
2570,2025-08-20,1984-08-20,41,BA,3879.08,organic
2571,2025-11-22,1981-11-22,44,RJ,9793.27,organic
2572,2025-03-31,1981-03-31,44,RJ,5130.57,organic
2573,2025-06-25,1989-06-25,36,CE,20738.79,partner
2574,2024-06-26,1972-06-26,52,MG,6897.69,referral
2575,2026-04-06,2002-04-06,24,RJ,7446.33,paid_search
2576,2023-07-04,1975-07-04,48,SP,3248.34,paid_search
2577,2023-04-30,1974-04-30,49,CE,2410.44,partner
2578,2023-05-07,2003-05-07,20,SP,5070.23,organic
2579,2025-03-19,1985-03-19,40,SP,5885.85,referral
2580,2024-11-02,1976-11-02,48,SP,2088.92,organic
2581,2023-02-20,2000-02-21,23,SP,1611.79,organic
2582,2024-05-27,1996-05-27,28,SP,2758.59,paid_search
2583,2024-07-15,1982-07-16,42,MG,4130.81,organic
2584,2024-10-31,2006-11-01,18,PR,5061.54,paid_search
2585,2025-01-15,2000-01-16,25,RJ,1531.45,paid_search
2586,2024-10-15,1986-10-16,38,CE,2358.24,organic
2587,2025-05-20,1971-05-21,54,SP,3110.48,organic
2588,2024-08-15,1969-08-16,55,PE,4686.9,organic
2589,2024-12-11,1986-12-12,38,BA,5553.67,paid_search
2590,2023-08-31,1982-08-31,41,SP,7970.79,partner
2591,2025-08-28,1990-08-29,35,SP,2353.88,organic
2592,2023-07-09,1980-07-09,43,SP,12724.7,referral
2593,2025-12-28,1983-12-29,42,CE,4925.12,partner
2594,2025-09-12,2004-09-12,21,BA,5515.0,organic
2595,2025-01-03,2007-01-04,18,PE,5748.32,organic
2596,2025-04-16,1980-04-16,45,PR,13381.53,partner
2597,2023-06-05,1982-06-05,41,SP,3101.74,partner
2598,2024-12-01,1982-12-02,42,SP,3208.06,partner
2599,2025-12-26,1973-12-26,52,CE,6635.44,partner
2600,2025-11-18,1983-11-19,42,SP,1500.0,paid_search
2601,2025-10-28,1992-10-28,33,PR,2018.49,referral
2602,2026-08-28,1980-08-28,46,RJ,3132.55,partner
2603,2024-08-07,1984-08-07,40,BA,9027.72,organic
2604,2025-07-12,2004-07-12,21,RJ,11417.78,social_media
2605,2024-08-24,1998-08-25,26,SP,2469.14,organic
2606,2026-01-08,2003-01-09,23,SP,3268.58,organic
2607,2026-01-16,1967-01-17,59,MG,4918.68,referral
2608,2024-06-06,1978-06-07,46,SP,5728.76,paid_search
2609,2024-10-27,1989-10-28,35,SP,5075.51,paid_search
2610,2024-09-17,2000-09-17,24,PE,11391.39,organic
2611,2023-05-22,1988-05-22,35,RJ,7368.54,paid_search
2612,2024-07-25,1998-07-26,26,SP,2449.51,organic
2613,2024-03-06,1976-03-06,48,BA,4749.2,partner
2614,2026-02-05,2008-02-06,18,PE,4982.41,organic
2615,2024-10-18,1986-10-19,38,SP,4094.47,referral
2616,2026-01-08,1972-01-09,54,BA,11220.21,partner
2617,2026-04-15,2008-04-15,18,RS,6463.06,paid_search
2618,2024-10-06,1990-10-07,34,RJ,15348.09,organic
2619,2024-07-15,1977-07-16,47,SP,1500.0,partner
2620,2024-06-01,2002-06-02,22,SP,2188.06,organic
2621,2026-08-21,1987-08-22,39,RJ,1500.0,paid_search
2622,2023-08-19,1973-08-19,50,CE,7221.44,partner
2623,2023-11-18,1971-11-18,52,CE,5516.26,referral
2624,2026-03-29,1994-03-29,32,MG,2912.35,organic
2625,2023-08-28,1977-08-28,46,RS,4030.9,organic
2626,2023-04-03,1985-04-03,38,RS,4580.22,partner
2627,2025-03-02,1977-03-02,48,PR,3023.65,organic
2628,2024-08-14,1976-08-14,48,PE,3694.28,paid_search
2629,2026-08-06,1973-08-06,53,BA,8082.82,organic
2630,2026-08-06,1994-08-06,32,SP,2984.96,referral
2631,2023-07-20,1978-07-20,45,PR,4343.71,referral
2632,2024-07-25,1985-07-26,39,CE,4235.29,organic
2633,2023-04-05,2005-04-05,18,BA,3002.7,social_media
2634,2026-08-18,1976-08-18,50,SP,1908.39,organic
2635,2023-07-04,1993-07-04,30,CE,3690.03,partner
2636,2026-06-11,2008-06-11,18,PR,5894.0,organic
2637,2025-08-19,1971-08-20,54,SP,5886.34,partner
2638,2026-01-27,1984-01-28,42,SP,5160.82,partner
2639,2023-11-23,1996-11-23,27,PE,2356.37,organic
2640,2025-12-01,1979-12-02,46,RS,5638.99,partner
2641,2026-06-12,1986-06-12,40,PR,4099.76,organic
2642,2026-03-12,1987-03-13,39,RJ,3005.45,paid_search
2643,2023-09-17,1980-09-17,43,RJ,1500.0,paid_search
2644,2025-02-17,1987-02-18,38,PE,8561.59,paid_search
2645,2023-05-30,1983-05-30,40,RJ,4511.78,organic
2646,2023-10-10,1997-10-10,26,RJ,3252.17,social_media
2647,2023-07-17,2005-07-17,18,MG,4733.08,social_media
2648,2025-06-11,1993-06-11,32,SP,1717.76,partner
2649,2024-11-15,1991-11-16,33,PE,1500.0,organic
2650,2026-02-07,1989-02-07,37,SP,2923.62,organic
2651,2024-10-15,2000-10-15,24,PE,3990.25,paid_search
2652,2025-10-14,1982-10-15,43,PR,6183.88,partner
2653,2024-03-25,1964-03-25,60,SP,13678.43,referral
2654,2023-10-06,1997-10-06,26,SP,3912.05,organic
2655,2024-11-02,1968-11-02,56,SP,2298.35,organic
2656,2025-11-24,2004-11-24,21,SP,6877.97,social_media
2657,2023-07-04,1977-07-04,46,SP,8048.96,partner
2658,2023-05-15,1976-05-15,47,PE,3539.28,organic
2659,2023-07-07,1977-07-07,46,PE,2673.14,organic
2660,2023-06-26,1978-06-26,45,SP,3644.65,organic
2661,2025-01-12,1984-01-13,41,PR,1601.26,paid_search
2662,2023-03-31,1964-03-31,59,PE,2643.99,partner
2663,2023-01-31,1972-02-01,51,RS,14024.1,organic
2664,2026-03-21,1988-03-21,38,PR,4924.07,referral
2665,2024-04-09,1984-04-09,40,MG,4245.8,paid_search
2666,2025-04-24,1994-04-25,31,SP,4650.93,partner
2667,2023-08-25,2002-08-25,21,CE,6441.41,social_media
2668,2025-08-29,1977-08-29,48,SP,3331.82,paid_search
2669,2023-05-25,1975-05-25,48,SP,11784.17,partner
2670,2024-03-30,1984-03-30,40,BA,7341.17,referral
2671,2025-12-09,1986-12-10,39,SP,9547.85,organic
2672,2025-04-10,2007-04-11,18,RS,7855.09,organic
2673,2025-05-29,2003-05-30,22,SP,4748.6,paid_search
2674,2026-01-14,1983-01-15,43,RJ,21458.7,referral
2675,2024-04-11,2006-04-12,18,RS,6524.13,social_media
2676,2026-01-11,1966-01-11,60,PE,4261.79,partner
2677,2024-07-20,1990-07-21,34,RJ,3527.45,partner
2678,2023-11-23,1997-11-23,26,SP,4642.68,paid_search
2679,2024-10-26,1976-10-26,48,BA,10341.94,organic
2680,2024-04-23,1978-04-24,46,PE,2373.13,referral
2681,2025-06-30,1989-06-30,36,BA,6219.51,paid_search
2682,2024-10-07,1990-10-08,34,PR,2517.19,organic
2683,2023-06-19,1989-06-19,34,RS,10319.17,organic
2684,2023-06-11,1992-06-11,31,SP,1500.0,paid_search
2685,2024-12-11,1969-12-12,55,BA,2799.02,organic
2686,2024-11-26,1990-11-27,34,PE,4099.62,paid_search
2687,2023-09-22,2000-09-22,23,CE,6038.49,paid_search
2688,2026-08-11,1985-08-11,41,PE,1530.18,organic
2689,2023-04-09,1974-04-09,49,CE,8179.56,organic
2690,2024-07-22,1986-07-23,38,SP,3858.61,referral
2691,2023-05-12,1976-05-12,47,MG,2934.2,referral
2692,2026-06-14,1984-06-14,42,MG,2257.36,referral
2693,2024-05-13,1971-05-14,53,SP,2506.06,referral
2694,2023-05-02,1995-05-02,28,SP,3092.0,social_media
2695,2026-08-12,1973-08-12,53,CE,13635.42,referral
2696,2026-01-24,1987-01-25,39,SP,4170.7,paid_search
2697,2025-09-07,2006-09-08,19,SP,5578.24,social_media
2698,2026-03-13,1989-03-13,37,PR,2283.15,referral
2699,2024-04-05,1975-04-06,49,RJ,3008.43,organic
2700,2023-05-30,1984-05-30,39,RJ,9395.71,paid_search
2701,2025-03-12,1985-03-12,40,RJ,5877.11,paid_search
2702,2024-09-22,1981-09-23,43,SP,9531.99,partner
2703,2023-04-06,1986-04-06,37,PR,7201.77,referral
2704,2024-05-12,1985-05-13,39,PE,3662.69,paid_search
2705,2026-06-16,1980-06-16,46,BA,4134.55,partner
2706,2024-10-24,1991-10-25,33,RS,5295.82,partner
2707,2024-09-30,1985-10-01,39,CE,2014.23,paid_search
2708,2023-01-18,1982-01-18,41,RS,2593.97,paid_search
2709,2023-06-09,1987-06-09,36,RS,5485.08,partner
2710,2023-08-23,1951-08-23,72,PE,5384.61,organic
2711,2026-02-01,1981-02-01,45,BA,1862.24,paid_search
2712,2023-05-19,1985-05-19,38,SP,5776.2,organic
2713,2025-01-19,1999-01-20,26,PR,3775.41,paid_search
2714,2024-11-11,1992-11-11,32,MG,1500.0,referral
2715,2026-03-11,1989-03-11,37,RJ,5572.99,organic
2716,2023-04-14,2004-04-14,19,BA,3042.45,organic
2717,2026-05-21,1986-05-21,40,CE,5250.62,partner
2718,2023-12-20,1989-12-20,34,PR,3452.28,organic
2719,2025-11-18,1975-11-19,50,RJ,3424.65,referral
2720,2026-07-04,1974-07-04,52,RS,2957.88,partner
2721,2024-03-08,1990-03-09,34,RS,5571.33,referral
2722,2026-03-28,2008-03-28,18,MG,1500.0,social_media
2723,2023-09-19,1978-09-19,45,PE,3512.54,partner
2724,2025-10-16,1986-10-17,39,SP,2367.06,paid_search
2725,2023-03-26,1969-03-26,54,RJ,2587.16,partner
2726,2024-06-03,1999-06-04,25,SP,16583.82,paid_search
2727,2025-07-24,1999-07-25,26,MG,4357.24,social_media
2728,2023-02-16,1982-02-16,41,MG,12731.37,organic
2729,2025-08-19,1995-08-20,30,PE,11964.37,paid_search
2730,2023-09-02,1963-09-02,60,CE,16476.28,partner
2731,2023-05-17,1994-05-17,29,SP,8583.1,social_media
2732,2025-10-23,1996-10-23,29,PE,1699.06,paid_search
2733,2025-03-16,2007-03-17,18,RS,2195.49,social_media
2734,2023-06-22,1981-06-22,42,MG,7710.63,organic
2735,2024-09-12,2005-09-13,19,PR,2699.1,paid_search
2736,2025-03-12,1998-03-13,27,CE,6181.43,social_media
2737,2024-04-05,1997-04-06,27,SP,4346.82,social_media
2738,2023-09-23,1990-09-23,33,PR,3393.47,organic
2739,2023-07-01,1987-07-01,36,SP,3920.38,referral
2740,2026-02-10,1982-02-10,44,BA,3646.57,organic
2741,2025-12-29,1990-12-30,35,MG,5324.44,partner
2742,2023-10-30,2005-10-30,18,MG,6193.91,organic
2743,2025-02-17,1988-02-18,37,SP,3242.77,referral
2744,2025-08-01,1979-08-02,46,CE,2983.16,organic
2745,2025-01-16,1996-01-17,29,SP,5989.78,social_media
2746,2025-01-19,1989-01-19,36,PR,4584.59,referral
2747,2024-06-30,1996-06-30,28,BA,10356.55,paid_search
2748,2025-10-19,1978-10-20,47,SP,4471.24,referral
2749,2026-07-25,1993-07-25,33,CE,3598.42,referral
2750,2025-03-15,1981-03-15,44,SP,13867.56,partner
2751,2023-05-11,2005-05-11,18,SP,2059.81,social_media
2752,2026-01-01,1978-01-01,48,BA,2379.81,referral
2753,2025-11-06,1978-11-07,47,PR,5808.52,referral
2754,2026-03-25,1983-03-26,43,SP,3307.75,organic
2755,2024-05-05,1962-05-06,62,SP,1780.35,organic
2756,2023-09-01,1983-09-01,40,SP,1500.0,referral
2757,2023-04-18,1956-04-18,67,MG,6973.12,referral
2758,2025-04-30,1988-04-30,37,PR,3275.1,referral
2759,2024-03-13,1987-03-14,37,MG,1500.0,paid_search
2760,2023-08-02,1989-08-02,34,CE,4742.8,organic
2761,2025-10-12,1967-10-13,58,RS,3736.66,partner
2762,2026-01-29,1997-01-29,29,RJ,10361.23,paid_search
2763,2023-11-17,1980-11-17,43,MG,6444.5,partner
2764,2024-06-15,1965-06-16,59,SP,31152.5,partner
2765,2023-04-10,1980-04-10,43,CE,8619.47,partner
2766,2024-11-30,1981-12-01,43,RS,7305.21,partner
2767,2025-08-05,2003-08-06,22,SP,2815.57,paid_search
2768,2023-01-07,1981-01-07,42,PE,15579.36,organic
2769,2026-07-12,1995-07-13,31,PR,8141.63,organic
2770,2023-03-16,2005-03-16,18,PE,2243.32,paid_search
2771,2024-01-17,1994-01-17,30,CE,5013.33,paid_search
2772,2025-03-26,1971-03-27,54,RJ,6281.13,referral
2773,2023-03-13,1983-03-13,40,MG,3837.46,partner
2774,2023-12-27,1978-12-27,45,RS,6051.18,partner
2775,2024-05-19,1997-05-20,27,CE,1500.0,organic
2776,2024-03-12,1971-03-13,53,RS,3513.02,organic
2777,2025-06-25,1985-06-25,40,RS,5232.78,referral
2778,2025-01-14,1971-01-15,54,RS,17115.28,referral
2779,2024-12-26,1985-12-27,39,RJ,5931.82,partner
2780,2025-03-24,1979-03-25,46,PE,8342.44,organic
2781,2025-11-01,1980-11-01,45,SP,2583.59,referral
2782,2026-08-13,2008-08-13,18,PR,6917.84,organic
2783,2026-02-21,1994-02-21,32,PE,12466.42,partner
2784,2024-06-20,1992-06-20,32,RJ,2716.65,paid_search
2785,2024-10-26,1995-10-27,29,SP,2537.86,organic
2786,2025-11-07,1984-11-07,41,PE,1659.14,referral
2787,2023-11-12,2005-11-12,18,RS,4172.29,organic
2788,2026-07-16,1958-07-16,68,RS,5367.97,organic
2789,2024-11-22,1982-11-23,42,RS,8374.73,paid_search
2790,2023-05-17,1968-05-17,55,RS,3292.75,partner
2791,2023-08-03,1985-08-03,38,BA,2381.0,referral
2792,2023-09-07,1987-09-07,36,MG,5384.56,partner
2793,2023-12-24,1989-12-24,34,PR,5277.95,partner
2794,2025-01-18,1985-01-18,40,SP,3529.19,partner
2795,2023-04-03,1991-04-03,32,PE,1680.2,organic
2796,2025-01-24,1981-01-24,44,PE,6315.63,referral
2797,2023-02-04,2002-02-04,21,MG,4103.0,paid_search
2798,2025-01-02,1995-01-03,30,PR,4811.36,partner
2799,2023-07-16,1974-07-16,49,SP,2964.78,paid_search
2800,2025-05-30,1974-05-31,51,RS,6623.51,organic
2801,2026-08-18,1992-08-18,34,CE,4121.78,partner
2802,2025-10-01,1987-10-02,38,RS,1500.0,paid_search
2803,2023-09-28,1997-09-28,26,PR,3535.0,organic
2804,2025-12-22,1983-12-23,42,RJ,4462.19,referral
2805,2024-04-30,1971-05-01,53,CE,7227.93,referral
2806,2026-05-19,2008-05-19,18,PE,4962.23,social_media
2807,2023-03-05,1968-03-05,55,PR,6533.82,referral
2808,2023-10-24,1991-10-24,32,PE,4027.56,referral
2809,2026-02-27,2002-02-27,24,SP,3452.07,organic
2810,2025-06-10,2004-06-10,21,RJ,2373.2,paid_search
2811,2024-09-25,1983-09-26,41,PR,3890.83,organic
2812,2024-06-10,1990-06-11,34,RS,1885.89,referral
2813,2024-10-06,1991-10-07,33,PE,4977.25,partner
2814,2025-06-22,2000-06-22,25,PE,9160.24,paid_search
2815,2023-10-09,1996-10-09,27,SP,1827.88,paid_search
2816,2023-01-17,1990-01-17,33,SP,3476.01,paid_search
2817,2025-08-05,1994-08-06,31,SP,16475.35,referral
2818,2026-06-06,1984-06-06,42,SP,9915.02,partner
2819,2024-05-22,1990-05-23,34,SP,6105.3,referral
2820,2023-05-30,1975-05-30,48,PR,4044.25,paid_search
2821,2026-05-29,1988-05-29,38,RS,2942.72,paid_search
2822,2026-03-23,1970-03-23,56,RS,9419.66,organic
2823,2026-02-23,1984-02-24,42,MG,4722.81,partner
2824,2024-03-23,1979-03-24,45,CE,7112.75,referral
2825,2023-07-24,1985-07-24,38,PE,11536.28,paid_search
2826,2023-05-06,1980-05-06,43,BA,2235.53,organic
2827,2025-09-07,1999-09-08,26,RJ,1598.22,paid_search
2828,2025-01-28,1965-01-28,60,SP,8281.26,referral
2829,2023-03-18,1985-03-18,38,SP,4056.18,organic
2830,2023-10-31,1982-10-31,41,BA,6682.78,partner
2831,2024-11-13,1971-11-14,53,RJ,6069.87,organic
2832,2024-11-21,2005-11-22,19,MG,3691.43,social_media
2833,2026-03-20,2008-03-20,18,SP,2672.98,paid_search
2834,2024-11-01,2005-11-02,19,SP,2451.42,organic
2835,2026-02-01,2006-02-01,20,SP,1500.0,social_media
2836,2023-03-10,1967-03-10,56,RS,3116.46,referral
2837,2024-06-26,2001-06-27,23,PE,2166.45,organic
2838,2025-05-01,1978-05-02,47,RJ,13632.42,partner
2839,2026-01-11,1987-01-12,39,PR,5011.65,organic
2840,2023-11-10,1988-11-10,35,RS,6730.64,partner
2841,2025-06-16,1984-06-16,41,SP,1500.0,referral
2842,2023-04-07,1988-04-07,35,SP,9866.07,referral
2843,2025-05-14,1993-05-14,32,BA,10773.61,paid_search
2844,2024-02-12,1982-02-12,42,SP,4838.02,paid_search
2845,2023-01-20,1981-01-20,42,SP,7819.96,paid_search
2846,2024-02-09,1982-02-09,42,SP,4558.39,organic
2847,2025-05-26,1985-05-26,40,PR,4111.88,partner
2848,2026-06-02,2000-06-02,26,MG,5482.41,organic
2849,2023-04-27,1978-04-27,45,SP,5296.95,partner
2850,2023-12-16,1970-12-16,53,SP,1922.33,referral
2851,2023-04-06,1978-04-06,45,PE,6656.38,paid_search
2852,2023-12-01,1978-12-01,45,BA,3883.06,partner
2853,2024-06-14,1995-06-15,29,BA,3684.42,paid_search
2854,2024-10-19,1999-10-20,25,PR,2926.32,organic
2855,2024-01-10,1983-01-10,41,SP,5111.62,partner
2856,2023-11-12,1987-11-12,36,PR,4200.49,organic
2857,2024-01-04,1977-01-04,47,PR,6644.01,partner
2858,2025-03-18,1974-03-19,51,BA,3891.13,organic
2859,2023-10-29,1972-10-29,51,MG,4233.55,referral
2860,2024-01-17,1991-01-17,33,PE,2028.56,organic
2861,2024-04-27,1998-04-28,26,MG,12860.41,social_media
2862,2023-06-01,2005-06-01,18,RJ,2624.9,organic
2863,2024-04-06,1996-04-06,28,MG,4572.85,paid_search
2864,2023-12-31,1992-12-31,31,MG,2268.34,paid_search
2865,2023-12-01,1962-12-01,61,SP,3613.29,organic
2866,2024-10-18,1983-10-19,41,BA,3187.54,organic
2867,2024-09-16,2001-09-17,23,RJ,4049.31,paid_search
2868,2025-08-09,1988-08-09,37,PE,5335.59,referral
2869,2023-05-27,2004-05-27,19,SP,4845.36,organic
2870,2024-01-08,2002-01-08,22,SP,4194.35,organic
2871,2024-10-10,1995-10-11,29,RJ,3928.16,social_media
2872,2023-11-24,1981-11-24,42,RS,5064.49,organic
2873,2025-03-28,1990-03-29,35,PR,1500.0,paid_search
2874,2023-11-06,1981-11-06,42,MG,2637.66,partner
2875,2024-03-23,1971-03-24,53,SP,8070.24,referral
2876,2025-06-11,1983-06-12,42,SP,11887.24,partner
2877,2023-12-19,1977-12-19,46,BA,4099.77,referral
2878,2026-06-30,2006-06-30,20,RJ,4755.72,social_media
2879,2024-02-03,1985-02-03,39,MG,2746.14,paid_search
2880,2023-11-18,1980-11-18,43,PE,5711.31,paid_search
2881,2023-07-13,1978-07-13,45,PE,8282.46,organic
2882,2025-02-01,1990-02-02,35,RJ,9896.42,partner
2883,2025-04-02,1988-04-02,37,PR,2433.92,organic
2884,2025-03-08,1986-03-09,39,SP,3603.75,organic
2885,2023-03-29,1983-03-29,40,RS,10781.75,partner
2886,2024-05-15,1994-05-16,30,PR,4400.68,partner
2887,2026-07-30,2008-07-30,18,SP,1526.58,organic
2888,2025-06-10,1971-06-11,54,BA,2323.15,referral
2889,2026-06-04,1971-06-05,55,PR,3651.8,referral
2890,2024-09-17,1965-09-18,59,BA,4148.27,referral
2891,2024-07-30,1990-07-31,34,RS,7056.27,organic
2892,2023-07-04,2005-07-04,18,RJ,3772.22,paid_search
2893,2026-04-19,2008-04-19,18,SP,4075.76,social_media
2894,2025-11-18,2007-11-19,18,BA,1500.0,social_media
2895,2024-03-25,1978-03-26,46,PE,6260.44,organic
2896,2023-05-08,1994-05-08,29,PE,4142.32,paid_search
2897,2024-01-22,1986-01-22,38,MG,3604.38,paid_search
2898,2025-12-20,1988-12-20,37,RS,4653.09,referral
2899,2026-02-06,1999-02-07,27,PR,5426.23,organic
2900,2026-06-06,2008-06-06,18,PE,2944.21,paid_search
2901,2023-12-02,1977-12-02,46,CE,7760.63,paid_search
2902,2025-10-24,2006-10-25,19,MG,1906.26,social_media
2903,2024-03-15,1982-03-16,42,BA,4795.92,partner
2904,2023-12-29,1997-12-29,26,SP,1832.29,paid_search
2905,2023-08-11,1981-08-11,42,SP,4753.78,paid_search
2906,2026-05-31,1988-05-31,38,SP,14588.77,paid_search
2907,2024-12-16,1976-12-16,48,MG,11051.28,referral
2908,2023-02-10,1993-02-10,30,SP,8931.34,organic
2909,2026-08-25,1969-08-25,57,BA,8403.04,organic
2910,2026-01-07,1983-01-08,43,RJ,3608.5,paid_search
2911,2025-08-14,2007-08-15,18,PE,2256.98,organic
2912,2025-12-28,2006-12-29,19,MG,3547.32,organic
2913,2025-10-15,1980-10-15,45,CE,7238.14,partner
2914,2025-02-10,1971-02-11,54,SP,11828.74,partner
2915,2023-12-16,1994-12-16,29,PR,2006.87,paid_search
2916,2026-06-17,1996-06-17,30,RJ,16502.28,referral
2917,2024-10-29,1985-10-30,39,RJ,8232.57,referral
2918,2023-10-07,1976-10-07,47,MG,6131.46,partner
2919,2023-10-20,1984-10-20,39,MG,3838.95,partner
2920,2023-02-14,1998-02-14,25,MG,4236.57,paid_search
2921,2025-10-16,1988-10-16,37,MG,4998.1,organic
2922,2025-11-08,1976-11-08,49,SP,6435.02,referral
2923,2023-08-19,1993-08-19,30,PR,4216.92,paid_search
2924,2025-03-27,1983-03-28,42,BA,5114.87,partner
2925,2024-08-22,1984-08-22,40,SP,1848.22,paid_search
2926,2026-08-03,2003-08-04,23,RJ,3208.11,social_media
2927,2023-08-31,1967-08-31,56,SP,2801.59,partner
2928,2025-03-30,2007-03-31,18,SP,3667.43,organic
2929,2024-01-02,1989-01-02,35,SP,2548.66,paid_search
2930,2023-03-26,1963-03-26,60,SP,1963.5,organic
2931,2024-04-30,2001-05-01,23,SP,3932.84,social_media
2932,2023-01-30,1999-01-30,24,SP,1500.0,organic
2933,2025-03-10,1987-03-11,38,MG,11494.99,paid_search
2934,2023-02-05,1998-02-05,25,RS,7885.1,social_media
2935,2026-02-16,1990-02-16,36,PR,7781.36,partner
2936,2026-03-12,1973-03-12,53,PE,18316.87,organic
2937,2025-08-24,1975-08-25,50,PR,3200.47,organic
2938,2023-09-09,1965-09-09,58,PE,4066.85,partner
2939,2023-09-27,2005-09-27,18,SP,2302.99,paid_search
2940,2026-02-18,2005-02-18,21,RS,1500.0,social_media
2941,2024-09-08,1976-09-08,48,PR,2875.53,referral
2942,2026-06-05,1993-06-05,33,MG,6515.96,partner
2943,2024-01-01,1977-01-01,47,SP,1809.24,referral
2944,2025-10-18,1966-10-19,59,SP,10379.07,partner
2945,2024-10-28,1992-10-28,32,RJ,8317.39,referral
2946,2023-01-13,1979-01-13,44,RJ,3718.87,organic
2947,2023-12-07,1993-12-07,30,MG,2499.82,organic
2948,2023-05-20,2005-05-20,18,RS,4779.42,organic
2949,2023-10-21,1994-10-21,29,SP,7210.63,organic
2950,2024-05-19,1996-05-19,28,MG,4735.59,paid_search
2951,2026-02-08,1992-02-09,34,BA,4260.19,organic
2952,2025-07-07,1981-07-07,44,PE,4050.3,organic
2953,2025-01-13,1989-01-13,36,RJ,2995.16,referral
2954,2026-07-31,1984-07-31,42,SP,7035.28,referral
2955,2023-08-18,1974-08-18,49,PE,6791.64,partner
2956,2024-02-13,2006-02-13,18,SP,8074.03,social_media
2957,2024-11-13,1985-11-14,39,PE,2329.59,partner
2958,2023-06-20,1971-06-20,52,RS,3051.87,organic
2959,2025-12-03,1958-12-04,67,RJ,2513.91,organic
2960,2023-12-25,2002-12-25,21,PR,3787.12,social_media
2961,2025-09-09,1995-09-10,30,SP,4286.55,organic
2962,2024-10-03,1989-10-04,35,SP,3964.28,referral
2963,2024-03-11,1969-03-12,55,RJ,10480.56,referral
2964,2025-11-14,1996-11-14,29,MG,1951.35,paid_search
2965,2024-01-21,1993-01-21,31,RJ,6269.04,partner
2966,2023-11-29,1962-11-29,61,MG,1500.0,partner
2967,2024-04-04,1983-04-05,41,MG,9373.06,partner
2968,2024-06-20,1975-06-21,49,CE,3383.96,organic
2969,2023-03-17,1974-03-17,49,MG,4891.9,paid_search
2970,2024-11-28,1977-11-29,47,SP,7931.31,partner
2971,2025-12-05,1990-12-06,35,MG,2798.26,referral
2972,2026-06-22,1979-06-23,47,BA,17531.52,partner
2973,2026-04-08,1994-04-08,32,RS,2282.05,partner
2974,2024-11-03,1981-11-04,43,MG,6435.72,paid_search
2975,2025-11-27,1989-11-27,36,PE,2261.05,partner
2976,2026-01-08,2008-01-09,18,MG,2092.11,organic
2977,2026-05-31,1978-05-31,48,PE,2414.05,referral
2978,2024-06-21,1994-06-22,30,RS,5862.19,partner
2979,2023-11-24,1997-11-24,26,RJ,4501.72,organic
2980,2024-11-30,1988-11-30,36,BA,6539.55,organic
2981,2026-03-29,1988-03-29,38,RJ,4733.55,referral
2982,2026-03-26,1953-03-26,73,PE,23216.6,organic
2983,2026-03-19,1993-03-19,33,PE,4038.04,referral
2984,2023-10-30,1991-10-30,32,MG,3605.54,paid_search
2985,2024-03-28,1981-03-29,43,MG,8997.45,organic
2986,2025-08-09,1998-08-10,27,CE,3084.12,paid_search
2987,2023-02-10,1986-02-10,37,MG,6095.04,paid_search
2988,2025-12-26,1994-12-27,31,SP,4688.48,paid_search
2989,2026-08-16,1981-08-16,45,SP,4103.65,referral
2990,2025-12-31,1996-12-31,29,PR,14372.54,social_media
2991,2024-08-03,1998-08-04,26,SP,4967.26,social_media
2992,2024-12-03,1965-12-04,59,CE,10967.8,referral
2993,2025-02-15,1987-02-16,38,RJ,2864.62,partner
2994,2026-03-09,1995-03-10,31,SP,1918.45,organic
2995,2023-01-15,1996-01-16,27,CE,3410.31,paid_search
2996,2025-07-11,1998-07-12,27,BA,2013.8,paid_search
2997,2025-02-08,1987-02-09,38,SP,1500.0,organic
2998,2025-02-16,1974-02-17,51,SP,3731.58,referral
2999,2023-10-02,1972-10-02,51,RJ,2210.09,organic
3000,2025-02-13,2007-02-14,18,SP,2645.11,social_media
3001,2025-12-03,1969-12-03,56,SP,15561.16,referral
3002,2023-03-13,1975-03-13,48,RS,7722.13,referral
3003,2026-07-23,1980-07-23,46,RS,6046.82,referral
3004,2023-03-29,1992-03-29,31,CE,5963.79,paid_search
3005,2025-10-01,1986-10-02,39,SP,3934.84,organic
3006,2024-06-23,1987-06-24,37,MG,6161.47,paid_search
3007,2026-04-27,1992-04-27,34,PE,2708.82,partner
3008,2025-10-11,1980-10-11,45,SP,20697.13,organic
3009,2026-03-12,1982-03-12,44,PR,2680.55,partner
3010,2024-07-06,1974-07-07,50,RS,7782.6,organic
3011,2024-04-30,1977-05-01,47,RJ,4935.25,paid_search
3012,2023-02-13,2003-02-13,20,MG,2859.74,organic
3013,2023-09-03,1981-09-03,42,PR,3663.36,organic
3014,2025-11-04,2007-11-05,18,RJ,3586.84,organic
3015,2025-01-05,1979-01-06,46,SP,3290.42,partner
3016,2023-01-29,1988-01-30,35,PR,5726.9,organic
3017,2024-12-15,1979-12-16,45,RS,3149.15,referral
3018,2023-12-08,1964-12-08,59,CE,4249.08,referral
3019,2026-08-29,1997-08-29,29,PE,5235.98,social_media
3020,2025-10-10,1977-10-10,48,BA,8203.05,paid_search
3021,2023-11-23,1991-11-23,32,SP,4359.87,partner
3022,2026-06-15,1951-06-16,75,SP,4037.11,partner
3023,2023-02-27,2002-02-27,21,RJ,8374.76,social_media
3024,2024-01-11,1997-01-11,27,SP,1613.89,paid_search
3025,2023-10-23,1985-10-23,38,PR,8254.87,paid_search
3026,2025-05-08,1986-05-09,39,PE,4974.4,organic
3027,2024-01-30,1992-01-30,32,PE,3623.37,organic
3028,2023-11-02,1972-11-02,51,MG,4517.24,referral
3029,2023-11-07,1985-11-07,38,SP,7343.43,partner
3030,2023-10-05,1989-10-05,34,PE,3324.44,organic
3031,2023-01-21,1993-01-21,30,SP,1631.41,paid_search
3032,2024-11-14,1975-11-15,49,CE,5489.29,partner
3033,2024-03-18,1990-03-19,34,BA,1770.48,paid_search
3034,2023-07-11,1989-07-11,34,PE,4535.49,organic
3035,2025-11-09,1992-11-09,33,SP,2751.69,referral
3036,2024-10-09,1986-10-10,38,RS,6046.52,partner
3037,2023-08-18,1980-08-18,43,SP,4652.8,referral
3038,2024-09-19,1987-09-20,37,SP,17774.67,referral
3039,2023-09-27,1983-09-27,40,MG,2154.62,paid_search
3040,2026-04-18,1982-04-18,44,SP,7587.0,partner
3041,2024-01-05,1988-01-05,36,BA,3505.79,referral
3042,2023-07-13,1984-07-13,39,SP,2385.72,partner
3043,2026-05-19,1981-05-19,45,PE,3574.75,organic
3044,2025-02-21,2005-02-21,20,PE,1500.0,social_media
3045,2024-10-16,1972-10-16,52,RS,5705.76,organic
3046,2024-08-07,1991-08-08,33,BA,2370.32,partner
3047,2023-09-17,1983-09-17,40,PE,3542.8,paid_search
3048,2025-06-16,1976-06-16,49,PR,5484.79,organic
3049,2026-03-17,1979-03-18,47,PR,2554.61,organic
3050,2023-04-14,1983-04-14,40,SP,12936.26,paid_search
3051,2025-03-15,2003-03-16,22,SP,2217.29,social_media
3052,2024-07-24,1999-07-25,25,MG,3751.84,social_media
3053,2025-10-29,1983-10-30,42,CE,4155.62,paid_search
3054,2023-10-31,1978-10-31,45,BA,1500.0,partner
3055,2023-10-31,1978-10-31,45,SP,5309.12,referral
3056,2025-04-05,1996-04-05,29,RJ,5053.04,social_media
3057,2025-11-23,2007-11-24,18,MG,1865.5,paid_search
3058,2023-01-06,1988-01-07,35,PE,2657.23,paid_search
3059,2024-04-26,1977-04-27,47,CE,9113.13,partner
3060,2026-06-19,1978-06-19,48,PE,3516.81,organic
3061,2026-01-26,2008-01-27,18,SP,6138.83,organic
3062,2025-11-20,1963-11-21,62,SP,3550.27,referral
3063,2024-05-15,1982-05-16,42,PE,8408.22,referral
3064,2024-06-14,1988-06-14,36,SP,1836.13,referral
3065,2023-11-04,1978-11-04,45,SP,3977.6,paid_search
3066,2024-07-22,1988-07-22,36,SP,2136.69,referral
3067,2024-08-03,2003-08-04,21,RS,3186.81,social_media
3068,2023-07-15,1995-07-15,28,PE,12857.19,organic
3069,2026-01-09,1973-01-09,53,SP,3330.58,partner
3070,2026-05-06,1998-05-06,28,RS,8457.59,social_media
3071,2025-12-23,2002-12-24,23,RJ,3054.61,paid_search
3072,2026-07-28,1968-07-28,58,CE,5096.94,referral
3073,2024-12-06,1984-12-06,40,SP,4981.15,organic
3074,2025-05-07,1988-05-07,37,CE,8201.54,referral
3075,2024-12-09,1996-12-09,28,RS,1571.38,social_media
3076,2025-08-09,1991-08-10,34,MG,2861.65,partner
3077,2023-02-18,1980-02-19,43,SP,8076.18,paid_search
3078,2026-03-08,1986-03-08,40,BA,9877.03,referral
3079,2023-07-03,1973-07-03,50,SP,5484.23,partner
3080,2025-05-29,1975-05-30,50,RJ,14690.59,partner
3081,2024-10-01,1989-10-02,35,RS,19341.97,partner
3082,2025-05-08,1985-05-08,40,CE,7719.37,organic
3083,2023-08-08,1993-08-08,30,PE,3987.51,paid_search
3084,2024-09-25,1994-09-26,30,RJ,2494.18,partner
3085,2023-06-20,1998-06-20,25,SP,4963.89,paid_search
3086,2024-01-11,1986-01-11,38,SP,14964.56,partner
3087,2024-12-20,1967-12-21,57,CE,9322.19,referral
3088,2026-06-26,1997-06-26,29,RS,7686.73,organic
3089,2025-06-24,2007-06-25,18,PR,2200.98,social_media
3090,2023-11-23,1987-11-23,36,MG,5456.29,organic
3091,2025-04-25,1982-04-26,43,RJ,4785.7,referral
3092,2023-10-26,1986-10-26,37,SP,3394.24,paid_search
3093,2024-09-21,1968-09-21,56,RS,9908.45,referral
3094,2023-11-05,1979-11-05,44,PE,8201.79,referral
3095,2026-05-23,1989-05-23,37,SP,4850.95,partner
3096,2024-07-20,1998-07-21,26,PR,4417.61,social_media
3097,2023-07-27,1993-07-27,30,PR,4214.64,paid_search
3098,2025-08-07,2002-08-08,23,SP,6815.94,paid_search
3099,2024-04-06,1995-04-07,29,SP,8552.02,social_media
3100,2023-05-13,1972-05-13,51,RJ,1658.15,organic
3101,2023-02-17,1973-02-17,50,RS,3519.12,partner
3102,2024-09-28,1987-09-29,37,SP,5848.92,paid_search
3103,2024-05-21,1983-05-22,41,SP,2179.26,partner
3104,2023-01-09,1990-01-09,33,PR,3058.6,partner
3105,2023-04-19,1977-04-19,46,PE,6234.68,partner
3106,2026-02-01,1989-02-01,37,PR,18737.48,organic
3107,2023-06-14,1977-06-14,46,CE,4816.7,organic
3108,2025-10-13,1982-10-14,43,BA,5683.33,partner
3109,2023-04-04,1984-04-04,39,MG,1500.0,referral
3110,2026-06-17,1994-06-17,32,CE,2272.96,referral
3111,2026-07-26,2003-07-27,23,RS,11509.21,social_media
3112,2024-02-26,1983-02-26,41,CE,3638.17,paid_search
3113,2023-09-02,1959-09-02,64,MG,18368.03,organic
3114,2023-01-08,1982-01-08,41,RJ,9542.13,organic
3115,2024-04-09,2006-04-10,18,PE,1500.0,social_media
3116,2023-09-23,1980-09-23,43,RS,21547.52,partner
3117,2024-05-29,2006-05-30,18,RJ,2985.81,social_media
3118,2025-07-05,1985-07-05,40,RS,4927.09,organic
3119,2024-01-08,1982-01-08,42,BA,6707.28,referral
3120,2025-08-11,2002-08-12,23,RS,3581.88,organic
3121,2024-06-10,1991-06-11,33,PR,7228.76,organic
3122,2025-02-26,1996-02-27,29,MG,7211.76,paid_search
3123,2024-06-15,1997-06-16,27,SP,3169.92,social_media
3124,2025-06-13,1979-06-14,46,MG,1955.16,referral
3125,2023-10-18,1982-10-18,41,PE,4063.27,paid_search
3126,2025-03-06,1985-03-06,40,PE,4506.97,paid_search
3127,2025-01-15,1960-01-16,65,PR,6294.99,referral
3128,2024-07-31,1978-08-01,46,PR,9830.69,paid_search
3129,2026-03-29,1979-03-30,47,SP,3992.87,partner
3130,2026-05-15,1977-05-15,49,PR,3272.62,partner
3131,2024-08-18,2004-08-18,20,SP,9075.42,paid_search
3132,2024-04-21,1974-04-22,50,SP,3652.3,referral
3133,2025-10-01,2007-10-02,18,PR,4976.72,paid_search
3134,2024-05-20,1987-05-21,37,MG,2018.12,organic
3135,2023-10-08,1990-10-08,33,RJ,4019.8,paid_search
3136,2024-04-24,1988-04-24,36,MG,7506.16,organic
3137,2024-11-30,1991-12-01,33,RS,7649.79,partner
3138,2023-11-26,1980-11-26,43,SP,4147.89,referral
3139,2025-06-10,1986-06-11,39,SP,1674.41,partner
3140,2023-10-17,2005-10-17,18,PE,3141.65,organic
3141,2025-08-07,1979-08-08,46,SP,6931.96,paid_search
3142,2025-09-12,1979-09-13,46,BA,5696.24,partner
3143,2024-08-30,1977-08-31,47,RJ,3593.63,paid_search
3144,2025-02-24,2007-02-25,18,PE,3612.45,paid_search
3145,2025-12-17,1993-12-17,32,RJ,5793.29,organic
3146,2025-07-07,1984-07-07,41,SP,5997.9,paid_search
3147,2023-10-22,1990-10-22,33,PR,2648.05,partner
3148,2025-09-01,1987-09-02,38,SP,1751.09,paid_search
3149,2025-12-19,2000-12-19,25,RJ,9914.93,organic
3150,2025-12-07,1982-12-08,43,CE,5403.87,organic
3151,2024-11-16,1983-11-17,41,SP,3964.07,paid_search
3152,2025-08-29,2007-08-30,18,SP,2991.74,paid_search
3153,2026-05-05,1981-05-05,45,SP,6210.95,partner
3154,2023-04-29,1996-04-29,27,BA,3826.38,paid_search
3155,2024-11-25,1990-11-26,34,RS,8119.76,paid_search
3156,2025-12-15,1982-12-16,43,SP,9425.36,partner
3157,2023-09-24,1993-09-24,30,PE,10597.93,partner
3158,2025-05-22,1985-05-22,40,MG,3821.68,partner
3159,2026-03-27,1991-03-28,35,SP,2115.22,organic
3160,2024-02-29,1988-02-29,36,MG,6427.42,paid_search
3161,2025-04-26,1953-04-26,72,PR,10672.49,partner
3162,2024-07-04,1988-07-04,36,RJ,2053.53,organic
3163,2023-05-27,2005-05-27,18,BA,2547.81,paid_search
3164,2023-01-23,1978-01-23,45,CE,3747.79,paid_search
3165,2025-04-26,1984-04-26,41,RS,3957.21,organic
3166,2025-06-21,1994-06-22,31,SP,2695.73,paid_search
3167,2026-02-11,1980-02-12,46,MG,13747.58,referral
3168,2024-06-16,1986-06-17,38,PE,12431.78,referral
3169,2023-08-11,1988-08-11,35,MG,1500.0,partner
3170,2024-01-05,1995-01-05,29,MG,2072.77,paid_search
3171,2026-08-28,1957-08-28,69,MG,5833.37,partner
3172,2025-05-09,1978-05-10,47,RJ,11785.94,partner
3173,2023-12-07,1995-12-07,28,CE,4389.4,organic
3174,2026-07-07,1992-07-07,34,MG,4294.83,referral
3175,2023-01-06,1998-01-06,25,SP,1844.51,social_media
3176,2023-04-02,1979-04-02,44,MG,7401.98,paid_search
3177,2026-05-03,1981-05-03,45,PE,2297.1,referral
3178,2024-05-02,1984-05-02,40,MG,2801.78,organic
3179,2026-04-12,1985-04-12,41,SP,3127.22,organic
3180,2023-12-10,1960-12-10,63,SP,4122.55,partner
3181,2024-12-05,1984-12-05,40,MG,1542.53,organic
3182,2024-04-07,1990-04-08,34,RS,6620.83,referral
3183,2024-03-02,2001-03-03,23,SP,6188.74,social_media
3184,2025-03-18,2002-03-19,23,RS,3993.26,organic
3185,2023-02-24,1997-02-24,26,RJ,4457.66,paid_search
3186,2024-07-07,1970-07-08,54,PE,17343.51,partner
3187,2024-10-03,1973-10-04,51,MG,3108.91,referral
3188,2023-06-04,1995-06-04,28,RJ,2837.47,social_media
3189,2023-05-15,1976-05-15,47,MG,14372.82,paid_search
3190,2025-07-06,1994-07-07,31,SP,2171.23,organic
3191,2024-04-14,1977-04-15,47,BA,2584.09,referral
3192,2025-08-27,1981-08-27,44,SP,6878.67,partner
3193,2024-05-30,2006-05-31,18,SP,4347.24,organic
3194,2024-07-04,1969-07-05,55,SP,3745.24,partner
3195,2024-04-16,1979-04-17,45,SP,2112.07,paid_search
3196,2023-07-25,1994-07-25,29,MG,2311.43,social_media
3197,2025-11-25,1979-11-26,46,MG,6008.64,paid_search
3198,2025-02-05,1999-02-06,26,BA,2800.41,social_media
3199,2025-10-24,2006-10-25,19,SP,5247.66,organic
3200,2023-08-13,1991-08-13,32,MG,2641.38,partner
3201,2023-03-26,2001-03-26,22,PR,2377.01,social_media
3202,2023-12-15,1978-12-15,45,MG,11789.16,organic
3203,2025-01-03,1968-01-04,57,SP,5220.68,partner
3204,2025-06-06,2007-06-07,18,SP,5929.98,organic
3205,2025-01-05,1989-01-05,36,PR,20788.35,referral
3206,2025-06-14,2002-06-15,23,BA,3445.38,social_media
3207,2023-02-06,1986-02-06,37,RJ,9243.42,referral
3208,2024-09-16,1996-09-16,28,RS,10857.98,paid_search
3209,2025-02-03,1974-02-04,51,SP,3422.07,partner
3210,2023-01-18,1978-01-18,45,BA,5166.31,partner
3211,2023-12-11,1984-12-11,39,RJ,4852.52,referral
3212,2024-01-05,2006-01-05,18,MG,4891.76,paid_search
3213,2023-06-28,1989-06-28,34,MG,8990.18,partner
3214,2025-03-18,1972-03-18,53,SP,6620.96,partner
3215,2025-03-27,1961-03-27,64,RS,6988.28,referral
3216,2023-05-17,1985-05-17,38,RJ,3558.36,paid_search
3217,2026-06-12,1971-06-13,55,PE,3476.74,referral
3218,2026-01-08,1980-01-09,46,MG,2902.39,partner
3219,2023-07-11,1972-07-11,51,SP,2576.81,referral
3220,2024-10-18,1978-10-19,46,SP,1500.0,partner
3221,2023-04-23,1998-04-23,25,SP,1708.82,organic
3222,2024-12-25,1984-12-25,40,PE,5066.65,paid_search
3223,2024-02-14,1987-02-14,37,PR,13929.42,organic
3224,2024-02-26,1981-02-26,43,CE,1574.12,referral
3225,2024-08-02,1994-08-03,30,SP,3416.47,referral
3226,2023-08-27,2005-08-27,18,RS,2242.62,paid_search
3227,2025-03-06,2001-03-06,24,RJ,5802.89,paid_search
3228,2026-05-22,1990-05-22,36,SP,4981.71,referral
3229,2025-05-27,1983-05-28,42,RS,1889.07,organic
3230,2023-06-27,1998-06-27,25,PR,3645.09,social_media
3231,2023-12-20,1988-12-20,35,RS,3247.43,referral
3232,2024-06-30,1979-07-01,45,PR,2067.95,paid_search
3233,2024-07-04,1998-07-05,26,PR,3766.23,paid_search
3234,2025-07-07,1970-07-08,55,MG,4625.72,referral
3235,2025-05-06,1991-05-07,34,BA,2115.84,referral
3236,2023-05-10,1987-05-10,36,MG,3127.59,referral
3237,2026-07-05,1978-07-05,48,CE,2930.36,referral
3238,2024-04-25,1996-04-25,28,SP,4262.88,social_media
3239,2026-04-06,1986-04-06,40,PE,5542.01,partner
3240,2026-08-19,2002-08-19,24,MG,5141.68,paid_search
3241,2025-10-31,1973-10-31,52,SP,4944.3,partner
3242,2023-06-18,1989-06-18,34,MG,3672.25,referral
3243,2025-05-01,1988-05-01,37,RJ,5976.2,paid_search
3244,2025-04-07,1975-04-08,50,MG,3963.85,organic
3245,2026-03-15,1984-03-15,42,RJ,4845.93,partner
3246,2026-08-23,1988-08-23,38,PR,4782.08,paid_search
3247,2025-01-14,2007-01-15,18,PE,5586.36,social_media
3248,2025-06-28,1974-06-29,51,SP,4492.61,referral
3249,2023-02-25,1999-02-25,24,BA,1593.82,organic
3250,2023-09-04,1975-09-04,48,MG,2451.82,partner
3251,2026-03-22,2001-03-22,25,MG,6157.39,organic
3252,2025-11-04,2004-11-04,21,RJ,1500.0,organic
3253,2026-05-09,1987-05-10,39,RJ,2703.53,referral
3254,2023-12-13,1989-12-13,34,BA,19287.94,partner
3255,2025-03-29,1965-03-29,60,PR,14749.23,organic
3256,2026-07-28,1985-07-28,41,SP,5764.19,partner
3257,2023-06-09,1997-06-09,26,BA,1698.79,social_media
3258,2023-05-06,1989-05-06,34,PR,3759.69,organic
3259,2025-08-29,1980-08-29,45,MG,8570.98,organic
3260,2026-03-06,1968-03-06,58,PR,13554.39,organic
3261,2023-11-12,1995-11-12,28,RS,3621.4,social_media
3262,2025-12-29,1982-12-30,43,RJ,11453.35,paid_search
3263,2025-04-09,1993-04-09,32,SP,6353.69,paid_search
3264,2023-06-28,1989-06-28,34,BA,2837.82,organic
3265,2023-08-20,1990-08-20,33,MG,3834.97,partner
3266,2026-05-11,1968-05-11,58,SP,11065.72,partner
3267,2024-01-24,1977-01-24,47,MG,7093.06,paid_search
3268,2023-04-22,1985-04-22,38,BA,11589.73,organic
3269,2025-08-12,1988-08-12,37,RJ,3265.3,organic
3270,2024-12-04,1992-12-04,32,RS,5078.75,organic
3271,2023-07-30,2003-07-30,20,RS,4591.26,social_media
3272,2026-09-01,1972-09-01,54,RJ,4363.55,partner
3273,2023-04-05,1982-04-05,41,MG,1786.29,organic
3274,2025-07-02,1985-07-02,40,RS,2457.96,organic
3275,2025-11-26,2003-11-27,22,RS,3253.46,organic
3276,2023-12-06,2004-12-06,19,MG,3002.94,paid_search
3277,2024-09-04,1981-09-05,43,CE,2286.68,referral
3278,2026-03-03,1997-03-03,29,SP,5936.91,social_media
3279,2023-06-04,1986-06-04,37,CE,8722.58,partner
3280,2023-08-14,1985-08-14,38,SP,4274.41,organic
3281,2026-02-15,1982-02-15,44,PE,6131.06,paid_search
3282,2025-05-12,1986-05-13,39,SP,7961.86,referral
3283,2024-03-23,1994-03-24,30,MG,2587.4,partner
3284,2023-01-13,1971-01-13,52,PE,3429.19,partner
3285,2024-03-16,1988-03-16,36,PE,4119.2,paid_search
3286,2026-02-03,1987-02-04,39,RS,5123.42,organic
3287,2024-05-26,2000-05-26,24,RJ,2466.7,organic
3288,2024-09-23,1998-09-24,26,PE,2291.2,paid_search
3289,2024-06-07,1991-06-08,33,RJ,3788.94,referral
3290,2023-02-03,1986-02-03,37,CE,4473.76,referral
3291,2026-03-13,2002-03-13,24,RJ,1635.85,paid_search
3292,2023-11-08,1981-11-08,42,CE,2129.11,partner
3293,2026-05-22,1983-05-23,43,SP,5287.23,referral
3294,2026-03-07,2008-03-07,18,PR,4036.86,organic
3295,2023-04-14,1978-04-14,45,RJ,5282.86,partner
3296,2025-05-03,1990-05-04,35,SP,4849.93,paid_search
3297,2024-12-07,2006-12-08,18,RS,3493.91,organic
3298,2025-09-04,1963-09-05,62,RS,4786.6,organic
3299,2025-10-11,1995-10-12,30,RS,3628.57,paid_search
3300,2024-06-05,1984-06-05,40,RJ,6569.37,paid_search
3301,2026-05-20,1996-05-20,30,PR,3606.91,organic
3302,2024-08-16,1988-08-16,36,SP,6898.92,partner
3303,2025-03-27,1977-03-27,48,BA,10573.73,organic
3304,2024-08-05,1973-08-06,51,BA,5722.31,referral
3305,2023-02-04,1979-02-04,44,RJ,1812.8,partner
3306,2023-09-29,1964-09-29,59,PE,7050.2,partner
3307,2025-02-24,1993-02-24,32,BA,5499.55,organic
3308,2024-11-05,1968-11-05,56,MG,7167.78,organic
3309,2024-01-10,1984-01-10,40,PE,1500.0,organic
3310,2026-06-28,1966-06-28,60,CE,6800.82,referral
3311,2026-03-10,1968-03-10,58,MG,16643.37,partner
3312,2025-12-29,1996-12-29,29,SP,2708.23,social_media
3313,2025-07-07,1997-07-07,28,CE,3485.89,paid_search
3314,2023-11-10,1994-11-10,29,BA,7062.19,paid_search
3315,2023-01-14,1993-01-14,30,SP,1688.06,referral
3316,2024-04-06,1967-04-07,57,CE,7672.98,organic
3317,2024-10-08,1983-10-09,41,PE,4601.82,paid_search
3318,2023-05-31,1990-05-31,33,RJ,2964.14,paid_search
3319,2023-04-03,1979-04-03,44,MG,11427.01,organic
3320,2026-04-24,1980-04-24,46,SP,4859.44,organic
3321,2024-01-24,1989-01-24,35,SP,3822.68,organic
3322,2024-07-08,1979-07-09,45,RJ,6389.11,paid_search
3323,2024-10-07,1959-10-08,65,RS,8856.45,partner
3324,2023-06-06,1988-06-06,35,PR,7246.89,organic
3325,2026-02-15,1969-02-15,57,PE,2672.12,partner
3326,2023-06-10,2005-06-10,18,SP,3599.55,social_media
3327,2024-12-06,1998-12-07,26,BA,5995.06,paid_search
3328,2024-06-17,1970-06-18,54,SP,9054.84,partner
3329,2024-05-24,1991-05-25,33,SP,9724.08,organic
3330,2023-04-14,1989-04-14,34,SP,9812.85,organic
3331,2024-09-29,1991-09-30,33,RJ,5401.78,organic
3332,2026-01-10,1979-01-11,47,PE,3090.32,paid_search
3333,2023-03-23,1985-03-23,38,PR,5354.95,referral
3334,2026-07-10,1977-07-10,49,CE,10752.27,organic
3335,2023-11-07,1991-11-07,32,BA,2767.5,paid_search
3336,2024-02-22,1982-02-22,42,BA,3573.57,paid_search
3337,2023-04-24,1971-04-24,52,RJ,5182.07,organic
3338,2026-02-17,1995-02-18,31,RJ,1500.0,organic
3339,2026-01-12,1977-01-12,49,MG,2990.39,paid_search
3340,2025-03-09,2006-03-10,19,SP,1500.0,organic
3341,2024-11-24,1997-11-25,27,PR,1751.24,social_media
3342,2026-05-01,1993-05-01,33,MG,10680.48,paid_search
3343,2023-10-28,1977-10-28,46,RS,7038.03,referral
3344,2025-01-14,1987-01-15,38,BA,2081.57,organic
3345,2025-12-25,1995-12-26,30,SP,4789.45,partner
3346,2023-05-11,2002-05-11,21,SP,14443.37,organic
3347,2024-11-25,1989-11-26,35,RJ,3788.22,partner
3348,2023-01-06,2001-01-06,22,SP,2227.59,paid_search
3349,2023-02-03,1976-02-04,47,MG,4691.3,partner
3350,2025-11-24,1977-11-24,48,SP,2003.91,partner
3351,2024-04-29,1975-04-30,49,RJ,1615.85,referral
3352,2023-01-17,1982-01-17,41,MG,5105.7,paid_search
3353,2026-04-16,1983-04-17,43,SP,7218.9,organic
3354,2023-10-21,1984-10-21,39,SP,2924.08,partner
3355,2025-01-29,2004-01-30,21,SP,8215.04,social_media
3356,2025-03-14,1995-03-15,30,PE,5250.26,organic
3357,2023-09-30,1977-09-30,46,RS,6205.88,referral
3358,2026-07-14,1999-07-15,27,MG,2207.06,organic
3359,2026-02-14,1979-02-15,47,SP,3498.08,organic
3360,2026-02-15,1991-02-16,35,PE,5375.1,partner
3361,2024-12-13,1997-12-14,27,SP,6214.35,paid_search
3362,2025-03-26,1998-03-27,27,CE,2498.89,organic
3363,2025-01-29,1979-01-30,46,RJ,3596.25,organic
3364,2024-04-25,1975-04-26,49,CE,3122.07,paid_search
3365,2024-09-26,1989-09-27,35,PE,3715.06,partner
3366,2025-04-11,1988-04-11,37,PE,1784.41,organic
3367,2023-05-26,1991-05-26,32,PE,3411.45,organic
3368,2025-05-16,1982-05-17,43,RJ,2315.59,referral
3369,2025-12-14,1991-12-15,34,SP,3230.55,paid_search
3370,2026-04-24,1987-04-25,39,SP,4187.64,partner
3371,2024-06-25,1988-06-25,36,PE,12455.42,partner
3372,2026-04-10,2000-04-10,26,PE,4883.24,organic
3373,2023-06-13,1984-06-13,39,MG,4808.17,referral
3374,2025-04-08,2007-04-09,18,MG,2913.97,social_media
3375,2026-02-08,1986-02-08,40,BA,4535.63,partner
3376,2025-03-21,1963-03-22,62,MG,2087.63,partner
3377,2025-08-28,1986-08-29,39,SP,2739.28,organic
3378,2026-05-20,1993-05-20,33,SP,4119.28,paid_search
3379,2026-05-21,1991-05-22,35,BA,3767.68,paid_search
3380,2026-02-22,1996-02-23,30,RS,1847.13,partner
3381,2025-07-31,2004-07-31,21,MG,2220.08,social_media
3382,2026-06-27,1972-06-27,54,CE,1549.16,partner
3383,2026-08-27,1984-08-27,42,BA,4282.12,paid_search
3384,2025-11-23,1982-11-24,43,SP,4751.73,paid_search
3385,2026-05-30,1971-05-31,55,SP,4498.18,partner
3386,2024-12-01,1985-12-02,39,SP,1500.0,partner
3387,2024-10-24,2003-10-25,21,MG,2874.2,social_media
3388,2023-09-20,1978-09-20,45,RJ,4694.34,organic
3389,2025-04-28,1977-04-28,48,CE,11113.23,referral
3390,2025-09-06,1997-09-06,28,PE,4134.6,paid_search
3391,2023-03-12,1991-03-12,32,MG,5861.29,referral
3392,2023-06-23,1977-06-23,46,BA,2010.52,referral
3393,2023-04-20,1976-04-20,47,PE,6571.51,referral
3394,2025-11-02,1977-11-02,48,SP,4805.38,organic
3395,2025-05-30,1987-05-31,38,PE,5826.65,referral
3396,2026-07-23,1990-07-23,36,PR,7438.76,referral
3397,2025-04-23,1989-04-23,36,RJ,3011.19,paid_search
3398,2023-08-02,1995-08-02,28,RJ,1919.1,organic
3399,2025-09-19,1988-09-19,37,BA,10617.04,organic
3400,2024-06-11,2006-06-12,18,MG,4750.14,organic
3401,2026-06-24,1972-06-24,54,PE,2561.55,organic
3402,2024-03-01,2001-03-02,23,SP,1832.03,paid_search
3403,2024-03-19,1973-03-20,51,CE,3513.04,referral
3404,2023-07-26,1971-07-26,52,SP,6287.16,organic
3405,2026-08-26,1967-08-27,59,PE,7539.16,partner
3406,2024-04-11,1976-04-11,48,SP,7124.97,paid_search
3407,2023-10-09,1967-10-09,56,CE,7509.66,partner
3408,2024-09-06,1998-09-07,26,SP,11345.41,paid_search
3409,2025-03-25,1992-03-25,33,BA,1662.79,paid_search
3410,2023-09-21,2005-09-21,18,SP,3478.07,paid_search
3411,2023-04-29,1993-04-29,30,PR,1575.26,partner
3412,2023-06-07,1972-06-07,51,CE,1722.41,organic
3413,2026-08-08,1996-08-08,30,BA,4724.41,referral
3414,2025-03-12,1980-03-12,45,PE,7173.01,partner
3415,2026-06-30,1991-07-01,35,SP,10174.8,organic
3416,2026-06-25,1968-06-25,58,RS,5289.78,referral
3417,2023-04-14,1983-04-14,40,RS,4005.33,paid_search
3418,2023-01-16,1989-01-16,34,PE,9049.11,partner
3419,2024-07-22,1995-07-23,29,RJ,3373.37,paid_search
3420,2025-10-07,1972-10-07,53,SP,5157.69,referral
3421,2023-04-18,1995-04-18,28,RJ,6504.91,social_media
3422,2025-01-01,1979-01-02,46,PE,4217.09,organic
3423,2023-11-12,1981-11-12,42,SP,1899.45,partner
3424,2024-08-29,1978-08-30,46,PE,2956.01,partner
3425,2023-02-04,1994-02-04,29,SP,3814.84,social_media
3426,2025-07-15,1988-07-15,37,PE,3192.12,referral
3427,2024-07-02,1982-07-03,42,MG,9912.83,paid_search
3428,2023-03-04,1979-03-04,44,CE,7182.2,organic
3429,2024-03-11,1988-03-11,36,MG,4050.75,partner
3430,2026-05-06,1973-05-06,53,RJ,6264.42,partner
3431,2024-11-20,1971-11-21,53,PE,3745.52,organic
3432,2023-01-27,1986-01-27,37,SP,9795.72,referral
3433,2025-02-12,1987-02-13,38,CE,2691.22,paid_search
3434,2026-03-19,2002-03-19,24,SP,1724.99,organic
3435,2026-01-28,1972-01-29,54,RJ,2232.5,partner
3436,2023-10-29,1981-10-29,42,MG,3490.68,paid_search
3437,2024-11-11,2003-11-12,21,RS,2811.91,social_media
3438,2023-03-25,1988-03-25,35,SP,4832.56,partner
3439,2025-08-22,1990-08-23,35,SP,5108.98,partner
3440,2024-07-01,1974-07-02,50,CE,10372.47,referral
3441,2023-01-08,2005-01-08,18,SP,5480.45,organic
3442,2025-03-22,1988-03-22,37,BA,6830.71,partner
3443,2023-11-22,1985-11-22,38,SP,7610.53,partner
3444,2026-06-29,1968-06-29,58,BA,3138.57,partner
3445,2024-08-22,1979-08-23,45,PR,4036.39,partner
3446,2025-04-05,1991-04-06,34,SP,5561.53,organic
3447,2025-01-30,1969-01-30,56,RS,7791.64,organic
3448,2025-10-22,1975-10-23,50,SP,5810.12,organic
3449,2026-04-30,1974-04-30,52,RS,3213.2,referral
3450,2024-03-26,2006-03-27,18,MG,1500.0,organic
3451,2023-02-25,1961-02-25,62,SP,9122.9,referral
3452,2025-05-27,1991-05-28,34,SP,1500.0,partner
3453,2023-04-24,1993-04-24,30,PR,5009.89,partner
3454,2025-05-11,2001-05-11,24,RJ,2272.46,social_media
3455,2026-01-20,2006-01-20,20,PR,5478.05,social_media
3456,2024-12-23,1991-12-24,33,MG,2625.37,referral
3457,2025-01-26,2004-01-27,21,BA,2863.45,organic
3458,2024-03-06,1988-03-06,36,RJ,4786.66,paid_search
3459,2025-12-11,1981-12-11,44,PE,4727.63,paid_search
3460,2026-04-30,1988-04-30,38,SP,6736.2,organic
3461,2026-07-18,1977-07-18,49,MG,7303.8,partner
3462,2023-07-21,2001-07-21,22,RJ,4749.24,paid_search
3463,2025-03-05,1993-03-05,32,MG,4615.6,paid_search
3464,2026-04-22,2008-04-22,18,MG,2444.25,social_media
3465,2024-04-03,1989-04-04,35,BA,12441.44,partner
3466,2023-04-05,1967-04-05,56,SP,4010.73,partner
3467,2025-07-31,2000-07-31,25,RJ,5019.83,social_media
3468,2024-11-23,1987-11-24,37,SP,3347.4,partner
3469,2024-04-28,1988-04-28,36,PR,16908.04,organic
3470,2024-10-23,2006-10-24,18,SP,5026.05,paid_search
3471,2025-06-20,1989-06-20,36,SP,1955.12,paid_search
3472,2025-11-23,1990-11-24,35,SP,6745.08,referral
3473,2025-01-22,1973-01-22,52,PE,8967.92,referral
3474,2024-04-09,1988-04-09,36,CE,2234.21,partner
3475,2023-08-22,1994-08-22,29,PR,8049.92,organic
3476,2023-03-18,1968-03-18,55,MG,3328.97,organic
3477,2025-07-03,2007-07-04,18,SP,4025.72,organic
3478,2024-06-30,1992-06-30,32,SP,4191.88,partner
3479,2026-03-22,1988-03-22,38,PR,1500.0,partner
3480,2024-09-02,1989-09-03,35,PR,2430.09,paid_search
3481,2026-06-09,1992-06-09,34,RJ,15072.62,referral
3482,2026-04-07,1981-04-07,45,CE,3063.64,paid_search
3483,2026-05-16,1973-05-16,53,BA,3077.14,organic
3484,2024-03-02,1996-03-02,28,BA,2948.1,organic
3485,2024-09-15,2006-09-16,18,SP,2270.72,organic
3486,2025-02-02,2007-02-03,18,PE,1794.27,organic
3487,2024-05-21,2005-05-22,19,PE,3198.09,paid_search
3488,2025-02-26,1998-02-27,27,PR,5431.65,organic
3489,2023-09-08,1995-09-08,28,SP,3043.24,organic
3490,2025-09-24,1973-09-24,52,SP,3504.27,organic
3491,2023-07-12,1998-07-12,25,MG,2786.47,paid_search
3492,2025-03-02,1979-03-03,46,BA,1634.0,paid_search
3493,2025-09-24,1984-09-24,41,BA,10343.73,referral
3494,2026-07-28,1998-07-28,28,CE,4826.85,paid_search
3495,2024-01-19,1968-01-19,56,SP,5257.98,organic
3496,2025-02-12,1971-02-13,54,CE,1500.0,referral
3497,2023-10-13,1966-10-13,57,RS,1673.12,referral
3498,2023-10-03,1986-10-03,37,PR,6606.51,paid_search
3499,2024-07-04,1998-07-05,26,PE,8256.73,organic
3500,2023-02-03,1995-02-03,28,PE,10255.49,paid_search
3501,2023-11-03,1992-11-03,31,SP,2568.17,referral
3502,2023-05-09,1993-05-09,30,RJ,3627.91,partner
3503,2023-04-18,1976-04-18,47,RJ,3077.08,referral
3504,2026-08-09,1981-08-09,45,SP,5830.39,paid_search
3505,2026-08-02,1981-08-02,45,SP,3944.02,paid_search
3506,2026-01-26,1972-01-27,54,SP,4535.3,organic
3507,2024-03-02,1976-03-02,48,SP,2554.78,partner
3508,2025-09-12,2006-09-13,19,SP,3597.2,organic
3509,2023-01-02,1992-01-03,31,CE,1721.76,organic
3510,2025-02-04,1968-02-05,57,BA,1605.46,referral
3511,2025-01-02,1980-01-03,45,PR,4480.32,referral
3512,2024-03-13,1981-03-14,43,PE,2284.86,paid_search
3513,2025-06-21,2000-06-21,25,PE,1500.0,paid_search
3514,2025-10-25,1987-10-26,38,PE,4362.29,referral
3515,2024-02-27,1996-02-27,28,CE,2465.01,organic
3516,2025-04-24,1993-04-24,32,SP,3989.53,partner
3517,2023-07-19,1968-07-19,55,MG,4219.59,partner
3518,2025-07-19,1982-07-20,43,PR,3863.84,organic
3519,2023-10-20,1971-10-20,52,MG,1500.0,referral
3520,2025-02-01,2004-02-02,21,CE,1500.0,social_media
3521,2025-04-07,1980-04-07,45,PE,11251.79,referral
3522,2026-08-18,1987-08-19,39,BA,2600.91,referral
3523,2023-10-10,1976-10-10,47,PE,4554.18,referral
3524,2023-06-04,1968-06-04,55,SP,9688.99,referral
3525,2023-07-15,1973-07-15,50,RS,1621.14,referral
3526,2023-09-21,1987-09-21,36,SP,5209.83,partner
3527,2023-10-14,1989-10-14,34,BA,4794.91,organic
3528,2023-08-22,1990-08-22,33,BA,2909.75,paid_search
3529,2026-03-25,1982-03-25,44,SP,2855.36,organic
3530,2024-03-15,1981-03-16,43,SP,6592.37,partner
3531,2024-08-03,1991-08-04,33,SP,2655.42,referral
3532,2026-06-02,1981-06-02,45,RJ,7057.52,partner
3533,2025-05-29,1985-05-29,40,PE,1624.24,partner
3534,2026-07-04,1982-07-04,44,RS,7642.03,referral
3535,2023-12-30,2002-12-30,21,SP,7955.13,paid_search
3536,2026-02-26,2004-02-27,22,PR,1500.0,paid_search
3537,2023-11-19,1992-11-19,31,MG,3688.11,partner
3538,2025-01-26,1981-01-26,44,SP,3824.88,referral
3539,2023-11-23,1989-11-23,34,CE,1555.78,partner
3540,2024-10-12,1974-10-13,50,BA,3556.59,organic
3541,2025-04-15,1976-04-15,49,PR,5568.76,paid_search
3542,2023-11-12,1973-11-12,50,SP,19587.95,partner
3543,2025-10-08,1981-10-08,44,PE,4693.52,partner
3544,2026-08-13,1992-08-13,34,BA,3818.9,paid_search
3545,2024-10-25,1990-10-26,34,SP,4685.67,partner
3546,2024-05-19,1958-05-20,66,BA,4855.63,partner
3547,2026-03-04,2005-03-04,21,MG,10149.38,organic
3548,2023-06-08,1982-06-08,41,SP,3841.44,organic
3549,2023-07-27,2002-07-27,21,MG,4310.43,social_media
3550,2023-02-17,1973-02-17,50,RJ,3680.8,referral
3551,2025-08-23,1995-08-24,30,PR,7495.04,partner
3552,2025-09-14,2007-09-15,18,CE,6377.32,paid_search
3553,2026-03-21,1987-03-22,39,SP,1635.26,referral
3554,2025-06-24,1981-06-24,44,SP,3762.31,paid_search
3555,2026-03-30,1972-03-30,54,SP,7476.73,partner
3556,2024-02-25,1987-02-25,37,RS,3094.15,paid_search
3557,2026-04-13,1978-04-13,48,RS,2210.85,referral
3558,2025-11-01,2000-11-01,25,PR,2115.5,paid_search
3559,2024-08-21,1991-08-22,33,SP,6341.4,paid_search
3560,2024-11-04,1989-11-05,35,SP,3750.06,organic
3561,2023-08-21,2001-08-21,22,MG,1999.88,social_media
3562,2024-02-03,1975-02-03,49,SP,3724.67,partner
3563,2025-05-08,1979-05-09,46,SP,7470.94,organic
3564,2024-07-30,2002-07-31,22,PE,4854.53,paid_search
3565,2023-07-01,1990-07-01,33,RS,4145.13,organic
3566,2024-05-29,2006-05-30,18,RS,1625.64,paid_search
3567,2026-03-30,1998-03-30,28,MG,1707.25,paid_search
3568,2025-05-04,2001-05-04,24,RS,2931.74,social_media
3569,2023-05-29,1974-05-29,49,SP,7471.57,referral
3570,2024-09-11,1998-09-12,26,MG,2590.52,paid_search
3571,2023-05-06,1991-05-06,32,BA,3231.99,organic
3572,2024-02-25,2001-02-25,23,RS,3137.86,paid_search
3573,2023-07-22,1970-07-22,53,PR,7427.55,organic
3574,2024-09-25,2006-09-26,18,RS,2248.93,social_media
3575,2023-11-27,1971-11-27,52,PR,2364.19,organic
3576,2024-09-04,1989-09-05,35,SP,2547.04,referral
3577,2025-10-02,2005-10-02,20,SP,1500.0,social_media
3578,2023-03-18,1969-03-18,54,RS,5430.08,referral
3579,2025-02-15,1976-02-16,49,SP,3792.73,referral
3580,2024-08-04,1976-08-04,48,RS,2866.67,referral
3581,2024-03-22,1993-03-23,31,BA,1513.04,referral
3582,2024-11-21,1976-11-21,48,SP,2397.11,partner
3583,2024-09-30,1986-10-01,38,MG,2013.73,organic
3584,2025-08-13,1988-08-13,37,MG,5726.38,referral
3585,2025-05-22,1995-05-23,30,MG,7245.23,organic
3586,2023-03-04,1979-03-04,44,SP,6226.03,referral
3587,2025-06-05,2007-06-06,18,RS,2045.32,organic
3588,2024-08-29,1978-08-30,46,RS,7730.86,organic
3589,2025-07-22,1981-07-22,44,PR,3864.84,referral
3590,2025-02-22,1977-02-22,48,RS,4726.52,organic
3591,2024-08-25,1975-08-26,49,SP,10023.11,partner
3592,2024-01-04,2000-01-04,24,SP,6674.11,social_media
3593,2023-01-11,1968-01-12,55,PR,4355.0,organic
3594,2024-07-10,1986-07-11,38,CE,6344.91,paid_search
3595,2026-01-03,1980-01-04,46,SP,4968.64,referral
3596,2023-11-27,1975-11-27,48,SP,3299.46,paid_search
3597,2026-02-12,1987-02-13,39,SP,3675.69,paid_search
3598,2025-01-03,1986-01-04,39,CE,5187.64,organic
3599,2024-07-12,1970-07-13,54,MG,4244.01,referral
3600,2025-02-02,1977-02-02,48,RS,2318.69,referral
3601,2024-02-02,1995-02-02,29,RJ,4085.53,social_media
3602,2025-06-13,1969-06-13,56,SP,4187.67,referral
3603,2026-05-11,1988-05-11,38,PE,2521.77,referral
3604,2024-05-11,2001-05-12,23,SP,8875.14,social_media
3605,2025-11-11,1987-11-12,38,MG,2740.96,partner
3606,2024-08-12,1992-08-12,32,BA,5533.83,paid_search
3607,2023-06-24,1997-06-24,26,RS,2365.21,paid_search
3608,2025-10-16,2001-10-16,24,CE,4493.06,social_media
3609,2024-04-10,2002-04-11,22,PE,2203.48,organic
3610,2026-06-24,1985-06-24,41,BA,6292.95,paid_search
3611,2025-04-04,1989-04-04,36,PR,15719.27,partner
3612,2025-02-01,1989-02-01,36,MG,1843.09,referral
3613,2024-01-18,2004-01-18,20,PR,4093.03,organic
3614,2023-04-11,1994-04-11,29,BA,3320.56,organic
3615,2026-01-17,1999-01-18,27,BA,3133.83,social_media
3616,2024-04-23,1981-04-24,43,RJ,3141.94,organic
3617,2023-06-19,1991-06-19,32,SP,8761.66,organic
3618,2024-09-04,1983-09-05,41,MG,4958.28,paid_search
3619,2026-07-24,1979-07-25,47,RJ,3829.89,partner
3620,2024-08-28,1985-08-29,39,SP,3520.86,paid_search
3621,2024-10-23,1979-10-24,45,RJ,6213.93,paid_search
3622,2024-05-28,2006-05-29,18,SP,4478.5,organic
3623,2024-11-08,2002-11-09,22,SP,1500.0,paid_search
3624,2025-07-28,1963-07-29,62,SP,2885.53,organic
3625,2025-02-14,1978-02-15,47,SP,2120.07,referral
3626,2026-05-13,1988-05-13,38,SP,2938.27,organic
3627,2024-10-21,2004-10-21,20,SP,3009.3,social_media
3628,2023-10-14,2005-10-14,18,MG,1500.0,organic
3629,2026-06-18,1999-06-19,27,PE,2975.91,social_media
3630,2023-09-26,1993-09-26,30,PE,1809.76,paid_search
3631,2023-09-02,1991-09-02,32,SP,3227.66,partner
3632,2023-01-11,1979-01-11,44,SP,2915.41,paid_search
3633,2025-10-21,1973-10-21,52,CE,4448.26,referral
3634,2025-05-06,1983-05-07,42,PE,5205.66,paid_search
3635,2026-08-09,1988-08-09,38,SP,5036.97,organic
3636,2023-01-05,1974-01-05,49,PE,6716.08,partner
3637,2023-10-27,1981-10-27,42,BA,8664.08,organic
3638,2025-11-18,1977-11-18,48,BA,3489.04,organic
3639,2025-07-09,2002-07-10,23,RS,2415.37,paid_search
3640,2024-03-20,1995-03-21,29,SP,5277.86,organic
3641,2023-06-04,1988-06-04,35,RJ,3220.33,organic
3642,2023-08-31,1974-08-31,49,MG,10430.1,organic
3643,2023-06-14,2001-06-14,22,RJ,3051.99,social_media
3644,2024-12-06,2006-12-07,18,SP,2457.7,paid_search
3645,2023-05-18,1971-05-18,52,SP,3542.02,partner
3646,2023-06-01,1971-06-01,52,PR,6195.57,referral
3647,2023-05-22,1991-05-22,32,MG,5739.17,partner
3648,2026-07-12,1999-07-13,27,PR,4535.06,social_media
3649,2023-10-05,1975-10-05,48,SP,4261.04,paid_search
3650,2025-02-14,1973-02-14,52,PR,5450.27,organic
3651,2025-01-22,2007-01-23,18,PE,2529.7,paid_search
3652,2024-01-30,1973-01-30,51,PE,4894.26,referral
3653,2026-03-12,1988-03-12,38,BA,16361.57,organic
3654,2024-02-29,2002-03-01,22,SP,2996.61,organic
3655,2025-10-25,1981-10-25,44,SP,5083.37,partner
3656,2026-02-08,1998-02-08,28,SP,5347.37,organic
3657,2023-05-27,1977-05-27,46,SP,5088.33,organic
3658,2024-07-16,1994-07-17,30,BA,1815.9,referral
3659,2023-12-02,1989-12-02,34,SP,3227.25,paid_search
3660,2025-01-25,1999-01-26,26,PE,2402.45,paid_search
3661,2024-10-09,1979-10-10,45,PR,3901.35,partner
3662,2026-06-10,1991-06-11,35,RJ,3537.99,referral
3663,2026-04-20,1995-04-21,31,PR,5341.07,organic
3664,2023-02-14,1982-02-14,41,SP,5626.75,partner
3665,2026-03-30,1978-03-30,48,SP,5352.61,organic
3666,2023-10-20,1974-10-20,49,PR,2324.81,paid_search
3667,2025-07-05,1974-07-06,51,SP,9016.38,organic
3668,2024-03-17,2000-03-17,24,SP,1500.0,paid_search
3669,2025-06-14,1976-06-14,49,RS,3373.16,organic
3670,2024-08-10,1999-08-11,25,RS,2727.86,paid_search
3671,2023-08-27,1979-08-27,44,MG,4589.93,paid_search
3672,2023-07-11,1993-07-11,30,SP,5727.66,paid_search
3673,2024-05-12,1980-05-12,44,RS,6404.53,organic
3674,2025-03-19,1971-03-20,54,RJ,8910.5,partner
3675,2024-02-08,1994-02-08,30,SP,4105.49,organic
3676,2023-05-18,1981-05-18,42,CE,6095.72,referral
3677,2023-09-17,1992-09-17,31,CE,4293.08,paid_search
3678,2025-05-16,1982-05-17,43,PR,6402.0,paid_search
3679,2026-01-11,2000-01-12,26,BA,2196.54,social_media
3680,2024-11-18,1995-11-19,29,MG,4375.44,paid_search
3681,2025-05-08,1991-05-09,34,PE,6598.14,referral
3682,2023-07-11,1967-07-11,56,RS,11287.91,organic
3683,2023-01-02,1963-01-02,60,SP,3141.08,organic
3684,2026-08-08,1976-08-08,50,PE,8542.96,organic
3685,2025-11-09,2005-11-09,20,BA,1849.17,social_media
3686,2024-07-31,1996-07-31,28,PE,2580.95,paid_search
3687,2025-11-08,1997-11-08,28,PR,1625.65,social_media
3688,2024-07-16,1971-07-17,53,RJ,3527.89,partner
3689,2024-12-22,1994-12-23,30,MG,4099.71,referral
3690,2025-07-05,1988-07-05,37,PE,8371.77,referral
3691,2023-03-15,1962-03-15,61,PE,7688.76,organic
3692,2025-12-15,1973-12-15,52,BA,6424.42,organic
3693,2023-07-30,1991-07-30,32,RJ,4249.44,organic
3694,2026-03-10,1986-03-10,40,MG,7948.82,referral
3695,2026-04-01,1990-04-01,36,BA,7654.97,paid_search
3696,2025-02-06,2002-02-07,23,SP,2598.56,organic
3697,2024-12-13,1998-12-14,26,SP,3043.95,social_media
3698,2024-05-21,1980-05-21,44,MG,7233.59,paid_search
3699,2024-08-01,1980-08-01,44,SP,4178.42,partner
3700,2024-11-17,1976-11-17,48,MG,2609.43,referral
3701,2025-05-21,2000-05-21,25,RS,2578.62,organic
3702,2024-11-29,1980-11-29,44,SP,10423.48,partner
3703,2025-02-25,2001-02-25,24,MG,2775.91,paid_search
3704,2023-05-06,1979-05-06,44,SP,2177.12,referral
3705,2025-05-23,1981-05-23,44,PR,4641.81,organic
3706,2026-01-01,1983-01-02,43,RS,3684.78,paid_search
3707,2025-09-17,1984-09-17,41,RS,10184.23,paid_search
3708,2024-10-15,2000-10-15,24,SP,7246.9,paid_search
3709,2024-02-11,1970-02-11,54,PE,8348.88,partner
3710,2024-08-17,1986-08-18,38,RJ,2839.68,partner
3711,2025-08-19,1974-08-20,51,RS,7696.41,referral
3712,2026-04-02,1979-04-03,47,MG,4815.04,partner
3713,2024-12-17,1985-12-18,39,RJ,2659.84,partner
3714,2025-12-09,2000-12-09,25,RS,1500.0,social_media
3715,2023-02-05,1994-02-05,29,SP,6268.54,social_media
3716,2025-02-16,1995-02-17,30,BA,2120.2,paid_search
3717,2024-01-09,1983-01-09,41,PE,6860.64,referral
3718,2024-08-05,1983-08-06,41,RJ,2128.96,organic
3719,2023-06-19,1977-06-19,46,BA,4551.47,organic
3720,2023-10-03,1991-10-03,32,SP,5137.63,referral
3721,2025-08-17,1974-08-18,51,RS,9032.65,partner
3722,2024-08-14,1995-08-15,29,RJ,5550.77,social_media
3723,2026-05-14,1985-05-14,41,SP,6931.72,partner
3724,2024-05-11,1977-05-12,47,CE,11338.27,referral
3725,2024-05-06,1986-05-07,38,SP,13263.95,partner
3726,2025-05-16,1990-05-17,35,SP,6007.05,partner
3727,2026-01-08,2000-01-09,26,MG,1500.0,organic
3728,2023-09-21,1965-09-21,58,SP,18980.54,referral
3729,2023-02-12,2002-02-12,21,PE,4555.89,social_media
3730,2024-10-16,1992-10-16,32,PE,1500.0,partner
3731,2023-08-23,2000-08-23,23,BA,12926.79,social_media
3732,2024-04-25,1976-04-25,48,SP,4009.75,paid_search
3733,2025-02-20,2004-02-21,21,RS,4922.17,social_media
3734,2023-04-27,1997-04-27,26,BA,4565.57,organic
3735,2026-04-20,1987-04-21,39,RJ,15492.78,referral
3736,2025-12-24,1972-12-24,53,CE,2094.76,referral
3737,2024-11-18,1990-11-19,34,SP,11299.51,paid_search
3738,2026-07-03,1998-07-03,28,BA,4565.2,paid_search
3739,2024-03-27,1995-03-28,29,PE,6235.46,organic
3740,2026-08-09,1998-08-09,28,PE,5364.78,social_media
3741,2026-07-24,1993-07-24,33,RS,10062.34,partner
3742,2024-06-09,1985-06-10,39,PR,7814.45,organic
3743,2023-03-16,1968-03-16,55,CE,11017.13,referral
3744,2026-06-09,1991-06-10,35,RJ,13168.56,referral
3745,2023-10-13,1972-10-13,51,SP,2908.07,organic
3746,2024-04-21,1978-04-22,46,RJ,2481.91,organic
3747,2023-08-01,1997-08-01,26,RJ,8112.84,paid_search
3748,2025-03-26,1980-03-26,45,RS,2153.74,paid_search
3749,2025-04-17,1976-04-17,49,RJ,6693.17,organic
3750,2025-03-23,1993-03-23,32,RS,5826.42,partner
3751,2023-12-19,1992-12-19,31,RJ,2885.25,organic
3752,2026-03-13,1993-03-13,33,BA,1730.95,organic
3753,2025-03-20,1977-03-20,48,SP,14936.41,organic
3754,2025-08-07,1988-08-07,37,SP,6931.12,organic
3755,2023-10-05,1993-10-05,30,RJ,2358.11,partner
3756,2025-02-17,1973-02-17,52,SP,5661.23,organic
3757,2025-01-26,1973-01-26,52,SP,10093.64,partner
3758,2023-08-12,1989-08-12,34,RS,6524.71,paid_search
3759,2026-03-16,1968-03-16,58,MG,11596.49,partner
3760,2024-12-19,1977-12-20,47,PR,5348.34,organic
3761,2024-09-23,1990-09-24,34,RS,3651.12,paid_search
3762,2024-06-20,1987-06-21,37,SP,5711.7,partner
3763,2026-02-23,1981-02-23,45,MG,9377.92,paid_search
3764,2023-02-06,1997-02-06,26,SP,4974.03,organic
3765,2023-01-28,1972-01-29,51,PR,2721.92,organic
3766,2023-02-17,1980-02-18,43,SP,5984.88,paid_search
3767,2023-11-28,1984-11-28,39,MG,11192.1,organic
3768,2025-02-26,1980-02-27,45,SP,4890.45,paid_search
3769,2024-06-19,1981-06-20,43,MG,4297.61,partner
3770,2025-01-14,2007-01-15,18,SP,6155.71,organic
3771,2023-07-08,1978-07-08,45,SP,3891.58,partner
3772,2024-06-07,2006-06-08,18,PE,1500.0,social_media
3773,2025-01-11,1993-01-11,32,SP,1645.46,referral
3774,2025-02-18,1995-02-19,30,MG,5335.51,paid_search
3775,2024-07-02,2006-07-03,18,MG,9682.8,paid_search
3776,2026-01-25,1989-01-25,37,CE,11098.21,partner
3777,2024-03-18,1997-03-19,27,SP,3043.15,organic
3778,2025-08-01,1983-08-02,42,RJ,4841.23,referral
3779,2024-05-14,1973-05-15,51,SP,10730.63,organic
3780,2026-08-21,1968-08-21,58,SP,4757.52,partner
3781,2026-01-01,1986-01-01,40,BA,1693.87,referral
3782,2023-03-07,1985-03-07,38,MG,4733.3,paid_search
3783,2023-01-17,1978-01-17,45,SP,4692.02,partner
3784,2023-10-18,1983-10-18,40,PR,5224.22,referral
3785,2026-07-11,1987-07-12,39,MG,1961.73,referral
3786,2026-02-19,1989-02-19,37,CE,1500.0,organic
3787,2024-09-06,1984-09-06,40,SP,5049.33,referral
3788,2024-04-09,1987-04-10,37,RS,2210.92,referral
3789,2024-04-21,1977-04-22,47,MG,8369.68,organic
3790,2023-07-25,2003-07-25,20,PE,2245.24,social_media
3791,2024-07-16,1979-07-17,45,SP,2587.63,partner
3792,2024-01-11,1987-01-11,37,PR,2624.22,referral
3793,2025-10-12,1986-10-13,39,BA,3650.35,organic
3794,2024-06-15,1979-06-16,45,MG,4552.13,organic
3795,2026-04-12,1988-04-12,38,RJ,8120.03,referral
3796,2024-10-02,1981-10-03,43,BA,2819.81,organic
3797,2025-05-05,1982-05-06,43,PR,4288.97,partner
3798,2024-05-27,1981-05-28,43,SP,2563.59,partner
3799,2025-02-06,1969-02-06,56,PR,16123.83,partner
3800,2023-07-27,1990-07-27,33,SP,3561.26,organic
3801,2025-11-12,1970-11-13,55,SP,1909.99,referral
3802,2026-05-20,1991-05-21,35,PR,1500.0,paid_search
3803,2026-06-20,2008-06-20,18,RJ,3258.79,paid_search
3804,2023-03-08,2002-03-08,21,BA,12382.71,organic
3805,2023-10-20,1980-10-20,43,BA,7213.18,organic
3806,2023-12-21,1989-12-21,34,CE,1500.0,organic
3807,2024-09-23,2006-09-24,18,PE,2547.2,social_media
3808,2025-01-26,1988-01-27,37,MG,3029.48,organic
3809,2023-10-24,2005-10-24,18,SP,2427.43,paid_search
3810,2025-01-29,1994-01-30,31,RJ,3720.04,organic
3811,2023-08-14,1987-08-14,36,PE,3235.69,organic
3812,2025-12-03,1997-12-03,28,RS,2508.84,paid_search
3813,2026-06-13,2007-06-14,19,PE,3277.43,organic
3814,2023-08-08,1966-08-08,57,SP,4167.44,referral
3815,2025-08-15,1997-08-15,28,PR,3252.89,paid_search
3816,2024-03-13,1994-03-14,30,RS,4247.76,paid_search
3817,2026-06-12,1985-06-12,41,RJ,2240.33,paid_search
3818,2023-07-20,1984-07-20,39,MG,2482.55,organic
3819,2024-10-21,2003-10-22,21,RJ,3218.67,paid_search
3820,2023-10-08,1979-10-08,44,MG,6981.16,partner
3821,2026-08-10,1995-08-11,31,BA,3177.84,paid_search
3822,2023-01-13,1963-01-13,60,SP,10402.58,organic
3823,2024-05-14,2001-05-15,23,PE,11746.87,social_media
3824,2026-05-02,1994-05-02,32,SP,2674.45,organic
3825,2024-05-01,1989-05-02,35,PE,16889.66,referral
3826,2025-04-15,1991-04-16,34,BA,3975.75,organic
3827,2026-01-03,1990-01-03,36,PR,4572.09,organic
3828,2024-05-13,1993-05-14,31,PR,5518.09,organic
3829,2023-04-10,1978-04-10,45,SP,3854.34,referral
3830,2023-11-24,1993-11-24,30,SP,1643.5,paid_search
3831,2025-01-10,1985-01-10,40,PR,10088.62,organic
3832,2025-03-03,1995-03-04,30,RJ,7544.51,paid_search
3833,2025-04-30,1983-05-01,42,MG,5700.22,partner
3834,2024-05-17,1994-05-18,30,BA,4852.27,referral
3835,2026-08-20,2002-08-20,24,PE,1502.65,social_media
3836,2025-08-28,1986-08-29,39,RS,4196.78,referral
3837,2026-02-22,2003-02-23,23,PR,10626.82,paid_search
3838,2023-08-02,1970-08-02,53,SP,4916.44,referral
3839,2023-08-14,1974-08-14,49,PE,2611.17,referral
3840,2024-06-15,1997-06-16,27,CE,3269.8,organic
3841,2025-03-20,1994-03-21,31,PE,2308.19,organic
3842,2024-04-28,1977-04-29,47,RJ,17975.12,partner
3843,2023-10-17,1980-10-17,43,SP,7429.38,partner
3844,2026-01-18,1996-01-19,30,SP,1856.36,paid_search
3845,2025-07-28,1975-07-29,50,RS,5036.3,referral
3846,2023-12-06,1977-12-06,46,BA,2133.21,referral
3847,2025-02-18,1978-02-19,47,PR,8127.39,partner
3848,2024-02-24,1989-02-24,35,BA,3907.9,referral
3849,2023-12-23,1989-12-23,34,SP,4296.24,partner
3850,2025-12-25,1991-12-26,34,BA,2916.15,partner
3851,2026-04-29,2002-04-29,24,PE,2734.68,social_media
3852,2023-01-07,1986-01-07,37,PE,4801.27,paid_search
3853,2025-04-02,1990-04-03,35,PE,5787.76,organic
3854,2026-08-11,2007-08-12,19,SP,6903.92,organic
3855,2024-04-01,1987-04-02,37,SP,4663.45,paid_search
3856,2024-07-29,1983-07-30,41,RJ,4751.94,organic
3857,2025-07-03,1994-07-04,31,CE,11363.48,partner
3858,2024-11-16,2006-11-17,18,BA,3618.1,organic
3859,2025-12-02,2000-12-02,25,RJ,2083.79,organic
3860,2026-05-14,2007-05-15,19,PE,1500.0,paid_search
3861,2025-05-05,2000-05-05,25,MG,3849.41,social_media
3862,2025-06-05,1972-06-05,53,PE,1500.0,organic
3863,2024-10-03,1994-10-04,30,CE,2844.96,partner
3864,2025-01-20,1983-01-21,42,PR,4425.94,partner
3865,2023-07-31,1994-07-31,29,SP,3830.83,social_media
3866,2023-07-01,1980-07-01,43,MG,11179.76,organic
3867,2025-03-13,2007-03-14,18,BA,1986.7,social_media
3868,2025-10-20,1993-10-20,32,PE,8946.29,paid_search
3869,2023-08-24,2002-08-24,21,BA,3156.62,social_media
3870,2023-06-07,1972-06-07,51,RJ,9154.35,organic
3871,2023-03-17,1985-03-17,38,BA,7061.49,paid_search
3872,2026-05-16,1992-05-16,34,SP,2746.99,referral
3873,2025-10-28,1985-10-28,40,RS,7076.19,organic
3874,2023-11-10,1967-11-10,56,RJ,2370.36,organic
3875,2026-07-18,1974-07-18,52,PR,7907.38,partner
3876,2026-02-16,1967-02-17,59,RS,3482.07,partner
3877,2024-01-03,1982-01-03,42,BA,3155.09,organic
3878,2023-09-06,1989-09-06,34,BA,3296.18,referral
3879,2025-01-03,1989-01-03,36,BA,4736.55,organic
3880,2024-10-04,1964-10-04,60,SP,11865.06,referral
3881,2025-08-21,1999-08-22,26,BA,7950.64,organic
3882,2026-04-17,1997-04-17,29,RJ,5114.34,organic
3883,2026-01-07,2005-01-07,21,RS,8146.69,organic
3884,2023-08-09,1982-08-09,41,RJ,17049.21,referral
3885,2026-08-25,1963-08-26,63,SP,6034.47,referral
3886,2024-03-17,1996-03-17,28,CE,2442.76,paid_search
3887,2023-02-28,1992-02-29,31,RJ,2724.77,organic
3888,2024-01-05,1986-01-05,38,SP,6941.52,referral
3889,2023-07-12,1991-07-12,32,PR,13770.11,organic
3890,2025-04-23,2001-04-23,24,BA,1500.0,paid_search
3891,2024-10-02,1987-10-03,37,RS,3409.31,referral
3892,2023-11-15,1984-11-15,39,BA,5575.2,referral
3893,2024-05-16,1979-05-17,45,PE,5897.21,referral
3894,2023-07-06,2004-07-06,19,PE,5097.42,social_media
3895,2024-11-19,1995-11-20,29,MG,4298.85,paid_search
3896,2024-12-20,1982-12-21,42,SP,5415.15,paid_search
3897,2025-08-15,1977-08-15,48,MG,3745.48,organic
3898,2026-07-21,1986-07-21,40,MG,4837.36,partner
3899,2023-06-05,1997-06-05,26,PE,4666.21,paid_search
3900,2026-06-16,2008-06-16,18,SP,6168.38,social_media
3901,2023-03-14,1990-03-14,33,RJ,6131.47,partner
3902,2026-05-13,1994-05-13,32,SP,2440.88,paid_search
3903,2026-01-05,2000-01-06,26,PE,5387.92,organic
3904,2023-02-03,1975-02-03,48,PR,20454.35,referral
3905,2023-09-17,1989-09-17,34,SP,1740.2,paid_search
3906,2025-11-15,1971-11-16,54,BA,4060.19,partner
3907,2025-11-25,1996-11-25,29,SP,2446.17,organic
3908,2025-12-14,1990-12-15,35,SP,7495.61,organic
3909,2025-11-05,2007-11-06,18,PR,2102.96,organic
3910,2023-12-28,1977-12-28,46,SP,5721.47,referral
3911,2024-12-04,1977-12-05,47,SP,11297.67,referral
3912,2023-12-01,1984-12-01,39,CE,12223.75,referral
3913,2026-05-31,1993-05-31,33,RJ,6045.83,partner
3914,2024-08-03,1952-08-03,72,SP,5328.05,partner
3915,2025-04-09,1992-04-09,33,SP,4455.08,organic
3916,2026-04-27,1980-04-27,46,PR,4099.95,partner
3917,2024-03-10,1954-03-11,70,BA,7740.93,partner
3918,2025-11-23,2002-11-24,23,CE,3002.01,organic
3919,2026-04-01,1989-04-01,37,BA,3281.72,organic
3920,2025-06-06,1985-06-06,40,MG,2580.89,partner
3921,2023-06-18,1959-06-18,64,SP,6804.25,organic
3922,2025-07-06,1972-07-06,53,PE,2808.66,partner
3923,2025-06-04,1988-06-04,37,SP,4831.77,organic
3924,2023-07-16,1986-07-16,37,SP,5539.85,paid_search
3925,2024-02-23,1988-02-23,36,CE,5981.54,partner
3926,2026-03-24,1981-03-24,45,RJ,9380.38,organic
3927,2026-08-15,1995-08-16,31,RS,18713.32,partner
3928,2024-12-03,1976-12-03,48,SP,1500.0,referral
3929,2023-12-31,1982-12-31,41,RJ,7736.78,referral
3930,2025-07-01,2000-07-01,25,SP,4738.51,paid_search
3931,2025-10-01,1994-10-02,31,SP,8184.87,organic
3932,2026-07-12,1985-07-12,41,SP,8041.79,referral
3933,2026-03-19,1988-03-19,38,RS,14183.82,paid_search
3934,2024-10-23,1967-10-24,57,RJ,2012.51,referral
3935,2023-02-14,1983-02-14,40,SP,4990.37,referral
3936,2023-06-22,2005-06-22,18,CE,3786.27,paid_search
3937,2026-08-09,1968-08-09,58,SP,20810.85,partner
3938,2024-12-18,1998-12-19,26,RJ,2435.28,social_media
3939,2023-04-16,1967-04-16,56,SP,4199.51,organic
3940,2026-05-03,1995-05-04,31,SP,4151.08,paid_search
3941,2024-04-21,1983-04-22,41,CE,2834.88,partner
3942,2023-07-01,1983-07-01,40,RJ,4297.79,organic
3943,2025-07-03,1995-07-04,30,RJ,6468.45,partner
3944,2023-10-06,1963-10-06,60,SP,13185.05,partner
3945,2023-03-26,2005-03-26,18,MG,7137.7,paid_search
3946,2024-06-26,1988-06-26,36,PR,6306.69,paid_search
3947,2024-08-07,1976-08-07,48,SP,4220.28,partner
3948,2024-06-03,2003-06-04,21,RS,6045.84,paid_search
3949,2025-05-09,1997-05-09,28,SP,3733.06,social_media
3950,2024-09-23,1990-09-24,34,MG,3406.49,organic
3951,2024-10-11,1986-10-12,38,MG,2022.64,organic
3952,2023-03-08,2005-03-08,18,MG,10945.55,paid_search
3953,2025-03-26,1996-03-26,29,SP,2940.08,social_media
3954,2025-12-11,1976-12-11,49,CE,12588.45,partner
3955,2025-01-18,1987-01-19,38,RS,6899.39,partner
3956,2025-05-30,1958-05-31,67,CE,30742.95,organic
3957,2023-01-28,1983-01-28,40,RJ,10785.34,organic
3958,2023-05-24,1988-05-24,35,PE,2945.46,referral
3959,2025-05-13,1973-05-13,52,PR,5345.05,partner
3960,2024-10-05,1979-10-06,45,CE,10904.6,partner
3961,2024-07-20,1990-07-21,34,BA,4021.05,organic
3962,2025-11-11,1985-11-11,40,MG,6280.66,organic
3963,2024-07-28,1990-07-29,34,SP,14732.1,partner
3964,2026-01-26,2008-01-27,18,RS,2820.39,paid_search
3965,2024-12-03,1971-12-04,53,PE,6292.61,organic
3966,2023-12-03,1988-12-03,35,BA,1500.0,partner
3967,2025-05-15,1968-05-15,57,SP,16701.62,organic
3968,2025-12-31,2000-12-31,25,RJ,8452.52,paid_search
3969,2023-03-08,1989-03-08,34,RS,2061.03,organic
3970,2024-06-02,1977-06-03,47,RJ,7304.59,referral
3971,2025-07-21,1991-07-22,34,SP,1877.64,referral
3972,2023-07-31,1976-07-31,47,PE,1500.0,partner
3973,2026-08-14,1987-08-15,39,PE,7061.39,referral
3974,2025-10-14,1976-10-14,49,RJ,3175.33,paid_search
3975,2023-01-18,1976-01-19,47,SP,9169.47,organic
3976,2024-12-16,1975-12-17,49,SP,6703.79,referral
3977,2026-07-30,1986-07-30,40,MG,1500.0,organic
3978,2026-03-28,1983-03-29,43,RJ,9220.04,organic
3979,2023-12-16,1971-12-16,52,SP,3951.67,referral
3980,2025-02-10,1990-02-11,35,RJ,5938.67,paid_search
3981,2023-07-18,1994-07-18,29,PR,4640.9,organic
3982,2023-03-26,1991-03-26,32,BA,2253.07,partner
3983,2024-01-23,1988-01-23,36,CE,1535.39,referral
3984,2026-03-22,1970-03-22,56,RJ,7282.13,referral
3985,2025-11-20,1993-11-20,32,SP,5303.65,paid_search
3986,2023-06-21,1973-06-21,50,SP,6530.49,referral
3987,2023-05-09,1987-05-09,36,PE,4078.91,organic
3988,2023-04-08,1982-04-08,41,MG,9141.28,referral
3989,2024-10-02,1992-10-02,32,PR,3118.34,referral
3990,2024-10-28,1975-10-29,49,CE,2023.78,paid_search
3991,2026-05-08,1994-05-08,32,CE,10294.35,referral
3992,2023-11-09,1989-11-09,34,PE,3414.09,organic
3993,2023-02-16,1990-02-16,33,BA,2984.78,organic
3994,2023-02-05,1983-02-05,40,PE,7140.69,paid_search
3995,2023-11-24,1989-11-24,34,BA,3781.32,paid_search
3996,2023-11-08,1991-11-08,32,BA,5413.28,partner
3997,2023-12-16,1992-12-16,31,MG,2337.82,organic
3998,2023-01-08,1995-01-08,28,PE,4212.19,organic
3999,2026-07-21,1963-07-22,63,SP,3852.54,organic
4000,2025-07-22,2001-07-22,24,PE,2539.55,social_media
4001,2026-08-14,2003-08-15,23,SP,2584.41,social_media
4002,2024-06-04,2006-06-05,18,PR,8546.93,social_media
4003,2026-06-03,1994-06-03,32,SP,5206.46,organic
4004,2023-10-29,1977-10-29,46,RS,10684.2,partner
4005,2023-03-31,1986-03-31,37,PR,7021.25,partner
4006,2025-01-04,1985-01-04,40,PR,7893.86,partner
4007,2026-05-28,1985-05-28,41,MG,3547.78,referral
4008,2025-06-11,1988-06-11,37,SP,5635.42,organic
4009,2025-03-07,1998-03-08,27,RJ,1759.29,paid_search
4010,2025-12-23,1967-12-24,58,RJ,5909.13,partner
4011,2024-12-12,2006-12-13,18,CE,3874.87,social_media
4012,2025-03-08,1972-03-08,53,MG,8520.75,organic
4013,2023-02-17,1957-02-17,66,PR,14462.28,referral
4014,2024-07-26,2006-07-27,18,RJ,4314.63,paid_search
4015,2023-06-13,1985-06-13,38,SP,2133.8,referral
4016,2025-12-03,2004-12-03,21,MG,7289.14,social_media
4017,2026-02-21,1979-02-22,47,SP,2443.68,organic
4018,2025-01-10,1971-01-11,54,SP,4731.94,organic
4019,2025-01-04,1965-01-04,60,SP,7405.34,referral
4020,2025-03-17,2007-03-18,18,RJ,5021.02,organic
4021,2025-11-24,2001-11-24,24,BA,2338.33,paid_search
4022,2023-11-02,1976-11-02,47,MG,13267.87,paid_search
4023,2023-11-22,1993-11-22,30,RJ,4133.34,referral
4024,2024-03-05,1988-03-05,36,PE,10139.25,partner
4025,2026-01-01,1991-01-02,35,PR,4188.72,partner
4026,2025-10-25,2005-10-25,20,PE,6452.71,organic
4027,2024-03-24,1996-03-24,28,SP,2542.77,paid_search
4028,2023-10-28,1984-10-28,39,PE,3778.46,partner
4029,2024-10-22,1972-10-22,52,BA,6010.13,organic
4030,2026-06-29,1999-06-30,27,RJ,4101.22,paid_search
4031,2023-06-28,1981-06-28,42,MG,10388.06,paid_search
4032,2025-05-27,1988-05-27,37,RJ,9303.8,partner
4033,2025-05-19,1988-05-19,37,MG,3554.08,referral
4034,2026-08-06,1980-08-06,46,RJ,13814.03,partner
4035,2025-12-20,1995-12-21,30,BA,8236.21,paid_search
4036,2023-05-05,1991-05-05,32,PR,3608.98,organic
4037,2023-06-25,1985-06-25,38,RJ,5327.64,referral
4038,2023-10-24,1996-10-24,27,SP,2335.27,organic
4039,2024-03-16,1993-03-17,31,SP,3090.37,referral
4040,2025-06-11,1971-06-12,54,MG,7189.26,referral
4041,2024-07-16,1978-07-17,46,RS,5263.52,referral
4042,2024-03-24,1986-03-25,38,RJ,1500.0,partner
4043,2025-03-30,1974-03-31,51,RS,4113.77,referral
4044,2024-12-07,1988-12-07,36,SP,2425.9,partner
4045,2025-09-19,1970-09-20,55,PR,3939.37,partner
4046,2023-10-06,2005-10-06,18,PE,2640.53,organic
4047,2024-09-04,1990-09-05,34,MG,1981.41,referral
4048,2025-04-17,1991-04-18,34,RJ,6392.84,referral
4049,2023-03-29,1983-03-29,40,RS,3705.86,paid_search
4050,2026-02-14,1984-02-15,42,SP,1765.64,referral
4051,2024-10-17,1991-10-18,33,SP,2687.57,referral
4052,2025-03-25,1989-03-25,36,RJ,4436.35,partner
4053,2023-01-06,2001-01-06,22,PR,4088.13,social_media
4054,2026-05-28,1983-05-29,43,RJ,4446.68,organic
4055,2023-11-10,2002-11-10,21,SP,7419.4,social_media
4056,2024-11-25,1995-11-26,29,SP,4578.21,organic
4057,2024-05-15,2004-05-15,20,BA,3252.5,paid_search
4058,2024-12-18,1988-12-18,36,SP,4231.24,referral
4059,2026-06-08,1990-06-08,36,SP,6797.24,partner
4060,2026-01-04,1967-01-05,59,RJ,5674.76,partner
4061,2026-02-28,1985-02-28,41,PE,6709.27,organic
4062,2025-09-24,1982-09-25,43,SP,8793.12,organic
4063,2024-12-09,1983-12-10,41,RJ,6132.74,paid_search
4064,2024-08-12,1971-08-13,53,MG,2606.04,organic
4065,2024-06-21,1991-06-22,33,SP,9846.41,referral
4066,2025-04-01,2000-04-01,25,SP,2504.07,organic
4067,2026-07-22,1994-07-22,32,RJ,7640.24,paid_search
4068,2026-06-22,1988-06-22,38,BA,13821.98,referral
4069,2026-02-05,1968-02-06,58,BA,5479.87,partner
4070,2025-01-11,1985-01-11,40,RS,2283.44,organic
4071,2023-11-15,1979-11-15,44,PR,2452.99,paid_search
4072,2025-04-20,2007-04-21,18,SP,1500.0,organic
4073,2024-09-10,1996-09-10,28,RJ,1500.0,paid_search
4074,2026-07-21,1985-07-21,41,BA,6556.24,paid_search
4075,2024-08-18,1979-08-19,45,SP,4126.46,paid_search
4076,2025-10-19,1980-10-19,45,CE,2797.12,organic
4077,2023-09-09,1993-09-09,30,PR,2460.81,organic
4078,2023-08-03,1984-08-03,39,RJ,2090.4,referral
4079,2026-03-22,1974-03-22,52,BA,2632.65,partner
4080,2023-07-20,1982-07-20,41,SP,5897.25,referral
4081,2026-03-30,1985-03-30,41,MG,9607.83,partner
4082,2025-04-02,1996-04-02,29,BA,3262.37,paid_search
4083,2025-09-23,1976-09-23,49,BA,3757.16,partner
4084,2023-04-04,1986-04-04,37,RJ,4187.39,paid_search
4085,2024-07-07,1981-07-08,43,SP,4000.24,paid_search
4086,2026-06-07,2008-06-07,18,PE,2564.25,paid_search
4087,2024-09-26,1978-09-27,46,CE,3090.96,paid_search
4088,2024-10-04,1972-10-04,52,RJ,10165.16,partner
4089,2023-05-09,1976-05-09,47,CE,1500.0,organic
4090,2023-04-16,1988-04-16,35,RS,5420.03,referral
4091,2026-07-11,1999-07-12,27,PR,3400.5,social_media
4092,2024-12-02,1982-12-03,42,SP,11212.35,partner
4093,2026-04-25,1971-04-26,55,PR,2603.53,organic
4094,2025-03-10,1994-03-11,31,RJ,4460.3,paid_search
4095,2023-09-21,1965-09-21,58,SP,2792.39,partner
4096,2023-11-22,1991-11-22,32,PR,3994.43,paid_search
4097,2024-11-13,1978-11-14,46,SP,7325.8,referral
4098,2026-07-12,2008-07-12,18,MG,2683.26,social_media
4099,2024-01-06,2002-01-06,22,SP,4394.14,organic
4100,2024-12-02,1971-12-03,53,PE,4314.07,organic
4101,2023-02-07,1988-02-08,35,SP,11005.85,organic
4102,2026-04-29,1995-04-30,31,SP,14183.15,referral
4103,2023-07-24,2005-07-24,18,RS,6042.14,organic
4104,2023-10-03,1991-10-03,32,SP,7669.56,paid_search
4105,2024-02-11,1986-02-11,38,PE,2695.2,paid_search
4106,2026-01-14,1979-01-15,47,SP,4356.24,partner
4107,2025-03-19,1976-03-19,49,RJ,4041.96,partner
4108,2023-08-11,1992-08-11,31,CE,2448.83,paid_search
4109,2026-05-21,1998-05-21,28,MG,4778.37,paid_search
4110,2024-01-15,1977-01-15,47,CE,5014.54,partner
4111,2026-02-22,1979-02-23,47,RJ,7606.14,paid_search
4112,2023-11-28,1982-11-28,41,SP,3415.81,partner
4113,2024-06-09,1997-06-10,27,PE,4638.09,paid_search
4114,2024-04-17,1995-04-18,29,MG,1500.0,social_media
4115,2026-03-02,1992-03-02,34,MG,3077.87,organic
4116,2026-05-05,2008-05-05,18,RJ,1500.0,organic
4117,2025-02-04,1993-02-04,32,SP,4597.94,partner
4118,2023-01-23,1987-01-23,36,RJ,12766.54,referral
4119,2023-12-18,1986-12-18,37,SP,3283.18,organic
4120,2026-02-01,1988-02-02,38,BA,3591.89,organic
4121,2023-10-17,1967-10-17,56,SP,8669.23,referral
4122,2025-10-28,2007-10-29,18,PR,2721.62,paid_search
4123,2023-06-22,1996-06-22,27,SP,5329.06,organic
4124,2024-12-07,1985-12-08,39,SP,6260.29,paid_search
4125,2024-01-23,1977-01-23,47,RJ,8054.12,organic
4126,2024-03-27,1981-03-28,43,SP,9338.5,organic
4127,2025-10-06,1983-10-07,42,RJ,3992.05,organic
4128,2026-03-19,1991-03-20,35,SP,2159.29,paid_search
4129,2026-07-23,1999-07-24,27,SP,3385.47,social_media
4130,2026-02-15,2000-02-16,26,RJ,7069.07,organic
4131,2025-06-11,1986-06-12,39,SP,7967.49,partner
4132,2026-07-24,1990-07-24,36,BA,3234.7,partner
4133,2024-04-29,1978-04-30,46,SP,16329.83,partner
4134,2024-11-13,1984-11-13,40,RS,7055.65,organic
4135,2026-04-16,1997-04-16,29,RJ,1752.54,paid_search
4136,2023-11-29,1962-11-29,61,RJ,4750.25,organic
4137,2025-01-07,1980-01-08,45,SP,4264.43,organic
4138,2023-08-09,2003-08-09,20,PE,10223.75,paid_search
4139,2024-09-20,1978-09-21,46,BA,3930.14,paid_search
4140,2025-11-14,1995-11-15,30,MG,3788.08,paid_search
4141,2024-08-29,1996-08-29,28,CE,8283.09,paid_search
4142,2025-05-03,1988-05-03,37,PE,3455.32,paid_search
4143,2026-08-24,1991-08-25,35,SP,2264.22,partner
4144,2023-03-11,1998-03-11,25,MG,7573.25,paid_search
4145,2025-08-17,1971-08-18,54,MG,10753.57,partner
4146,2024-04-01,1982-04-02,42,RJ,10107.4,partner
4147,2023-05-23,1988-05-23,35,CE,1802.56,partner
4148,2023-12-20,1990-12-20,33,SP,6949.95,paid_search
4149,2024-08-11,1984-08-11,40,BA,1763.71,paid_search
4150,2024-05-31,1978-06-01,46,SP,2183.19,organic
4151,2025-02-12,2007-02-13,18,BA,4578.18,social_media
4152,2024-11-29,2000-11-29,24,RJ,6486.81,social_media
4153,2026-05-11,1991-05-12,35,SP,3853.65,organic
4154,2025-02-22,1981-02-22,44,RS,2888.89,referral
4155,2024-08-11,2006-08-12,18,SP,5836.38,organic
4156,2023-01-21,1990-01-21,33,SP,10125.9,organic
4157,2024-10-25,1986-10-26,38,PR,3545.33,referral
4158,2023-03-03,1972-03-03,51,RJ,6073.68,partner
4159,2026-01-19,2003-01-20,23,PE,2273.53,social_media
4160,2025-09-11,1977-09-11,48,PE,15045.65,referral
4161,2026-02-21,1999-02-22,27,SP,4776.14,social_media
4162,2026-01-10,1981-01-10,45,PR,6638.41,paid_search
4163,2025-11-29,2007-11-30,18,BA,2421.43,paid_search
4164,2026-03-08,1988-03-08,38,SP,3588.79,organic
4165,2025-08-28,1974-08-29,51,SP,3580.87,organic
4166,2025-11-03,1995-11-04,30,PE,5149.84,partner
4167,2024-10-01,1989-10-02,35,CE,2791.65,organic
4168,2023-06-18,1981-06-18,42,BA,4645.2,referral
4169,2023-05-17,1997-05-17,26,MG,6433.77,social_media
4170,2024-07-05,1978-07-06,46,SP,2436.8,organic
4171,2023-07-20,1993-07-20,30,BA,3711.43,organic
4172,2024-04-15,1977-04-16,47,RS,4102.14,referral
4173,2024-08-21,1989-08-22,35,PR,2095.26,referral
4174,2025-11-05,2007-11-06,18,CE,2021.8,organic
4175,2024-03-18,2002-03-19,22,PE,2253.06,organic
4176,2023-11-11,1974-11-11,49,SP,4605.29,referral
4177,2025-10-21,1992-10-21,33,RJ,2049.32,partner
4178,2023-09-28,2002-09-28,21,PE,3990.02,organic
4179,2024-12-23,1980-12-23,44,SP,7392.27,referral
4180,2026-03-24,1982-03-24,44,MG,2670.86,referral
4181,2025-11-01,1974-11-02,51,SP,4329.84,referral
4182,2023-06-08,1963-06-08,60,RJ,2734.69,partner
4183,2023-06-20,1987-06-20,36,PE,6800.96,partner
4184,2024-09-11,1979-09-12,45,BA,3855.19,partner
4185,2024-05-02,1993-05-03,31,SP,5038.46,paid_search
4186,2023-05-24,1989-05-24,34,SP,5760.82,partner
4187,2025-08-02,2007-08-03,18,SP,2075.35,organic
4188,2024-12-02,1983-12-03,41,RS,5893.43,partner
4189,2023-12-04,2005-12-04,18,SP,1813.45,organic
4190,2026-08-19,2003-08-20,23,PE,2155.15,social_media
4191,2026-08-05,1991-08-06,35,MG,3937.48,organic
4192,2023-04-13,1976-04-13,47,MG,7460.16,partner
4193,2025-04-30,1970-05-01,55,SP,8143.47,partner
4194,2026-05-01,1971-05-02,55,SP,2426.66,organic
4195,2024-04-17,1967-04-18,57,BA,1500.0,referral
4196,2023-07-25,1979-07-25,44,BA,3002.7,organic
4197,2025-07-31,1984-07-31,41,SP,1935.64,referral
4198,2025-05-12,1981-05-12,44,MG,6459.67,paid_search
4199,2026-06-04,1986-06-04,40,SP,5122.4,partner
4200,2024-09-19,1995-09-20,29,SP,4877.63,organic
4201,2024-10-23,2000-10-23,24,RS,3508.55,social_media
4202,2024-12-23,1999-12-24,25,SP,5893.3,social_media
4203,2025-06-02,1987-06-03,38,SP,6096.49,referral
4204,2023-01-22,1993-01-22,30,PE,1843.36,organic
4205,2026-03-22,1957-03-22,69,PE,4355.72,referral
4206,2026-08-13,1981-08-13,45,SP,2351.38,paid_search
4207,2024-10-27,1994-10-28,30,PE,6768.74,paid_search
4208,2023-09-13,1969-09-13,54,SP,5392.54,organic
4209,2023-05-06,1987-05-06,36,SP,3064.05,paid_search
4210,2026-03-22,2001-03-22,25,SP,1788.1,social_media
4211,2026-04-23,1974-04-23,52,BA,2831.39,organic
4212,2024-03-31,2002-04-01,22,SP,5107.56,social_media
4213,2024-05-19,1973-05-20,51,SP,6387.9,referral
4214,2025-05-16,1986-05-17,39,SP,6904.11,partner
4215,2024-06-03,1971-06-04,53,SP,8090.39,referral
4216,2024-05-10,1984-05-10,40,SP,4088.06,paid_search
4217,2024-10-30,1984-10-30,40,BA,3710.39,partner
4218,2023-04-21,1984-04-21,39,PR,8611.5,organic
4219,2024-07-13,1972-07-13,52,PR,4726.53,organic
4220,2026-06-25,1968-06-25,58,SP,3465.4,referral
4221,2025-09-22,1987-09-23,38,PE,9434.31,organic
4222,2024-12-16,1991-12-17,33,BA,1674.4,referral
4223,2023-05-21,2004-05-21,19,PE,13476.25,paid_search
4224,2025-01-03,2004-01-04,21,RJ,3160.15,organic
4225,2026-07-17,2008-07-17,18,SP,1690.25,social_media
4226,2026-01-03,2008-01-04,18,MG,2402.96,social_media
4227,2025-07-27,1992-07-27,33,PE,2485.86,partner
4228,2025-10-22,1986-10-23,39,PR,6113.24,partner
4229,2025-08-01,1980-08-01,45,BA,6908.32,organic
4230,2026-04-29,1996-04-29,30,PE,6392.72,organic
4231,2023-04-13,1987-04-13,36,RJ,4482.56,organic
4232,2026-01-06,2005-01-06,21,MG,11327.17,paid_search
4233,2024-05-12,1992-05-12,32,CE,3881.78,referral
4234,2023-07-01,1987-07-01,36,RJ,3717.29,partner
4235,2024-11-15,1966-11-16,58,RJ,2904.66,organic
4236,2023-03-12,1986-03-12,37,PE,6082.07,referral
4237,2025-07-05,1983-07-06,42,SP,4340.33,paid_search
4238,2023-02-28,1979-02-28,44,CE,1500.0,partner
4239,2025-12-01,1986-12-02,39,CE,3136.65,referral
4240,2024-08-04,2002-08-05,22,MG,2000.76,social_media
4241,2024-06-16,1994-06-17,30,PE,3470.9,partner
4242,2025-07-09,1981-07-09,44,SP,8579.69,partner
4243,2023-07-26,1977-07-26,46,RJ,3356.12,referral
4244,2025-04-03,1982-04-04,43,SP,6020.95,paid_search
4245,2023-02-03,1987-02-03,36,RJ,10008.02,paid_search
4246,2024-05-06,1993-05-07,31,PR,6083.96,paid_search
4247,2023-02-07,1988-02-08,35,RJ,4593.54,paid_search
4248,2025-05-01,1992-05-01,33,PE,2720.2,paid_search
4249,2023-01-26,1982-01-26,41,BA,2569.47,referral
4250,2024-11-21,1992-11-21,32,SP,4242.58,organic
4251,2026-02-28,2002-02-28,24,SP,6606.8,paid_search
4252,2024-04-30,1994-05-01,30,RJ,3872.67,organic
4253,2025-03-13,1986-03-14,39,PR,2828.06,organic
4254,2023-02-26,1978-02-26,45,PE,2806.27,paid_search
4255,2026-06-13,1998-06-13,28,CE,2807.33,paid_search
4256,2023-08-06,1959-08-06,64,RJ,37833.08,partner
4257,2024-10-05,1974-10-06,50,SP,5328.98,referral
4258,2025-01-05,1988-01-06,37,PE,5263.71,paid_search
4259,2024-11-20,1975-11-21,49,MG,3823.52,referral
4260,2023-03-21,1968-03-21,55,SP,8687.63,referral
4261,2024-01-13,1998-01-13,26,RJ,15248.13,social_media
4262,2025-11-23,1974-11-24,51,RS,2505.18,referral
4263,2026-01-15,1981-01-15,45,SP,2175.76,referral
4264,2024-07-18,2006-07-19,18,RJ,4350.27,paid_search
4265,2024-02-01,1996-02-01,28,RJ,7595.02,paid_search
4266,2024-09-12,1981-09-13,43,SP,2192.46,partner
4267,2024-01-27,1988-01-27,36,RJ,4123.13,organic
4268,2024-04-08,1995-04-09,29,CE,1500.0,organic
4269,2026-04-17,1978-04-17,48,PR,5860.02,partner
4270,2023-01-14,2005-01-14,18,SP,1500.0,social_media
4271,2025-10-23,2006-10-24,19,PR,5221.78,paid_search
4272,2026-05-12,1997-05-12,29,SP,2659.32,organic
4273,2026-02-04,1993-02-04,33,PE,2217.14,referral
4274,2023-07-10,1993-07-10,30,SP,4296.93,organic
4275,2024-12-01,1970-12-02,54,SP,4385.25,organic
4276,2023-01-05,1994-01-05,29,SP,3556.12,paid_search
4277,2023-01-03,1994-01-03,29,PE,9104.67,social_media
4278,2024-08-29,1991-08-30,33,BA,4210.36,organic
4279,2023-02-14,1982-02-14,41,PR,7260.73,referral
4280,2025-08-28,1979-08-29,46,SP,8195.61,partner
4281,2026-05-13,1989-05-13,37,BA,11118.09,referral
4282,2026-06-20,1985-06-20,41,MG,4089.34,paid_search
4283,2024-05-20,2001-05-21,23,SP,3110.78,social_media
4284,2025-02-28,1999-03-01,26,PE,1500.0,paid_search
4285,2024-12-19,1986-12-20,38,MG,1793.6,partner
4286,2024-05-09,1982-05-10,42,PE,5825.0,organic
4287,2023-12-06,1991-12-06,32,SP,3267.53,partner
4288,2024-08-18,1976-08-18,48,CE,3928.87,partner
4289,2026-07-25,2003-07-26,23,MG,3647.47,paid_search
4290,2023-01-25,2002-01-25,21,RS,1500.0,social_media
4291,2023-04-20,1974-04-20,49,RJ,8221.71,paid_search
4292,2026-09-01,1995-09-02,31,RJ,4534.64,paid_search
4293,2024-02-18,1975-02-18,49,RJ,7390.01,organic
4294,2023-03-16,2005-03-16,18,SP,2339.18,paid_search
4295,2024-11-15,1979-11-16,45,SP,2149.98,referral
4296,2026-03-02,1999-03-03,27,BA,3272.52,organic
4297,2023-08-12,2003-08-12,20,PR,4897.86,social_media
4298,2023-04-24,1983-04-24,40,SP,7462.0,paid_search
4299,2025-02-26,2007-02-27,18,SP,2873.86,organic
4300,2026-06-10,2008-06-10,18,RJ,5124.59,paid_search
4301,2024-03-19,1963-03-20,61,PR,7425.91,organic
4302,2025-10-11,1993-10-11,32,BA,3406.39,paid_search
4303,2026-06-27,1981-06-27,45,PR,5770.4,referral
4304,2023-06-10,1974-06-10,49,CE,9848.26,paid_search
4305,2023-09-12,1975-09-12,48,MG,4767.2,organic
4306,2025-01-18,1996-01-19,29,SP,5202.9,social_media
4307,2024-10-16,1993-10-17,31,RS,2585.85,organic
4308,2025-03-16,1986-03-17,39,BA,5726.64,referral
4309,2024-06-22,1996-06-22,28,PR,4243.1,social_media
4310,2023-07-28,1978-07-28,45,CE,7688.16,referral
4311,2025-01-08,2007-01-09,18,SP,4420.93,social_media
4312,2025-08-31,1985-08-31,40,BA,10544.92,paid_search
4313,2025-01-11,1995-01-12,30,RS,8173.89,organic
4314,2023-01-15,1971-01-15,52,PE,14270.95,organic
4315,2023-04-24,1976-04-24,47,PE,1727.81,paid_search
4316,2026-02-24,1983-02-25,43,SP,1568.13,organic
4317,2023-10-13,1963-10-13,60,PE,8653.79,referral
4318,2024-01-31,1994-01-31,30,RJ,9943.55,partner
4319,2025-09-06,1975-09-07,50,SP,5518.38,partner
4320,2026-07-10,1976-07-10,50,SP,6668.15,referral
4321,2023-09-16,1965-09-16,58,RJ,3675.5,partner
4322,2024-03-12,1988-03-12,36,BA,23751.79,referral
4323,2023-09-06,1990-09-06,33,MG,3167.17,partner
4324,2026-05-29,1988-05-29,38,SP,4525.75,organic
4325,2025-04-27,1980-04-27,45,PE,3486.31,organic
4326,2026-03-16,1999-03-17,27,BA,6382.45,organic
4327,2024-05-07,1996-05-07,28,PR,6092.99,social_media
4328,2024-01-17,1984-01-17,40,SP,9407.73,referral
4329,2024-06-12,1991-06-13,33,PR,7411.76,partner
4330,2025-11-04,1974-11-05,51,PE,3187.9,referral
4331,2026-05-24,1989-05-24,37,MG,3856.03,referral
4332,2024-12-13,1989-12-14,35,MG,7367.03,partner
4333,2023-12-08,1983-12-08,40,RS,5933.32,organic
4334,2024-06-29,2001-06-30,23,CE,8611.97,social_media
4335,2025-04-24,1979-04-25,46,SP,6664.16,paid_search
4336,2024-10-25,1969-10-26,55,RJ,3365.21,organic
4337,2026-06-22,2008-06-22,18,RJ,1959.33,organic
4338,2024-02-05,2002-02-05,22,MG,2649.9,organic
4339,2024-10-08,1986-10-09,38,CE,6933.09,partner
4340,2024-07-05,1991-07-06,33,BA,1798.39,paid_search
4341,2025-03-12,1975-03-13,50,SP,5377.09,partner
4342,2025-03-15,1991-03-16,34,CE,3965.57,organic
4343,2023-11-25,1996-11-25,27,BA,2456.78,social_media
4344,2026-01-17,1977-01-17,49,PE,4468.72,paid_search
4345,2026-03-29,1972-03-29,54,CE,6154.84,referral
4346,2023-12-17,1989-12-17,34,PR,1728.03,paid_search
4347,2023-06-20,1979-06-20,44,BA,3475.96,paid_search
4348,2023-01-06,1974-01-06,49,RJ,11322.77,paid_search
4349,2026-01-20,2008-01-21,18,PE,4099.06,organic
4350,2025-05-30,1983-05-31,42,PR,2877.26,organic
4351,2023-11-18,1999-11-18,24,SP,1670.49,social_media
4352,2023-03-08,1999-03-08,24,RJ,5384.57,paid_search
4353,2023-09-21,1969-09-21,54,SP,2170.87,referral
4354,2024-05-07,1969-05-08,55,SP,1961.07,referral
4355,2023-01-06,1988-01-07,35,SP,3454.74,organic
4356,2025-06-09,1995-06-10,30,PR,14900.43,paid_search
4357,2023-09-11,2005-09-11,18,RJ,2512.11,organic
4358,2024-09-17,1974-09-18,50,PE,1500.0,referral
4359,2023-02-08,1995-02-08,28,SP,3735.7,organic
4360,2024-08-11,1978-08-12,46,SP,8501.98,organic
4361,2024-11-05,1987-11-06,37,SP,6656.09,organic
4362,2026-04-15,1994-04-15,32,SP,2153.89,referral
4363,2023-02-07,2003-02-07,20,SP,4388.84,social_media
4364,2024-02-04,2006-02-04,18,SP,10754.14,paid_search
4365,2023-11-24,1991-11-24,32,SP,8088.81,organic
4366,2024-10-26,2004-10-26,20,RJ,5165.61,social_media
4367,2024-12-17,1969-12-18,55,CE,9254.77,partner
4368,2023-12-24,1995-12-24,28,CE,8488.49,organic
4369,2025-01-15,1982-01-16,43,PE,3880.1,referral
4370,2024-10-16,1985-10-17,39,RJ,4185.74,partner
4371,2026-01-17,1996-01-18,30,PE,1843.58,organic
4372,2024-05-02,1989-05-03,35,PE,8283.65,organic
4373,2026-04-29,2008-04-29,18,RJ,1848.49,paid_search
4374,2025-01-16,1983-01-17,42,MG,2900.03,referral
4375,2026-02-28,1997-02-28,29,RJ,8332.72,social_media
4376,2024-01-21,1981-01-21,43,PR,1799.69,referral
4377,2025-08-15,1993-08-15,32,RS,1500.0,organic
4378,2023-06-29,1982-06-29,41,CE,8727.75,partner
4379,2023-03-21,1984-03-21,39,SP,2762.27,partner
4380,2025-12-04,1993-12-04,32,MG,4202.51,partner
4381,2023-05-25,1976-05-25,47,MG,5243.85,paid_search
4382,2023-01-15,1975-01-15,48,BA,9275.34,organic
4383,2023-08-28,1986-08-28,37,MG,7317.66,paid_search
4384,2025-08-13,2007-08-14,18,PE,6114.19,paid_search
4385,2023-04-10,1965-04-10,58,SP,5922.3,organic
4386,2025-11-29,2000-11-29,25,BA,5865.7,paid_search
4387,2026-08-09,1974-08-09,52,MG,3917.93,organic
4388,2024-06-12,1990-06-13,34,PR,10499.03,paid_search
4389,2023-04-15,1992-04-15,31,PE,5129.98,referral
4390,2024-07-20,2006-07-21,18,SP,5571.68,paid_search
4391,2024-09-26,1990-09-27,34,PE,1500.0,paid_search
4392,2025-05-22,1964-05-22,61,SP,4391.37,partner
4393,2024-12-27,1981-12-28,43,SP,2587.97,paid_search
4394,2026-06-05,1989-06-05,37,RJ,4002.96,partner
4395,2025-01-15,1998-01-16,27,RJ,1601.7,paid_search
4396,2025-05-03,1988-05-03,37,BA,4270.73,paid_search
4397,2024-09-19,1993-09-20,31,CE,4829.72,partner
4398,2025-08-11,2000-08-11,25,CE,4405.76,organic
4399,2023-02-22,1986-02-22,37,RJ,2199.84,paid_search
4400,2024-01-26,1987-01-26,37,SP,6093.17,organic
4401,2024-04-28,1976-04-28,48,MG,2438.52,paid_search
4402,2024-04-04,1993-04-05,31,PE,3237.93,paid_search
4403,2024-10-04,1993-10-05,31,PR,2712.78,referral
4404,2026-05-01,2006-05-01,20,BA,2050.99,social_media
4405,2024-08-21,2001-08-22,23,RS,4845.28,paid_search
4406,2025-01-23,1980-01-24,45,SP,3566.67,referral
4407,2024-06-27,1967-06-28,57,MG,3489.6,organic
4408,2026-02-28,1997-02-28,29,SP,4739.07,organic
4409,2023-10-30,2005-10-30,18,PR,5531.37,paid_search
4410,2025-04-09,1985-04-09,40,PE,11442.66,paid_search
4411,2026-07-18,1977-07-18,49,SP,5631.75,organic
4412,2024-06-09,1985-06-10,39,SP,4954.96,partner
4413,2024-03-10,1990-03-11,34,RJ,4121.37,referral
4414,2024-03-19,1999-03-20,25,SP,1963.89,social_media
4415,2026-03-26,1989-03-26,37,BA,4022.23,paid_search
4416,2024-05-15,1991-05-16,33,SP,2878.51,paid_search
4417,2025-05-18,1976-05-18,49,SP,6435.19,partner
4418,2025-02-06,1997-02-06,28,CE,5253.49,paid_search
4419,2026-05-25,1972-05-25,54,RS,6068.32,partner
4420,2026-06-06,1985-06-06,41,PE,4113.27,paid_search
4421,2023-08-23,2000-08-23,23,MG,2367.19,organic
4422,2024-04-18,1973-04-19,51,MG,12489.45,organic
4423,2026-05-06,1974-05-06,52,PR,6039.68,partner
4424,2024-04-04,1964-04-04,60,PE,3459.67,partner
4425,2023-03-28,1968-03-28,55,SP,3416.63,partner
4426,2025-06-29,2007-06-30,18,BA,1989.04,paid_search
4427,2025-10-02,1989-10-02,36,RJ,2041.9,paid_search
4428,2023-05-08,2000-05-08,23,SP,1500.0,organic
4429,2023-02-22,1953-02-22,70,SP,11176.72,organic
4430,2025-05-08,1996-05-08,29,SP,4332.51,paid_search
4431,2025-10-02,2007-10-03,18,SP,2101.22,paid_search
4432,2025-06-20,1975-06-21,50,SP,25226.92,partner
4433,2023-12-29,1991-12-29,32,MG,6012.3,referral
4434,2023-01-29,1979-01-29,44,RJ,13997.2,referral
4435,2025-05-03,1993-05-03,32,PR,1827.09,paid_search
4436,2026-06-13,1976-06-13,50,RJ,3108.05,partner
4437,2025-12-05,1972-12-05,53,RJ,6619.01,organic
4438,2025-02-12,1981-02-12,44,SP,2611.31,partner
4439,2023-03-10,1995-03-10,28,SP,4189.89,social_media
4440,2026-08-06,1972-08-06,54,SP,3724.26,organic
4441,2025-01-23,1992-01-24,33,MG,2907.95,paid_search
4442,2024-06-21,1992-06-21,32,SP,5287.98,referral
4443,2024-07-07,1976-07-07,48,PE,5538.72,referral
4444,2026-02-13,1982-02-13,44,PE,1978.29,organic
4445,2025-08-23,1973-08-23,52,BA,2384.6,referral
4446,2025-01-21,1987-01-22,38,SP,4219.19,organic
4447,2025-08-23,1986-08-24,39,SP,3824.18,referral
4448,2025-06-25,1991-06-26,34,MG,4005.03,referral
4449,2025-04-24,1984-04-24,41,CE,5641.89,organic
4450,2025-10-13,1986-10-14,39,MG,2702.01,organic
4451,2025-02-01,1977-02-01,48,SP,4658.07,paid_search
4452,2026-06-19,1985-06-19,41,SP,3397.29,partner
4453,2024-07-04,1997-07-05,27,MG,6663.12,social_media
4454,2026-05-12,2003-05-13,23,RJ,5281.12,paid_search
4455,2024-09-25,1987-09-26,37,SP,3045.75,referral
4456,2026-08-21,1968-08-21,58,SP,3891.99,referral
4457,2024-12-16,1985-12-17,39,SP,7518.15,partner
4458,2026-06-08,1997-06-08,29,PR,6524.4,organic
4459,2026-05-30,2003-05-31,23,BA,1794.18,paid_search
4460,2024-09-08,1982-09-09,42,MG,2267.53,referral
4461,2026-06-14,1991-06-15,35,PE,2352.88,organic
4462,2024-03-09,2001-03-10,23,CE,6624.56,social_media
4463,2024-08-03,1988-08-03,36,RJ,5727.69,paid_search
4464,2024-01-10,2004-01-10,20,SP,5068.88,paid_search
4465,2026-04-25,1969-04-25,57,PE,6169.95,referral
4466,2025-12-30,1971-12-31,54,SP,32074.06,organic
4467,2026-02-08,1998-02-08,28,MG,2739.79,social_media
4468,2025-10-21,2004-10-21,21,BA,4608.71,paid_search
4469,2025-12-25,1967-12-26,58,RS,3921.68,partner
4470,2023-10-02,1984-10-02,39,PE,7593.67,paid_search
4471,2026-03-22,2008-03-22,18,RJ,4260.35,social_media
4472,2024-07-31,1989-08-01,35,RJ,6961.65,referral
4473,2025-07-04,1988-07-04,37,SP,2744.06,organic
4474,2025-09-13,1986-09-14,39,BA,2129.46,partner
4475,2024-01-11,2001-01-11,23,PR,2968.12,social_media
4476,2025-05-17,1987-05-18,38,RJ,9935.72,partner
4477,2026-04-22,1974-04-22,52,CE,4177.73,organic
4478,2024-06-12,1987-06-13,37,RS,2005.5,organic
4479,2024-11-03,1974-11-04,50,BA,5288.41,referral
4480,2024-07-24,1989-07-25,35,PR,4924.66,partner
4481,2026-05-22,1988-05-22,38,BA,1500.0,organic
4482,2025-01-07,1968-01-08,57,SP,8066.57,referral
4483,2024-05-06,1984-05-06,40,CE,4145.22,referral
4484,2026-06-10,1992-06-10,34,SP,2090.9,paid_search
4485,2023-07-29,1990-07-29,33,SP,5102.15,paid_search
4486,2023-04-19,1981-04-19,42,SP,3902.62,partner
4487,2023-05-19,2002-05-19,21,SP,1500.0,paid_search
4488,2025-05-06,1991-05-07,34,SP,4437.54,paid_search
4489,2026-02-15,1976-02-16,50,PR,10641.77,partner
4490,2024-09-03,1995-09-04,29,SP,6876.19,paid_search
4491,2025-02-10,1986-02-11,39,BA,2926.47,organic
4492,2023-12-05,1973-12-05,50,MG,5803.65,partner
4493,2023-10-13,1979-10-13,44,BA,6805.62,organic
4494,2024-10-09,1983-10-10,41,PR,5643.43,referral
4495,2023-12-26,2005-12-26,18,CE,3106.19,social_media
4496,2023-04-02,1991-04-02,32,SP,12264.68,paid_search
4497,2026-06-17,2008-06-17,18,RJ,11196.57,social_media
4498,2024-03-05,1993-03-06,31,BA,6989.27,partner
4499,2025-02-20,2007-02-21,18,SP,2060.67,paid_search
4500,2026-01-21,1993-01-21,33,SP,3551.85,referral
4501,2024-01-17,2001-01-17,23,BA,1725.31,paid_search
4502,2025-07-08,1985-07-08,40,MG,8433.31,organic
4503,2023-01-15,2000-01-16,23,SP,1624.34,paid_search
4504,2026-07-27,1979-07-28,47,BA,4867.92,partner
4505,2023-12-22,1979-12-22,44,RS,9374.59,organic
4506,2023-04-25,1969-04-25,54,SP,2898.44,organic
4507,2026-04-11,1993-04-11,33,SP,3588.68,paid_search
4508,2023-12-15,1985-12-15,38,MG,12409.28,organic
4509,2023-11-09,1991-11-09,32,RS,4462.24,paid_search
4510,2026-03-31,1979-04-01,47,PR,6238.62,organic
4511,2025-05-01,2003-05-02,22,RS,2418.04,paid_search
4512,2025-03-29,1985-03-29,40,RS,4218.18,referral
4513,2025-02-17,1995-02-18,30,CE,4941.3,referral
4514,2025-06-02,1994-06-03,31,RJ,2877.64,paid_search
4515,2026-07-01,1971-07-02,55,SP,5888.1,organic
4516,2025-08-10,2007-08-11,18,RS,3074.17,paid_search
4517,2023-11-28,1984-11-28,39,CE,5595.41,referral
4518,2023-11-23,1969-11-23,54,RJ,2394.85,organic
4519,2026-02-10,1995-02-11,31,PE,6627.32,organic
4520,2023-08-29,1990-08-29,33,SP,10431.92,partner
4521,2023-10-22,1994-10-22,29,RJ,4758.1,organic
4522,2023-06-05,1988-06-05,35,PE,3604.2,partner
4523,2024-07-27,1982-07-28,42,SP,4436.82,partner
4524,2023-05-26,1992-05-26,31,CE,8106.02,partner
4525,2026-06-25,2001-06-25,25,MG,6972.1,paid_search
4526,2024-11-28,1973-11-29,51,MG,6313.71,partner
4527,2023-02-22,1977-02-22,46,MG,6803.89,organic
4528,2025-06-26,1994-06-27,31,PE,4555.47,referral
4529,2023-06-02,2001-06-02,22,CE,4406.71,organic
4530,2025-01-21,1994-01-22,31,SP,5476.95,organic
4531,2025-03-18,1991-03-19,34,PE,4991.18,referral
4532,2025-02-05,1992-02-06,33,RJ,5747.93,organic
4533,2024-02-23,1965-02-23,59,SP,10174.74,partner
4534,2025-08-06,1982-08-07,43,SP,5069.85,paid_search
4535,2024-09-06,1979-09-07,45,BA,6283.98,organic
4536,2023-12-12,1988-12-12,35,BA,3922.09,organic
4537,2026-03-25,1989-03-25,37,BA,1908.86,paid_search
4538,2024-12-25,1979-12-26,45,RJ,3167.63,organic
4539,2024-08-01,1974-08-02,50,RS,27634.97,partner
4540,2024-09-11,1993-09-12,31,SP,10170.85,paid_search
4541,2024-06-20,1981-06-21,43,RJ,2217.42,partner
4542,2023-12-27,2003-12-27,20,RS,2992.24,social_media
4543,2025-10-07,1986-10-08,39,PE,5847.81,organic
4544,2024-04-03,1964-04-03,60,PE,1500.0,organic
4545,2023-03-12,1978-03-12,45,MG,5764.1,organic
4546,2026-03-30,1976-03-30,50,SP,3234.62,referral
4547,2024-01-21,1975-01-21,49,BA,1743.3,paid_search
4548,2024-10-19,1976-10-19,48,SP,7178.17,paid_search
4549,2023-07-12,1992-07-12,31,PR,11586.82,partner
4550,2023-04-21,1983-04-21,40,CE,5711.89,partner
4551,2023-06-24,1968-06-24,55,BA,2465.94,partner
4552,2024-08-18,1985-08-19,39,PE,3237.59,paid_search
4553,2023-02-16,1983-02-16,40,SP,9788.61,partner
4554,2023-02-26,2005-02-26,18,CE,3143.0,social_media
4555,2025-10-12,2007-10-13,18,SP,6069.94,social_media
4556,2024-04-08,1981-04-09,43,PE,2905.34,organic
4557,2025-03-18,1980-03-18,45,RJ,8403.34,organic
4558,2026-08-28,1987-08-29,39,CE,6435.9,organic
4559,2024-01-20,1986-01-20,38,SP,6031.77,partner
4560,2025-08-03,2003-08-04,22,PE,2346.47,paid_search
4561,2026-05-08,1968-05-08,58,SP,12343.86,referral
4562,2024-05-22,2006-05-23,18,SP,3147.83,social_media
4563,2024-10-13,1988-10-13,36,PE,4132.66,referral
4564,2023-04-10,1986-04-10,37,MG,3021.39,referral
4565,2024-03-17,1974-03-18,50,SP,5693.14,referral
4566,2026-06-30,2006-06-30,20,RS,1799.08,organic
4567,2023-01-11,1978-01-11,45,SP,8367.65,paid_search
4568,2025-02-04,1999-02-05,26,MG,2986.65,paid_search
4569,2023-08-19,1981-08-19,42,RS,4834.13,paid_search
4570,2025-05-27,1968-05-27,57,RJ,6080.96,organic
4571,2025-09-28,1979-09-29,46,PR,5131.17,paid_search
4572,2025-04-22,1964-04-22,61,SP,4782.93,partner
4573,2024-07-14,2006-07-15,18,CE,2204.9,paid_search
4574,2023-06-30,1988-06-30,35,SP,3833.96,referral
4575,2024-12-07,1974-12-08,50,RJ,2731.77,organic
4576,2024-09-10,1996-09-10,28,PE,1500.0,paid_search
4577,2025-06-18,1985-06-18,40,SP,2863.69,organic
4578,2023-05-29,1980-05-29,43,SP,4171.53,partner
4579,2023-03-05,1970-03-05,53,PE,5490.04,organic
4580,2023-02-15,2004-02-16,19,PR,1906.91,paid_search
4581,2025-02-15,1962-02-16,63,SP,3622.95,referral
4582,2025-10-20,1992-10-20,33,RJ,6850.2,referral
4583,2024-07-29,1963-07-30,61,SP,4991.85,referral
4584,2024-04-17,1988-04-17,36,CE,2078.58,paid_search
4585,2024-03-27,1975-03-28,49,MG,9023.39,partner
4586,2024-03-01,1989-03-02,35,SP,4599.14,organic
4587,2026-04-04,1997-04-04,29,RJ,1500.0,organic
4588,2026-03-20,1972-03-20,54,PE,1500.0,organic
4589,2024-05-30,1994-05-31,30,BA,3804.39,organic
4590,2025-05-10,1990-05-11,35,SP,4168.27,referral
4591,2023-09-12,1988-09-12,35,CE,2241.41,partner
4592,2025-05-26,1980-05-26,45,MG,1500.0,partner
4593,2024-12-25,1983-12-26,41,SP,4732.24,organic
4594,2025-04-29,1993-04-29,32,CE,5429.88,referral
4595,2024-09-18,2004-09-18,20,SP,6341.33,social_media
4596,2024-10-03,1982-10-04,42,BA,14585.62,paid_search
4597,2023-11-29,2005-11-29,18,RJ,3229.92,organic
4598,2023-04-05,1973-04-05,50,PE,4677.35,referral
4599,2023-09-14,1992-09-14,31,MG,3066.82,organic
4600,2024-05-05,2002-05-06,22,PE,10156.07,organic
4601,2024-07-31,1964-07-31,60,SP,18980.41,referral
4602,2024-10-03,1972-10-03,52,BA,20005.88,organic
4603,2024-02-18,1995-02-18,29,BA,11960.45,paid_search
4604,2025-10-04,1998-10-05,27,MG,4508.28,social_media
4605,2023-10-11,1995-10-11,28,SP,3321.32,social_media
4606,2023-06-19,1980-06-19,43,SP,8149.47,organic
4607,2025-12-10,1967-12-11,58,CE,8280.31,organic
4608,2024-07-22,2006-07-23,18,PE,4282.14,paid_search
4609,2023-09-02,1961-09-02,62,SP,4183.53,referral
4610,2026-04-08,1976-04-08,50,RS,1727.03,partner
4611,2025-01-13,1985-01-13,40,PR,9761.26,referral
4612,2024-01-14,1994-01-14,30,SP,14416.52,partner
4613,2023-01-10,1971-01-10,52,RS,6542.71,referral
4614,2024-11-15,1981-11-16,43,CE,8081.62,organic
4615,2026-02-01,1969-02-01,57,SP,6716.27,organic
4616,2025-04-17,1991-04-18,34,BA,3865.58,partner
4617,2025-01-08,1968-01-09,57,MG,2836.0,partner
4618,2025-07-29,2000-07-29,25,PE,1631.28,organic
4619,2025-12-20,1984-12-20,41,BA,7075.75,partner
4620,2023-01-20,1981-01-20,42,PR,24136.83,organic
4621,2025-07-04,1979-07-05,46,RJ,7736.37,partner
4622,2026-04-02,1986-04-02,40,SP,12911.18,paid_search
4623,2024-07-13,2003-07-14,21,BA,5099.77,paid_search
4624,2026-01-12,1989-01-12,37,RJ,3289.74,partner
4625,2024-12-12,1974-12-13,50,SP,4284.63,partner
4626,2025-08-22,1983-08-23,42,SP,5765.86,paid_search
4627,2025-10-25,1954-10-26,71,SP,6225.28,referral
4628,2024-02-01,1961-02-01,63,SP,18167.55,referral
4629,2024-01-16,1993-01-16,31,MG,23397.71,referral
4630,2023-12-18,1983-12-18,40,CE,3625.31,paid_search
4631,2023-01-21,2000-01-22,23,PE,1663.67,paid_search
4632,2023-06-27,1998-06-27,25,RJ,2338.84,paid_search
4633,2025-08-10,1999-08-11,26,SP,2606.17,paid_search
4634,2026-07-20,1980-07-20,46,MG,9509.15,partner
4635,2026-05-14,1981-05-14,45,RJ,2166.3,referral
4636,2025-03-30,1991-03-31,34,SP,11036.94,partner
4637,2023-10-14,1968-10-14,55,PR,5481.41,partner
4638,2026-04-02,2002-04-02,24,SP,13036.87,organic
4639,2023-04-19,1967-04-19,56,SP,6879.7,referral
4640,2024-02-23,1986-02-23,38,BA,1500.0,organic
4641,2026-07-18,2006-07-18,20,RJ,3589.66,organic
4642,2023-06-18,2003-06-18,20,SP,13430.24,organic
4643,2023-01-26,1987-01-26,36,PE,4744.92,referral
4644,2023-08-21,1977-08-21,46,RJ,3908.03,organic
4645,2026-08-29,1995-08-30,31,PR,3285.42,paid_search
4646,2023-07-16,1993-07-16,30,SP,5792.39,paid_search
4647,2025-08-07,1993-08-07,32,SP,2184.0,partner
4648,2024-02-10,1991-02-10,33,MG,4333.95,paid_search
4649,2024-06-22,1987-06-23,37,CE,1500.0,organic
4650,2024-03-28,1993-03-29,31,MG,5467.83,paid_search
4651,2024-03-08,1976-03-08,48,SP,2168.53,partner
4652,2024-12-08,1981-12-09,43,PR,11772.01,organic
4653,2023-09-19,1991-09-19,32,RJ,13788.31,partner
4654,2026-07-30,1978-07-30,48,BA,3385.75,partner
4655,2025-08-22,1979-08-23,46,MG,6841.49,paid_search
4656,2026-02-19,1983-02-20,43,MG,6157.8,organic
4657,2024-04-18,1994-04-19,30,SP,3852.69,organic
4658,2024-10-28,1988-10-28,36,SP,6200.87,partner
4659,2024-08-27,1982-08-28,42,SP,5395.82,referral
4660,2026-05-06,1971-05-07,55,SP,2720.5,partner
4661,2024-08-08,1998-08-09,26,BA,3246.62,social_media
4662,2025-11-17,1981-11-17,44,RJ,4642.26,partner
4663,2024-03-29,2000-03-29,24,SP,2102.26,social_media
4664,2024-01-16,2006-01-16,18,SP,4565.73,organic
4665,2025-07-14,1988-07-14,37,CE,3900.56,organic
4666,2026-04-03,1980-04-03,46,SP,5775.83,partner
4667,2025-03-22,1991-03-23,34,BA,2532.31,partner
4668,2026-02-16,2008-02-17,18,RS,3865.14,paid_search
4669,2025-11-18,1995-11-19,30,CE,16625.8,organic
4670,2026-05-12,1980-05-12,46,SP,2440.11,referral
4671,2026-07-31,1983-08-01,43,SP,19284.34,referral
4672,2025-05-07,1989-05-07,36,RJ,4865.95,partner
4673,2024-03-13,1998-03-14,26,RJ,12195.66,organic
4674,2024-10-28,2006-10-29,18,SP,2411.83,social_media
4675,2026-02-06,1983-02-07,43,RS,7447.4,paid_search
4676,2025-06-30,1974-07-01,51,SP,8698.0,organic
4677,2025-04-05,2004-04-05,21,RJ,2258.11,social_media
4678,2023-11-03,1986-11-03,37,SP,4543.6,partner
4679,2024-07-28,1999-07-29,25,MG,2711.75,social_media
4680,2025-01-03,1977-01-03,48,SP,4394.9,organic
4681,2024-01-18,1979-01-18,45,SP,9574.82,organic
4682,2023-01-11,2002-01-11,21,RJ,1719.69,paid_search
4683,2025-05-09,1996-05-09,29,PE,1500.0,social_media
4684,2025-09-03,1996-09-03,29,SP,3523.22,organic
4685,2026-04-08,1974-04-08,52,PE,3149.51,partner
4686,2023-04-01,1972-04-01,51,CE,2788.84,organic
4687,2025-04-09,1998-04-10,27,MG,3162.71,organic
4688,2023-05-24,2005-05-24,18,MG,5016.44,paid_search
4689,2025-12-03,1994-12-04,31,SP,7458.85,partner
4690,2023-01-03,1990-01-03,33,PE,2760.59,organic
4691,2023-02-23,1980-02-24,43,RS,2479.34,organic
4692,2023-03-05,1976-03-05,47,PE,8167.13,organic
4693,2025-02-27,1988-02-28,37,PE,2712.7,organic
4694,2024-01-24,2004-01-24,20,RS,5428.99,social_media
4695,2024-12-30,1995-12-31,29,BA,7225.02,organic
4696,2025-04-23,1974-04-24,51,RJ,2460.18,organic
4697,2025-10-05,1986-10-06,39,PE,5149.69,paid_search
4698,2026-02-17,1988-02-18,38,RS,5013.55,paid_search
4699,2024-03-01,1985-03-02,39,SP,4987.88,paid_search
4700,2023-03-28,1990-03-28,33,MG,2028.43,paid_search
4701,2025-09-05,1984-09-05,41,RS,4620.29,referral
4702,2025-02-28,1991-03-01,34,SP,3781.58,partner
4703,2025-03-29,1973-03-29,52,RS,16751.16,organic
4704,2023-03-09,1974-03-09,49,MG,8971.85,organic
4705,2025-05-29,1995-05-30,30,SP,2002.28,organic
4706,2026-01-15,1972-01-16,54,PE,19804.95,referral
4707,2026-06-12,1973-06-12,53,SP,3233.83,organic
4708,2025-11-06,2007-11-07,18,PR,8754.7,social_media
4709,2025-05-28,1985-05-28,40,PR,7534.57,partner
4710,2026-02-10,1997-02-10,29,MG,3990.62,social_media
4711,2023-02-11,1972-02-12,51,MG,5944.01,organic
4712,2023-04-10,1998-04-10,25,CE,2967.3,social_media
4713,2023-05-14,1983-05-14,40,SP,3894.63,partner
4714,2024-07-15,1984-07-15,40,PR,6661.63,partner
4715,2023-03-29,1972-03-29,51,BA,5257.37,referral
4716,2026-02-04,2002-02-04,24,PR,2130.99,paid_search
4717,2024-07-28,1997-07-29,27,PR,6549.26,organic
4718,2023-03-13,1990-03-13,33,SP,2783.17,paid_search
4719,2026-06-20,2006-06-20,20,SP,4630.01,social_media
4720,2026-05-30,2008-05-30,18,CE,3713.52,organic
4721,2025-01-05,2007-01-06,18,MG,5468.92,social_media
4722,2026-07-08,1982-07-08,44,RJ,3998.8,organic
4723,2026-05-14,1986-05-14,40,PE,4554.12,partner
4724,2023-09-10,1993-09-10,30,RJ,1911.18,referral
4725,2026-04-07,1983-04-08,43,PR,5958.51,partner
4726,2025-03-05,1991-03-06,34,PE,6544.84,partner
4727,2025-06-10,1980-06-10,45,MG,3901.49,partner
4728,2025-09-16,1987-09-17,38,MG,2428.42,paid_search
4729,2025-10-16,1988-10-16,37,SP,8542.85,paid_search
4730,2024-02-27,2006-02-27,18,PE,6377.64,paid_search
4731,2024-01-03,1976-01-03,48,SP,22313.45,organic
4732,2025-12-03,1990-12-04,35,SP,3113.97,organic
4733,2025-07-15,1983-07-16,42,PR,3885.99,referral
4734,2024-04-11,1976-04-11,48,SP,7132.28,organic
4735,2025-11-20,1991-11-21,34,PE,8362.35,paid_search
4736,2024-08-13,1960-08-13,64,BA,4457.05,organic
4737,2023-09-11,1980-09-11,43,SP,8152.45,referral
4738,2024-04-08,1986-04-09,38,BA,6797.89,organic
4739,2024-07-29,1972-07-29,52,RJ,9807.89,partner
4740,2024-02-08,2003-02-08,21,BA,10621.76,paid_search
4741,2026-04-26,1988-04-26,38,RS,9665.15,paid_search
4742,2024-04-12,1993-04-13,31,PE,3541.98,organic
4743,2025-10-25,1986-10-26,39,PE,6140.63,referral
4744,2023-11-30,1984-11-30,39,CE,3365.04,partner
4745,2024-03-20,1991-03-21,33,RJ,2895.94,referral
4746,2025-10-25,1998-10-26,27,RJ,3985.67,paid_search
4747,2026-07-07,1982-07-07,44,BA,2752.78,referral
4748,2023-08-28,1977-08-28,46,PE,4606.11,paid_search
4749,2026-02-07,1985-02-07,41,SP,3744.24,paid_search
4750,2025-11-12,1987-11-13,38,CE,3995.51,partner
4751,2025-02-14,1991-02-15,34,MG,8454.7,partner
4752,2023-06-11,2000-06-11,23,BA,1500.0,paid_search
4753,2024-03-01,1966-03-02,58,SP,14721.13,organic
4754,2024-01-24,1976-01-24,48,PE,13555.07,partner
4755,2023-09-20,1971-09-20,52,RJ,4533.52,partner
4756,2024-12-29,1977-12-30,47,SP,10497.1,referral
4757,2024-12-22,1989-12-23,35,CE,2075.64,partner
4758,2023-07-18,1996-07-18,27,PR,5137.35,social_media
4759,2024-05-12,1971-05-13,53,CE,2929.37,organic
4760,2025-08-15,2001-08-15,24,PE,1595.3,social_media
4761,2024-08-26,1992-08-26,32,SP,8531.61,partner
4762,2026-07-07,1973-07-07,53,PE,5735.63,partner
4763,2025-11-14,2007-11-15,18,CE,4729.3,paid_search
4764,2026-03-18,1972-03-18,54,MG,5433.55,partner
4765,2025-06-14,1979-06-15,46,SP,13424.85,organic
4766,2024-03-07,1988-03-07,36,SP,2836.72,referral
4767,2024-06-24,2006-06-25,18,RJ,2497.13,social_media
4768,2024-10-01,1996-10-01,28,BA,4413.99,organic
4769,2025-08-06,1992-08-06,33,RS,2626.7,paid_search
4770,2025-04-04,1975-04-05,50,SP,7174.45,organic
4771,2023-10-13,1966-10-13,57,RS,12933.41,referral
4772,2023-09-05,1954-09-05,69,MG,6509.02,organic
4773,2023-12-04,2005-12-04,18,PR,1968.55,social_media
4774,2026-05-11,1986-05-11,40,SP,6573.6,partner
4775,2026-03-13,1978-03-13,48,RS,2620.07,referral
4776,2024-04-19,1969-04-20,55,PE,2272.37,partner
4777,2024-02-26,1972-02-26,52,BA,8541.96,referral
4778,2024-06-19,1987-06-20,37,SP,1999.88,paid_search
4779,2025-08-15,1992-08-15,33,BA,5643.26,partner
4780,2024-05-31,1988-05-31,36,MG,4504.43,partner
4781,2024-11-23,2006-11-24,18,BA,5436.45,paid_search
4782,2023-12-08,1999-12-08,24,PE,1974.53,social_media
4783,2023-08-02,1979-08-02,44,SP,6492.43,partner
4784,2023-12-30,1963-12-30,60,RJ,5337.44,partner
4785,2025-09-26,1993-09-26,32,PR,3737.78,referral
4786,2023-07-02,1979-07-02,44,RJ,2397.43,organic
4787,2026-01-26,2001-01-26,25,SP,1648.65,social_media
4788,2025-09-30,2005-09-30,20,PR,2474.01,paid_search
4789,2025-12-12,1977-12-12,48,SP,5076.23,organic
4790,2024-06-19,1989-06-20,35,CE,4833.35,partner
4791,2023-07-19,1982-07-19,41,PR,6817.21,organic
4792,2024-12-02,1998-12-03,26,CE,3608.29,social_media
4793,2025-02-20,2007-02-21,18,SP,4336.83,social_media
4794,2023-03-16,1977-03-16,46,MG,4426.39,paid_search
4795,2024-02-01,1999-02-01,25,SP,2181.42,paid_search
4796,2026-03-08,1985-03-08,41,MG,14212.01,partner
4797,2023-08-01,1996-08-01,27,SP,8235.47,social_media
4798,2023-11-18,2003-11-18,20,PR,3361.07,social_media
4799,2024-11-18,1992-11-18,32,PR,3846.25,paid_search
4800,2025-04-27,1972-04-27,53,PE,12381.28,partner
4801,2025-04-12,2006-04-13,19,RS,4652.03,social_media
4802,2023-03-13,1986-03-13,37,RS,4763.63,partner
4803,2024-02-15,1973-02-15,51,CE,4627.9,organic
4804,2024-08-23,1992-08-23,32,PR,9744.97,referral
4805,2025-10-13,1976-10-13,49,SP,4158.74,partner
4806,2024-12-19,1983-12-20,41,MG,7704.97,partner
4807,2025-02-27,2004-02-28,21,MG,1500.0,organic
4808,2024-05-03,2002-05-04,22,SP,3255.78,paid_search
4809,2026-08-19,1972-08-19,54,SP,7896.46,partner
4810,2023-12-14,1982-12-14,41,MG,9690.91,partner
4811,2024-10-06,1974-10-07,50,SP,8653.6,partner
4812,2024-07-26,1998-07-27,26,MG,3690.63,social_media
4813,2025-12-25,1983-12-26,42,SP,4173.12,organic
4814,2024-05-22,1968-05-22,56,SP,6049.35,partner
4815,2023-03-01,1999-03-01,24,PE,5595.55,paid_search
4816,2023-01-03,1983-01-03,40,BA,3990.59,referral
4817,2023-03-02,1987-03-02,36,BA,2446.02,paid_search
4818,2025-12-27,1984-12-27,41,RJ,5178.78,referral
4819,2025-03-19,2004-03-19,21,SP,4841.54,social_media
4820,2025-09-21,1984-09-21,41,SP,10037.98,referral
4821,2023-08-17,1989-08-17,34,PE,12779.35,organic
4822,2023-04-20,1980-04-20,43,RS,4209.97,organic
4823,2026-05-06,1994-05-06,32,CE,3848.78,paid_search
4824,2025-11-27,1977-11-27,48,SP,4587.97,paid_search
4825,2024-10-20,2003-10-21,21,SP,9162.78,social_media
4826,2024-11-30,1981-12-01,43,PE,7756.67,paid_search
4827,2025-04-19,1968-04-19,57,PE,4553.63,partner
4828,2025-06-05,1983-06-06,42,BA,15453.59,organic
4829,2023-11-24,1993-11-24,30,BA,4344.22,partner
4830,2025-08-03,1993-08-03,32,SP,5266.64,referral
4831,2023-07-29,1995-07-29,28,RS,2499.48,organic
4832,2025-07-02,2007-07-03,18,PE,7801.48,social_media
4833,2025-09-29,2005-09-29,20,MG,1500.0,paid_search
4834,2024-07-01,1996-07-01,28,PE,1614.52,social_media
4835,2026-01-06,1993-01-06,33,RJ,6281.93,referral
4836,2025-08-05,1997-08-05,28,SP,7497.45,paid_search
4837,2023-01-15,1969-01-15,54,MG,5205.62,organic
4838,2023-01-21,2004-01-22,19,SP,7789.85,organic
4839,2024-05-16,1981-05-17,43,PR,1826.04,organic
4840,2025-05-26,2007-05-27,18,RJ,3546.34,organic
4841,2024-06-30,1950-07-01,74,RS,7740.96,partner
4842,2026-04-18,2001-04-18,25,SP,2531.38,organic
4843,2023-03-10,2005-03-10,18,RJ,1500.0,social_media
4844,2023-09-12,1979-09-12,44,BA,22068.14,partner
4845,2025-02-19,1987-02-20,38,MG,5729.64,referral
4846,2024-07-17,1984-07-17,40,PR,5833.04,paid_search
4847,2023-02-22,1968-02-23,55,MG,4677.25,partner
4848,2023-01-09,1969-01-09,54,PE,1500.0,organic
4849,2023-03-08,2005-03-08,18,PE,6441.44,paid_search
4850,2025-07-07,1998-07-08,27,SP,3936.23,paid_search
4851,2026-05-13,1996-05-13,30,PR,6649.07,referral
4852,2024-04-29,1984-04-29,40,RJ,4941.75,paid_search
4853,2025-11-21,1979-11-22,46,SP,2754.71,organic
4854,2025-10-30,1997-10-30,28,SP,7078.42,paid_search
4855,2025-05-07,1984-05-07,41,BA,5279.76,organic
4856,2026-03-23,2008-03-23,18,RJ,13003.23,paid_search
4857,2024-09-13,1988-09-13,36,SP,5726.67,referral
4858,2025-11-15,1973-11-15,52,MG,5874.29,organic
4859,2024-10-28,1988-10-28,36,SP,2850.75,referral
4860,2023-03-26,2000-03-26,23,SP,2625.75,paid_search
4861,2026-05-04,1978-05-04,48,SP,12483.64,paid_search
4862,2025-01-24,1992-01-25,33,RS,4218.92,organic
4863,2025-11-05,1987-11-06,38,SP,4077.13,partner
4864,2025-07-14,1994-07-15,31,MG,7493.82,paid_search
4865,2025-01-27,1991-01-28,34,SP,4314.0,referral
4866,2026-04-16,1970-04-16,56,PR,2927.5,organic
4867,2023-03-20,1981-03-20,42,SP,3589.84,referral
4868,2026-01-26,1988-01-27,38,PR,5874.59,partner
4869,2024-06-27,1966-06-28,58,PE,5168.15,organic
4870,2024-11-29,1997-11-30,27,PR,5260.6,social_media
4871,2024-11-06,1992-11-06,32,RS,3740.86,organic
4872,2025-02-08,1981-02-08,44,SP,12920.63,partner
4873,2025-03-24,2001-03-24,24,CE,4671.46,social_media
4874,2025-10-13,1971-10-14,54,RS,6309.74,partner
4875,2024-08-02,1976-08-02,48,SP,3631.02,referral
4876,2025-01-14,1990-01-15,35,RS,3601.84,paid_search
4877,2024-02-21,2006-02-21,18,MG,14300.86,paid_search
4878,2025-04-29,1965-04-29,60,RJ,7720.6,partner
4879,2023-01-16,1992-01-17,31,MG,1769.66,organic
4880,2024-08-24,1966-08-25,58,SP,5440.44,partner
4881,2025-08-23,2007-08-24,18,PE,4959.48,social_media
4882,2024-04-01,1994-04-02,30,SP,3528.24,paid_search
4883,2023-05-21,1992-05-21,31,RJ,4737.32,organic
4884,2023-03-10,1996-03-10,27,SP,7437.09,organic
4885,2023-06-10,1976-06-10,47,SP,2277.05,organic
4886,2023-03-09,1979-03-09,44,MG,1796.65,paid_search
4887,2024-03-20,1975-03-21,49,RJ,24049.09,partner
4888,2025-11-28,1992-11-28,33,SP,4901.9,referral
4889,2024-08-03,1974-08-04,50,PE,16588.86,partner
4890,2025-04-07,1991-04-08,34,SP,14092.75,paid_search
4891,2024-09-04,1992-09-04,32,SP,6270.23,referral
4892,2025-09-11,1988-09-11,37,SP,6591.89,referral
4893,2023-03-03,1986-03-03,37,SP,5549.08,partner
4894,2026-05-12,1971-05-13,55,PR,4627.9,organic
4895,2024-11-01,2005-11-02,19,MG,2240.09,paid_search
4896,2026-06-02,1991-06-03,35,MG,2851.93,organic
4897,2024-09-18,1978-09-19,46,PR,1500.0,referral
4898,2024-05-25,1990-05-26,34,PE,1676.8,partner
4899,2024-09-28,1991-09-29,33,SP,8604.2,organic
4900,2026-02-11,1995-02-12,31,CE,6237.06,partner
4901,2025-03-10,2007-03-11,18,RJ,1500.0,organic
4902,2026-07-14,1969-07-14,57,CE,6893.62,organic
4903,2025-10-01,1971-10-02,54,SP,3030.24,organic
4904,2024-07-06,1967-07-07,57,PE,3748.5,referral
4905,2025-11-20,2007-11-21,18,BA,3261.16,paid_search
4906,2024-11-06,1973-11-07,51,SP,2910.27,partner
4907,2025-07-09,1997-07-09,28,BA,6248.58,paid_search
4908,2025-10-25,2002-10-26,23,SP,4340.44,paid_search
4909,2024-11-21,1969-11-22,55,RS,7212.38,partner
4910,2024-06-18,1978-06-19,46,MG,9185.49,partner
4911,2024-04-04,1985-04-05,39,SP,2908.74,paid_search
4912,2024-05-29,1984-05-29,40,PR,4686.69,partner
4913,2023-07-24,1981-07-24,42,SP,1720.76,referral
4914,2023-02-14,1990-02-14,33,PR,3249.61,paid_search
4915,2024-04-03,1996-04-03,28,SP,4372.41,social_media
4916,2024-01-16,1965-01-16,59,PR,8841.89,partner
4917,2025-05-16,2007-05-17,18,SP,3198.22,organic
4918,2023-04-08,1965-04-08,58,PR,3513.97,referral
4919,2023-01-04,2005-01-04,18,BA,3962.09,organic
4920,2025-10-02,1972-10-02,53,PE,4581.0,referral
4921,2025-12-18,1989-12-18,36,PR,6215.11,referral
4922,2026-06-19,1975-06-20,51,MG,4318.15,referral
4923,2024-01-05,1996-01-05,28,PE,2214.29,paid_search
4924,2025-10-28,1974-10-29,51,PR,13250.81,partner
4925,2023-09-10,1983-09-10,40,PE,5053.94,referral
4926,2024-02-16,1974-02-16,50,PR,2789.67,organic
4927,2023-09-16,1994-09-16,29,PE,3388.63,paid_search
4928,2023-03-30,1982-03-30,41,SP,3328.11,partner
4929,2024-12-29,1988-12-29,36,PR,2979.01,referral
4930,2023-11-03,1983-11-03,40,RJ,6221.07,partner
4931,2023-04-28,1974-04-28,49,PE,5422.76,organic
4932,2024-10-15,1971-10-16,53,RJ,1795.47,referral
4933,2025-02-23,2005-02-23,20,SP,2203.75,social_media
4934,2026-03-22,1983-03-23,43,PR,3450.64,referral
4935,2023-06-17,1977-06-17,46,RJ,2185.77,referral
4936,2024-01-21,1996-01-21,28,SP,1651.28,social_media
4937,2023-10-30,1987-10-30,36,SP,14352.01,referral
4938,2023-08-15,1974-08-15,49,MG,9527.76,referral
4939,2026-01-19,2008-01-20,18,PE,3756.96,paid_search
4940,2025-01-17,1988-01-18,37,BA,2717.25,paid_search
4941,2023-01-14,1993-01-14,30,SP,2735.41,organic
4942,2023-01-06,1968-01-07,55,MG,5826.68,partner
4943,2024-06-23,1984-06-23,40,PE,5436.53,partner
4944,2023-01-22,1958-01-22,65,PR,9606.12,referral
4945,2024-01-12,1997-01-12,27,MG,4512.49,social_media
4946,2024-03-10,1971-03-11,53,RS,7278.06,partner
4947,2023-07-09,2005-07-09,18,RJ,2857.91,paid_search
4948,2026-05-24,1981-05-24,45,RJ,4777.28,paid_search
4949,2023-03-04,1985-03-04,38,PE,3499.5,organic
4950,2025-02-14,1992-02-15,33,MG,4464.8,organic
4951,2025-09-26,2007-09-27,18,SP,3818.59,organic
4952,2024-06-11,2006-06-12,18,BA,1590.39,organic
4953,2026-07-13,1999-07-14,27,SP,1500.0,organic
4954,2024-02-19,1950-02-19,74,CE,5782.89,partner
4955,2025-02-21,1987-02-22,38,SP,5006.35,partner
4956,2023-10-29,1987-10-29,36,MG,6597.18,paid_search
4957,2025-04-21,1981-04-21,44,CE,6028.11,organic
4958,2023-09-06,1984-09-06,39,MG,4995.63,organic
4959,2023-02-24,1961-02-24,62,PR,5541.43,organic
4960,2023-05-20,1987-05-20,36,MG,5145.7,organic
4961,2023-04-11,1959-04-11,64,RJ,5378.27,referral
4962,2024-12-06,2006-12-07,18,RS,8348.66,organic
4963,2025-08-03,2001-08-03,24,RJ,1916.51,organic
4964,2025-08-08,1984-08-08,41,SP,4070.92,organic
4965,2023-08-04,1997-08-04,26,MG,3715.9,paid_search
4966,2026-05-02,1993-05-02,33,SP,6622.03,organic
4967,2026-04-29,1986-04-29,40,SP,9909.86,paid_search
4968,2026-03-11,1995-03-12,31,CE,9276.44,paid_search
4969,2024-12-21,1973-12-22,51,PE,5022.06,organic
4970,2025-12-11,1984-12-11,41,SP,4460.19,organic
4971,2026-02-02,1984-02-03,42,BA,3026.01,referral
4972,2025-10-19,1983-10-20,42,RJ,6447.02,referral
4973,2026-01-31,1994-01-31,32,SP,5355.59,organic
4974,2023-12-30,1972-12-30,51,SP,5945.17,partner
4975,2024-06-04,2001-06-05,23,SP,5126.91,social_media
4976,2026-03-10,1981-03-10,45,RJ,5460.15,referral
4977,2024-05-04,1990-05-05,34,PE,7147.91,paid_search
4978,2023-03-23,1993-03-23,30,SP,3524.34,partner
4979,2025-02-04,1986-02-05,39,SP,4128.43,paid_search
4980,2026-05-10,1978-05-10,48,BA,3045.75,organic
4981,2024-01-17,1998-01-17,26,RS,4279.58,paid_search
4982,2023-09-08,1990-09-08,33,RJ,4560.1,paid_search
4983,2023-10-09,1990-10-09,33,MG,4249.76,organic
4984,2024-05-15,1989-05-16,35,MG,1886.81,partner
4985,2025-02-03,1979-02-04,46,PE,3506.89,partner
4986,2025-09-15,2002-09-16,23,PR,4032.11,social_media
4987,2023-06-01,1970-06-01,53,SP,6457.41,referral
4988,2025-10-26,1997-10-26,28,RS,3859.24,organic
4989,2023-10-16,1975-10-16,48,PE,8187.09,referral
4990,2025-07-12,1995-07-13,30,MG,4616.48,organic
4991,2025-04-13,2007-04-14,18,PR,3470.81,paid_search
4992,2026-03-18,1994-03-18,32,BA,5045.56,organic
4993,2023-05-04,1984-05-04,39,SP,5167.41,paid_search
4994,2024-12-15,1991-12-16,33,SP,4611.73,organic
4995,2023-08-07,1973-08-07,50,RJ,14256.91,organic
4996,2026-06-28,2006-06-28,20,MG,2399.57,organic
4997,2026-04-15,1988-04-15,38,CE,2913.29,organic
4998,2023-07-26,1972-07-26,51,PE,6631.49,referral
4999,2024-09-05,1998-09-06,26,MG,5141.07,paid_search
5000,2024-11-15,1983-11-16,41,RS,2815.96,referral
5001,2025-03-08,2001-03-08,24,SP,2540.29,paid_search
5002,2023-06-20,1998-06-20,25,BA,2553.86,paid_search
5003,2025-02-27,1991-02-28,34,CE,5147.19,referral
5004,2025-08-25,1985-08-25,40,BA,5843.85,organic
5005,2024-05-26,1973-05-27,51,CE,1760.99,partner
5006,2023-08-10,1992-08-10,31,SP,3387.92,organic
5007,2023-12-30,1978-12-30,45,SP,2658.45,organic
5008,2025-02-23,1987-02-24,38,RJ,8410.63,referral
5009,2023-06-25,2005-06-25,18,SP,1993.48,social_media
5010,2025-06-09,1993-06-09,32,SP,10604.41,organic
5011,2024-11-04,1971-11-05,53,RS,5918.02,organic
5012,2023-07-22,1996-07-22,27,BA,6411.99,organic
5013,2023-05-02,1988-05-02,35,PR,4823.68,organic
5014,2026-08-10,1996-08-10,30,BA,4809.58,referral
5015,2025-10-28,1983-10-29,42,PE,3671.02,paid_search
5016,2026-04-03,1985-04-03,41,SP,8672.58,paid_search
5017,2023-01-12,1967-01-12,56,PR,2308.58,referral
5018,2023-11-08,1998-11-08,25,PE,11937.78,organic
5019,2024-09-21,2006-09-22,18,RJ,3398.48,organic
5020,2024-08-31,1973-09-01,51,MG,6623.45,referral
5021,2026-05-13,1976-05-13,50,RJ,3985.58,organic
5022,2026-03-27,1976-03-27,50,SP,9598.04,referral
5023,2023-08-21,1988-08-21,35,PE,2223.14,paid_search
5024,2024-03-21,1987-03-22,37,PE,1946.29,paid_search
5025,2024-04-27,1990-04-28,34,CE,1500.0,referral
5026,2025-03-19,1973-03-19,52,SP,2745.26,organic
5027,2024-05-12,1979-05-13,45,CE,2295.95,partner
5028,2023-03-22,1986-03-22,37,PR,4300.16,paid_search
5029,2026-06-21,1982-06-21,44,CE,8065.47,partner
5030,2025-03-20,1991-03-21,34,RS,4214.76,organic
5031,2023-03-23,1996-03-23,27,PR,2716.06,social_media
5032,2025-01-28,1984-01-29,41,RS,10153.42,partner
5033,2023-10-24,1988-10-24,35,CE,3535.84,referral
5034,2024-08-15,1973-08-16,51,RS,3730.82,organic
5035,2026-04-28,1996-04-28,30,RJ,2173.79,paid_search
5036,2024-03-25,2001-03-26,23,MG,1500.0,organic
5037,2026-03-26,1984-03-26,42,SP,5826.92,partner
5038,2026-01-29,1978-01-29,48,MG,5242.58,organic
5039,2024-07-15,1976-07-15,48,SP,2849.52,referral
5040,2026-03-31,1966-03-31,60,SP,19297.34,organic
5041,2026-03-30,2003-03-31,23,MG,2729.21,paid_search
5042,2023-04-27,1995-04-27,28,SP,3798.44,organic
5043,2026-02-03,1966-02-03,60,MG,8809.99,partner
5044,2024-02-10,1999-02-10,25,PR,3377.24,organic
5045,2025-04-29,1984-04-29,41,MG,2211.52,referral
5046,2023-05-30,1982-05-30,41,MG,9799.64,referral
5047,2024-07-23,1987-07-24,37,SP,3650.1,paid_search
5048,2023-03-12,1993-03-12,30,BA,4780.1,organic
5049,2026-04-06,2004-04-06,22,SP,3081.89,social_media
5050,2024-04-16,1977-04-17,47,CE,8724.83,partner
5051,2024-12-29,1987-12-30,37,RS,6098.41,partner
5052,2024-05-01,1988-05-01,36,RJ,3190.15,partner
5053,2025-10-25,1984-10-25,41,CE,1858.37,organic
5054,2023-10-14,1999-10-14,24,RJ,2135.0,organic
5055,2026-06-28,1997-06-28,29,SP,7626.64,paid_search
5056,2024-10-17,1999-10-18,25,RS,7775.69,paid_search
5057,2026-04-05,2006-04-05,20,RJ,1500.0,social_media
5058,2024-05-03,1977-05-04,47,CE,5332.48,paid_search
5059,2023-04-21,1978-04-21,45,SP,5885.41,paid_search
5060,2025-12-26,2005-12-26,20,PE,5121.91,paid_search
5061,2024-09-01,1998-09-02,26,PE,2096.02,organic
5062,2023-06-28,1989-06-28,34,RJ,2547.81,partner
5063,2023-05-09,1999-05-09,24,RJ,5409.8,social_media
5064,2023-05-12,1979-05-12,44,SP,5972.59,organic
5065,2024-03-05,2002-03-06,22,SP,5477.65,paid_search
5066,2024-03-12,2006-03-13,18,BA,2609.93,social_media
5067,2025-04-22,2003-04-23,22,PR,2480.14,social_media
5068,2023-01-25,1967-01-25,56,MG,4316.74,organic
5069,2025-07-21,1993-07-21,32,BA,5123.16,paid_search
5070,2026-05-07,1991-05-08,35,CE,2439.75,partner
5071,2023-09-25,1993-09-25,30,PR,1605.58,partner
5072,2026-02-08,2000-02-09,26,RS,7228.88,paid_search
5073,2025-06-15,1967-06-16,58,SP,5355.93,referral
5074,2024-03-12,1998-03-13,26,MG,2226.07,organic
5075,2023-11-26,1972-11-26,51,SP,4046.17,partner
5076,2024-10-15,1983-10-16,41,SP,4748.56,organic
5077,2026-08-14,1990-08-14,36,BA,2672.36,organic
5078,2025-10-18,2001-10-18,24,CE,4169.02,paid_search
5079,2023-03-24,1985-03-24,38,PE,4602.93,organic
5080,2026-01-09,1971-01-10,55,MG,3533.98,referral
5081,2023-03-09,1992-03-09,31,SP,2678.92,paid_search
5082,2025-07-06,1980-07-06,45,PE,5347.52,partner
5083,2024-04-11,2006-04-12,18,RS,1663.65,paid_search
5084,2026-02-18,1991-02-19,35,MG,1531.79,referral
5085,2025-01-05,1992-01-06,33,SP,2732.65,referral
5086,2023-03-15,1996-03-15,27,RJ,9721.02,organic
5087,2025-04-26,2005-04-26,20,RJ,8738.22,organic
5088,2023-12-04,1980-12-04,43,MG,4532.29,organic
5089,2024-07-21,1967-07-22,57,SP,7487.92,referral
5090,2023-12-22,1983-12-22,40,SP,2217.84,partner
5091,2026-01-05,1997-01-05,29,SP,5264.2,paid_search
5092,2025-04-17,2007-04-18,18,RJ,3380.66,paid_search
5093,2023-11-02,1979-11-02,44,SP,2624.61,partner
5094,2025-08-20,1989-08-20,36,PE,4377.53,organic
5095,2024-04-17,1986-04-18,38,PR,8029.01,paid_search
5096,2023-03-01,1975-03-01,48,RJ,10455.28,partner
5097,2024-06-09,2004-06-09,20,PE,1500.0,paid_search
5098,2024-04-11,1999-04-12,25,RJ,1719.87,organic
5099,2026-05-03,1978-05-03,48,MG,2741.08,paid_search
5100,2024-08-03,1996-08-03,28,RJ,2416.08,social_media
5101,2024-01-28,1973-01-28,51,PR,4088.13,referral
5102,2024-06-25,1981-06-26,43,RS,13753.28,organic
5103,2025-11-10,1986-11-11,39,SP,2479.87,paid_search
5104,2025-07-31,1995-08-01,30,SP,5285.15,partner
5105,2025-08-18,1997-08-18,28,PR,5986.63,paid_search
5106,2023-10-10,1955-10-10,68,SP,20376.08,referral
5107,2023-09-10,1976-09-10,47,PE,1682.07,organic
5108,2026-08-03,1984-08-03,42,SP,3700.75,paid_search
5109,2025-04-03,1992-04-03,33,PR,3544.9,organic
5110,2024-09-25,1993-09-26,31,SP,5276.76,partner
5111,2026-09-01,1980-09-01,46,BA,10404.67,paid_search
5112,2024-10-09,1987-10-10,37,PR,1500.0,referral
5113,2024-07-07,1988-07-07,36,BA,5512.14,referral
5114,2024-10-06,1999-10-07,25,SP,3294.1,organic
5115,2026-07-03,1999-07-04,27,SP,7174.55,organic
5116,2024-09-28,1976-09-28,48,CE,3392.94,paid_search
5117,2024-12-12,2002-12-13,22,PR,3654.7,organic
5118,2026-07-11,1994-07-11,32,SP,5578.18,organic
5119,2024-11-19,1965-11-20,59,SP,5862.28,organic
5120,2025-07-12,1984-07-12,41,PR,2366.89,referral
5121,2023-09-27,1992-09-27,31,BA,3998.63,referral
5122,2024-07-14,1979-07-15,45,MG,2723.67,organic
5123,2024-09-18,2006-09-19,18,PE,2556.55,social_media
5124,2025-07-25,1978-07-26,47,SP,4212.31,partner
5125,2026-04-30,1985-04-30,41,CE,3006.28,referral
5126,2026-08-30,1964-08-30,62,PR,3679.88,partner
5127,2024-06-02,1982-06-03,42,SP,4384.82,partner
5128,2023-05-04,1996-05-04,27,MG,5567.61,organic
5129,2024-06-01,1999-06-02,25,SP,7661.86,social_media
5130,2025-09-03,1985-09-03,40,SP,2429.75,organic
5131,2024-03-21,1984-03-21,40,PR,6901.22,referral
5132,2024-07-01,1983-07-02,41,CE,4230.73,paid_search
5133,2024-05-12,2005-05-13,19,RJ,8917.25,organic
5134,2024-06-21,1977-06-22,47,SP,10914.92,referral
5135,2026-06-30,1997-06-30,29,RJ,1923.75,social_media
5136,2023-08-12,1975-08-12,48,RJ,16988.98,paid_search
5137,2025-06-18,1989-06-18,36,SP,1500.0,organic
5138,2023-11-27,2000-11-27,23,SP,7888.06,organic
5139,2023-09-22,1991-09-22,32,SP,12658.11,referral
5140,2023-03-24,1985-03-24,38,SP,8634.14,referral
5141,2023-07-23,1972-07-23,51,SP,1500.0,referral
5142,2023-03-19,1978-03-19,45,RJ,7924.8,referral
5143,2026-04-18,2002-04-18,24,CE,1535.52,paid_search
5144,2025-10-01,1971-10-02,54,RJ,4052.28,referral
5145,2024-10-13,1989-10-14,35,BA,3644.01,paid_search
5146,2025-06-21,1995-06-22,30,RJ,2419.9,paid_search
5147,2023-06-13,1980-06-13,43,PE,4444.76,referral
5148,2024-02-01,1996-02-01,28,RS,5395.65,organic
5149,2025-02-22,1961-02-22,64,SP,13327.97,referral
5150,2023-02-23,1990-02-23,33,SP,2058.55,paid_search
5151,2023-03-04,1993-03-04,30,SP,3878.48,paid_search
5152,2025-08-14,2001-08-14,24,RJ,5647.96,social_media
5153,2026-06-07,1996-06-07,30,CE,4075.35,paid_search
5154,2025-07-18,1986-07-19,39,BA,13888.93,paid_search
5155,2025-04-23,1990-04-24,35,MG,4153.11,partner
5156,2023-06-24,1986-06-24,37,RS,6277.87,referral
5157,2024-12-12,1980-12-12,44,MG,3549.74,organic
5158,2023-09-27,1971-09-27,52,SP,2776.6,organic
5159,2026-07-01,2002-07-01,24,SP,3381.05,organic
5160,2023-03-02,1987-03-02,36,SP,4882.97,partner
5161,2023-01-07,1978-01-07,45,PE,4000.01,referral
5162,2023-09-07,1992-09-07,31,CE,4183.76,partner
5163,2026-08-23,1999-08-24,27,RJ,2671.92,social_media
5164,2026-04-18,1973-04-18,53,SP,7820.53,referral
5165,2024-08-30,2006-08-31,18,SP,2109.96,paid_search
5166,2025-03-16,2005-03-16,20,SP,1902.24,paid_search
5167,2023-08-02,1992-08-02,31,PR,2355.86,paid_search
5168,2026-08-26,1990-08-26,36,MG,6531.31,organic
5169,2024-06-14,1981-06-15,43,RJ,3377.26,referral
5170,2026-05-23,1992-05-23,34,RS,8732.38,organic
5171,2025-06-23,2004-06-23,21,BA,5480.47,organic
5172,2025-01-07,1994-01-08,31,RJ,3511.66,organic
5173,2023-04-22,2003-04-22,20,RJ,2679.06,paid_search
5174,2026-07-03,1975-07-04,51,SP,6273.11,partner
5175,2024-03-19,1990-03-20,34,CE,3174.86,organic
5176,2025-06-02,1986-06-03,39,BA,2900.68,paid_search
5177,2024-06-13,1951-06-14,73,RJ,2694.43,partner
5178,2023-03-22,1989-03-22,34,RJ,4927.32,organic
5179,2025-11-08,1981-11-08,44,PR,2702.21,paid_search
5180,2023-04-13,1995-04-13,28,PR,6007.52,social_media
5181,2024-12-02,1986-12-03,38,SP,7629.52,referral
5182,2026-04-17,1994-04-17,32,PE,1626.06,paid_search
5183,2024-11-28,1985-11-29,39,PE,5263.49,organic
5184,2024-11-14,1998-11-15,26,RS,5648.33,organic
5185,2026-05-25,1960-05-25,66,PE,10844.91,referral
5186,2026-07-28,1980-07-28,46,SP,5946.75,referral
5187,2025-06-07,1989-06-07,36,MG,3545.97,partner
5188,2023-02-26,2000-02-27,23,BA,6145.91,social_media
5189,2025-10-18,1989-10-18,36,PR,6457.9,partner
5190,2023-03-06,1974-03-06,49,CE,15374.37,organic
5191,2025-09-26,1962-09-27,63,SP,4867.23,organic
5192,2026-07-28,1990-07-28,36,PR,7518.82,partner
5193,2025-06-13,1986-06-14,39,SP,4342.99,referral
5194,2023-01-13,1981-01-13,42,BA,3153.41,partner
5195,2025-05-28,1983-05-29,42,PR,6589.33,referral
5196,2023-12-15,1981-12-15,42,RJ,3918.84,organic
5197,2024-05-28,1971-05-29,53,RJ,5103.0,organic
5198,2024-06-12,1974-06-13,50,BA,2072.62,referral
5199,2024-02-24,1990-02-24,34,MG,6251.84,referral
5200,2026-02-27,2004-02-28,22,PR,1500.0,paid_search
5201,2024-07-13,1978-07-14,46,PR,1684.56,partner
5202,2023-05-26,1988-05-26,35,SP,6807.4,partner
5203,2026-08-24,1992-08-24,34,SP,3450.0,paid_search
5204,2026-03-27,2000-03-27,26,PE,5554.42,organic
5205,2025-03-31,2007-04-01,18,BA,2486.63,paid_search
5206,2025-08-28,1986-08-29,39,BA,1931.57,partner
5207,2025-03-18,1977-03-18,48,PE,7720.7,partner
5208,2024-09-28,1983-09-29,41,SP,3715.44,partner
5209,2025-01-14,1973-01-14,52,RJ,5289.14,organic
5210,2025-10-23,1982-10-24,43,RJ,2693.1,referral
5211,2023-10-18,1979-10-18,44,BA,5798.59,partner
5212,2026-05-28,1977-05-28,49,SP,9667.65,paid_search
5213,2026-08-14,2008-08-14,18,SP,1740.2,paid_search
5214,2024-02-19,1990-02-19,34,MG,1500.0,organic
5215,2024-06-10,1986-06-11,38,MG,2144.84,paid_search
5216,2024-05-10,1979-05-11,45,PR,3621.43,referral
5217,2024-12-03,1997-12-04,27,SP,2957.53,paid_search
5218,2023-08-02,1987-08-02,36,SP,2948.06,partner
5219,2024-06-02,1997-06-03,27,RJ,2054.45,organic
5220,2023-07-02,1970-07-02,53,MG,3049.34,organic
5221,2024-02-21,1981-02-21,43,PR,1500.0,partner
5222,2024-05-27,2001-05-28,23,PE,2043.26,social_media
5223,2023-09-09,2002-09-09,21,CE,3146.95,paid_search
5224,2026-05-19,2000-05-19,26,SP,3394.1,social_media
5225,2026-04-27,1981-04-27,45,BA,5119.23,referral
5226,2023-08-28,1965-08-28,58,RJ,6368.16,partner
5227,2026-03-02,1991-03-03,35,CE,8194.98,organic
5228,2026-05-27,2005-05-27,21,BA,1737.41,organic
5229,2023-09-18,1981-09-18,42,CE,4478.88,paid_search
5230,2023-09-12,1992-09-12,31,PR,9548.68,organic
5231,2026-07-22,1990-07-22,36,PR,2680.93,referral
5232,2025-05-04,1976-05-04,49,BA,3868.63,paid_search
5233,2026-05-17,1984-05-17,42,PE,3049.52,paid_search
5234,2025-02-23,1970-02-24,55,SP,3083.92,partner
5235,2023-01-30,1984-01-31,39,SP,14058.35,referral
5236,2023-05-15,1968-05-15,55,BA,12738.71,referral
5237,2024-12-10,1977-12-11,47,PE,6944.68,paid_search
5238,2025-11-21,1985-11-21,40,PE,19644.72,partner
5239,2023-02-20,1979-02-20,44,SP,6692.36,organic
5240,2025-08-16,1980-08-16,45,RJ,6050.54,referral
5241,2024-05-09,1981-05-10,43,RS,4443.86,partner
5242,2025-06-12,1990-06-13,35,SP,2839.63,partner
5243,2023-09-18,1998-09-18,25,SP,2437.2,social_media
5244,2024-08-13,1982-08-14,42,RJ,4237.36,paid_search
5245,2026-04-03,1984-04-03,42,BA,2799.13,partner
5246,2023-04-15,1965-04-15,58,PR,11744.2,organic
5247,2023-07-21,1983-07-21,40,RS,6376.08,partner
5248,2023-11-19,1977-11-19,46,RJ,10961.06,referral
5249,2025-10-29,1983-10-30,42,RJ,1595.2,organic
5250,2023-09-27,1977-09-27,46,MG,5545.35,partner
5251,2023-08-18,1988-08-18,35,CE,3491.19,referral
5252,2024-10-07,1992-10-07,32,RJ,5785.54,organic
5253,2025-05-13,1980-05-13,45,SP,15747.75,referral
5254,2026-05-09,1991-05-10,35,PE,2819.32,paid_search
5255,2025-03-14,1988-03-14,37,PR,7945.61,partner
5256,2026-04-19,1979-04-20,47,PE,1556.51,organic
5257,2026-07-17,1973-07-17,53,SP,11021.93,organic
5258,2025-10-21,1982-10-22,43,SP,2331.23,partner
5259,2026-01-21,1994-01-21,32,PE,6982.6,referral
5260,2024-03-22,1974-03-23,50,PE,2372.01,organic
5261,2023-10-15,1996-10-15,27,RJ,6639.67,paid_search
5262,2026-02-03,1972-02-04,54,SP,5188.52,partner
5263,2025-08-05,1993-08-05,32,SP,3714.56,paid_search
5264,2024-08-10,1994-08-11,30,PR,1959.71,partner
5265,2025-12-18,1992-12-18,33,PE,2930.33,paid_search
5266,2024-11-12,1965-11-13,59,SP,4504.77,referral
5267,2025-11-20,2002-11-21,23,PR,3577.42,paid_search
5268,2025-01-05,1972-01-06,53,BA,11803.65,partner
5269,2024-11-01,1986-11-02,38,PR,8384.0,paid_search
5270,2024-03-24,1988-03-24,36,RJ,3453.21,partner
5271,2024-07-11,2004-07-11,20,PE,3685.66,social_media
5272,2024-10-29,1988-10-29,36,PE,3002.47,referral
5273,2024-02-10,1993-02-10,31,RJ,3590.54,referral
5274,2023-10-22,1984-10-22,39,CE,3676.8,partner
5275,2023-04-05,1994-04-05,29,RJ,1860.5,social_media
5276,2023-02-03,1988-02-04,35,MG,1832.36,paid_search
5277,2024-09-29,1973-09-30,51,MG,2036.2,referral
5278,2023-06-28,1997-06-28,26,BA,2702.5,social_media
5279,2026-02-14,1989-02-14,37,RJ,6392.93,referral
5280,2024-02-10,1973-02-10,51,MG,11878.4,referral
5281,2024-08-25,1986-08-26,38,BA,4155.33,referral
5282,2025-03-28,2000-03-28,25,RJ,2788.22,organic
5283,2026-02-24,1984-02-25,42,PR,7226.94,referral
5284,2024-03-06,1959-03-07,65,RJ,6394.88,organic
5285,2024-12-30,1985-12-31,39,SP,5131.99,partner
5286,2023-12-05,1987-12-05,36,MG,7072.16,paid_search
5287,2024-03-07,1979-03-08,45,SP,6527.85,paid_search
5288,2026-07-18,2008-07-18,18,CE,3737.03,social_media
5289,2024-07-07,1994-07-08,30,BA,1914.92,partner
5290,2025-05-02,1986-05-03,39,SP,5975.06,organic
5291,2025-02-14,1979-02-15,46,RJ,6105.39,partner
5292,2026-06-15,1997-06-15,29,CE,2880.04,paid_search
5293,2023-02-08,1985-02-08,38,PR,24480.22,referral
5294,2023-06-20,2004-06-20,19,RJ,2586.06,paid_search
5295,2023-06-27,1984-06-27,39,PE,5209.54,paid_search
5296,2023-07-27,1975-07-27,48,MG,5351.55,paid_search
5297,2024-07-02,2002-07-03,22,PR,7178.56,social_media
5298,2025-10-08,1984-10-08,41,CE,7611.76,organic
5299,2023-07-06,1982-07-06,41,SP,6509.53,paid_search
5300,2023-07-16,2005-07-16,18,RJ,2848.01,organic
5301,2023-11-10,1985-11-10,38,SP,2596.05,partner
5302,2026-07-28,1983-07-29,43,BA,3498.05,organic
5303,2026-04-30,1993-04-30,33,RJ,2884.32,partner
5304,2025-09-18,1989-09-18,36,SP,6638.67,referral
5305,2026-05-22,1965-05-22,61,SP,7980.6,organic
5306,2024-10-17,1984-10-17,40,SP,5903.04,organic
5307,2023-01-12,1992-01-13,31,MG,5379.9,partner
5308,2025-02-09,2004-02-10,21,RS,5161.09,paid_search
5309,2024-09-24,1996-09-24,28,SP,3760.65,social_media
5310,2024-10-02,1988-10-02,36,SP,4303.25,organic
5311,2023-08-21,2002-08-21,21,RS,4944.04,social_media
5312,2025-09-15,1984-09-15,41,SP,6743.88,organic
5313,2026-01-21,1981-01-21,45,MG,5302.21,paid_search
5314,2023-12-10,1989-12-10,34,PE,3070.3,paid_search
5315,2023-12-31,1986-12-31,37,SP,9518.79,paid_search
5316,2025-07-12,1983-07-13,42,SP,3115.18,organic
5317,2023-12-02,1981-12-02,42,RJ,6000.45,paid_search
5318,2025-12-19,1984-12-19,41,CE,6309.55,partner
5319,2025-10-08,1990-10-09,35,BA,3498.39,organic
5320,2025-06-05,1993-06-05,32,CE,3402.63,partner
5321,2023-10-05,1984-10-05,39,SP,3203.7,referral
5322,2023-12-13,1986-12-13,37,RJ,1835.52,referral
5323,2023-06-21,2005-06-21,18,CE,1653.71,paid_search
5324,2024-02-09,1984-02-09,40,PE,5094.83,organic
5325,2024-12-02,1976-12-02,48,SP,5378.3,paid_search
5326,2026-01-26,1987-01-27,39,SP,10084.46,paid_search
5327,2025-10-13,2000-10-13,25,MG,4548.77,social_media
5328,2026-08-25,1989-08-25,37,RJ,3172.59,organic
5329,2024-11-26,1979-11-27,45,SP,10298.8,partner
5330,2026-08-06,1992-08-06,34,MG,1828.86,paid_search
5331,2026-01-28,1987-01-29,39,PR,4837.82,organic
5332,2025-01-09,1985-01-09,40,PE,6063.54,paid_search
5333,2024-06-07,1961-06-08,63,PR,6211.2,organic
5334,2026-05-06,1984-05-06,42,PE,2356.29,partner
5335,2024-10-06,1970-10-07,54,MG,5288.08,referral
5336,2025-08-01,1980-08-01,45,PE,3854.07,partner
5337,2026-03-06,2002-03-06,24,SP,1500.0,social_media
5338,2024-06-05,1981-06-06,43,PR,4081.2,organic
5339,2024-09-22,1996-09-22,28,PE,4085.84,social_media
5340,2023-07-24,1997-07-24,26,CE,7107.11,paid_search
5341,2025-04-13,2006-04-14,19,RJ,3043.42,paid_search
5342,2023-09-22,1985-09-22,38,SP,4025.59,partner
5343,2023-03-21,2005-03-21,18,RJ,2644.32,paid_search
5344,2025-08-13,1996-08-13,29,BA,5777.96,paid_search
5345,2024-12-17,1977-12-18,47,RJ,2635.12,paid_search
5346,2024-10-22,1989-10-23,35,RS,5521.65,referral
5347,2026-07-26,2004-07-26,22,RJ,3722.38,social_media
5348,2025-01-08,1997-01-08,28,BA,3672.59,social_media
5349,2026-06-22,2008-06-22,18,SP,7102.86,organic
5350,2026-07-08,2007-07-09,19,PE,4403.11,organic
5351,2024-05-12,1997-05-13,27,RJ,11478.11,paid_search
5352,2025-02-25,1993-02-25,32,SP,3193.46,partner
5353,2024-05-23,1994-05-24,30,BA,2843.27,paid_search
5354,2024-05-06,1991-05-07,33,MG,4723.2,partner
5355,2025-04-09,1971-04-10,54,RJ,3761.91,partner
5356,2023-01-07,1958-01-07,65,CE,7035.4,referral
5357,2025-04-21,1996-04-21,29,PR,1500.0,social_media
5358,2023-07-08,1981-07-08,42,SP,6135.39,referral
5359,2023-12-29,1973-12-29,50,SP,9999.18,partner
5360,2024-01-08,1989-01-08,35,RS,2405.7,referral
5361,2024-07-19,1988-07-19,36,BA,1500.0,referral
5362,2024-08-23,1975-08-24,49,CE,3176.97,paid_search
5363,2023-06-15,1995-06-15,28,SP,3013.13,paid_search
5364,2023-06-02,1996-06-02,27,SP,2604.4,organic
5365,2026-06-04,1984-06-04,42,SP,2077.21,partner
5366,2023-12-22,1977-12-22,46,SP,7020.5,partner
5367,2025-02-06,1986-02-07,39,PE,3751.92,referral
5368,2025-01-24,2003-01-25,22,CE,7564.3,social_media
5369,2024-07-23,2002-07-24,22,RS,3814.22,organic
5370,2024-02-07,1985-02-07,39,CE,1699.45,paid_search
5371,2024-05-29,1995-05-30,29,CE,6744.27,organic
5372,2025-02-25,1982-02-26,43,CE,2208.41,organic
5373,2024-07-04,1988-07-04,36,RJ,6571.64,organic
5374,2025-02-12,1989-02-12,36,PR,5150.02,partner
5375,2024-09-25,2006-09-26,18,SP,9433.23,organic
5376,2026-07-11,2004-07-11,22,PE,2635.01,paid_search
5377,2025-06-15,1974-06-16,51,PE,9629.2,referral
5378,2024-01-27,1979-01-27,45,PE,6824.12,partner
5379,2023-12-05,2005-12-05,18,MG,3330.33,social_media
5380,2023-08-20,1993-08-20,30,RS,1901.44,organic
5381,2024-06-25,1987-06-26,37,SP,1830.4,partner
5382,2025-02-18,2004-02-19,21,MG,12789.41,paid_search
5383,2025-10-31,1982-11-01,43,CE,5910.98,referral
5384,2024-07-06,1992-07-06,32,SP,3023.4,paid_search
5385,2025-09-27,1978-09-28,47,RJ,3790.42,referral
5386,2026-03-31,1972-03-31,54,SP,7083.09,partner
5387,2026-05-11,1993-05-11,33,RJ,2966.87,partner
5388,2024-03-12,2002-03-13,22,RS,4028.78,social_media
5389,2023-02-28,1993-02-28,30,MG,6043.99,paid_search
5390,2025-03-09,1976-03-09,49,RJ,2491.46,organic
5391,2023-03-24,1991-03-24,32,SP,5023.15,organic
5392,2024-07-28,1980-07-28,44,PR,4512.45,paid_search
5393,2025-12-22,1997-12-22,28,SP,4841.76,organic
5394,2023-01-31,1974-01-31,49,RS,4515.76,partner
5395,2025-03-15,1974-03-16,51,PR,7353.82,referral
5396,2025-10-21,1986-10-22,39,SP,3237.79,partner
5397,2024-09-28,1981-09-29,43,PE,8346.92,referral
5398,2023-05-05,1994-05-05,29,RJ,2486.88,social_media
5399,2024-11-19,1981-11-20,43,SP,15698.06,referral
5400,2023-03-19,1977-03-19,46,PR,7351.45,referral
5401,2024-10-22,1995-10-23,29,RS,1500.0,organic
5402,2024-12-23,1984-12-23,40,BA,6754.05,paid_search
5403,2023-12-16,1959-12-16,64,BA,10830.62,organic
5404,2026-08-04,1998-08-04,28,PE,9030.0,social_media
5405,2023-11-20,1976-11-20,47,MG,3167.77,partner
5406,2024-11-02,1999-11-03,25,RS,1667.64,paid_search
5407,2024-06-05,1993-06-06,31,CE,4669.5,paid_search
5408,2025-11-24,2002-11-25,23,SP,4634.05,paid_search
5409,2026-03-14,1995-03-15,31,SP,2898.95,partner
5410,2024-10-17,2006-10-18,18,SP,4445.37,organic
5411,2024-02-18,1994-02-18,30,RJ,5494.0,referral
5412,2025-05-04,2002-05-05,23,PE,1828.62,social_media
5413,2023-02-14,1987-02-14,36,SP,3792.56,referral
5414,2025-04-14,1973-04-14,52,PE,5625.36,partner
5415,2024-01-22,2000-01-22,24,MG,5993.38,social_media
5416,2025-11-05,1983-11-06,42,PE,8976.39,paid_search
5417,2024-02-19,1967-02-19,57,BA,4444.8,organic
5418,2024-09-09,1988-09-09,36,SP,13969.03,organic
5419,2024-01-06,1994-01-06,30,RS,1790.8,organic
5420,2023-11-21,2001-11-21,22,BA,1500.0,paid_search
5421,2025-09-21,1991-09-22,34,SP,3090.19,referral
5422,2025-07-23,2006-07-24,19,SP,2707.91,organic
5423,2023-04-30,1979-04-30,44,RJ,8830.79,referral
5424,2024-02-18,1962-02-18,62,SP,7808.11,referral
5425,2023-10-14,1991-10-14,32,SP,4754.57,paid_search
5426,2024-01-29,1981-01-29,43,BA,2427.92,organic
5427,2024-09-29,1972-09-29,52,SP,9209.12,referral
5428,2025-02-10,1990-02-11,35,SP,3031.34,partner
5429,2023-01-30,1993-01-30,30,PE,4671.86,referral
5430,2024-09-18,1980-09-18,44,PR,4708.88,partner
5431,2024-08-08,1995-08-09,29,CE,5333.73,organic
5432,2025-07-17,1991-07-18,34,SP,2658.27,partner
5433,2026-03-06,1995-03-07,31,SP,1500.0,referral
5434,2025-11-04,1975-11-05,50,MG,4237.57,referral
5435,2025-02-05,2002-02-06,23,RJ,7139.44,social_media
5436,2026-04-26,1993-04-26,33,BA,9495.49,referral
5437,2026-05-20,1992-05-20,34,BA,2815.0,referral
5438,2024-10-04,1983-10-05,41,PR,6428.66,organic
5439,2023-03-03,1987-03-03,36,SP,3304.51,referral
5440,2024-06-07,1955-06-08,69,RJ,9274.59,organic
5441,2024-12-10,1986-12-11,38,BA,8724.54,paid_search
5442,2025-05-17,1994-05-18,31,RJ,5576.16,organic
5443,2026-07-24,1998-07-24,28,RS,2075.08,paid_search
5444,2023-07-20,1985-07-20,38,SP,1973.14,paid_search
5445,2023-06-29,1993-06-29,30,RJ,7969.68,referral
5446,2026-08-19,1982-08-19,44,SP,5023.71,paid_search
5447,2023-09-15,1984-09-15,39,RJ,8447.87,organic
5448,2024-12-28,2006-12-29,18,BA,1649.9,organic
5449,2025-11-06,1977-11-06,48,RJ,6940.43,partner
5450,2025-05-02,1983-05-03,42,PE,3927.47,referral
5451,2023-03-30,1997-03-30,26,BA,3095.41,social_media
5452,2024-11-30,1992-11-30,32,MG,3541.23,partner
5453,2023-08-27,1982-08-27,41,SP,3015.24,referral
5454,2023-06-02,1989-06-02,34,RJ,3041.79,organic
5455,2026-04-30,1968-04-30,58,MG,4804.42,organic
5456,2024-09-30,1965-10-01,59,MG,6898.11,organic
5457,2025-09-13,2007-09-14,18,MG,1561.46,social_media
5458,2023-04-30,1995-04-30,28,SP,3857.6,organic
5459,2024-02-24,2005-02-24,19,CE,2017.42,organic
5460,2023-06-10,1970-06-10,53,RJ,2528.44,partner
5461,2026-04-15,1971-04-16,55,PE,7324.58,organic
5462,2025-05-20,1998-05-21,27,SP,6582.5,paid_search
5463,2024-04-08,1986-04-09,38,PR,2584.67,paid_search
5464,2026-08-06,1990-08-06,36,BA,4291.27,referral
5465,2023-12-07,1984-12-07,39,PR,2923.69,paid_search
5466,2023-09-19,2000-09-19,23,SP,3894.4,paid_search
5467,2025-02-19,1982-02-20,43,SP,14156.64,partner
5468,2023-06-15,1965-06-15,58,PE,6042.35,referral
5469,2024-05-12,1979-05-13,45,BA,3237.85,referral
5470,2025-11-01,2000-11-01,25,BA,3334.93,social_media
5471,2026-02-25,2002-02-25,24,CE,13769.23,social_media
5472,2023-12-02,1962-12-02,61,RJ,2526.54,organic
5473,2023-03-03,1982-03-03,41,SP,3996.8,referral
5474,2025-09-10,1995-09-11,30,SP,2234.56,partner
5475,2024-10-30,1995-10-31,29,PE,1500.0,organic
5476,2023-04-11,1990-04-11,33,BA,6446.51,organic
5477,2024-04-05,1995-04-06,29,MG,1500.0,organic
5478,2024-02-16,1986-02-16,38,SP,3032.67,partner
5479,2024-11-06,2006-11-07,18,MG,1500.0,organic
5480,2024-05-26,1975-05-27,49,PE,4278.35,organic
5481,2025-07-23,1986-07-24,39,RS,4011.53,referral
5482,2026-01-14,1995-01-15,31,MG,4062.48,paid_search
5483,2025-11-05,1995-11-06,30,PE,5543.46,referral
5484,2026-04-17,1989-04-17,37,RJ,4399.23,organic
5485,2024-05-18,1991-05-19,33,RS,2855.75,paid_search
5486,2025-11-06,1985-11-06,40,RS,3094.87,partner
5487,2023-08-11,1976-08-11,47,MG,8207.12,organic
5488,2023-09-26,2000-09-26,23,MG,3903.51,paid_search
5489,2024-01-24,1996-01-24,28,SP,7663.36,paid_search
5490,2025-03-20,2005-03-20,20,PE,3631.65,organic
5491,2024-11-27,1967-11-28,57,RS,18537.81,organic
5492,2024-12-10,1984-12-10,40,BA,7738.72,paid_search
5493,2024-03-02,2003-03-03,21,BA,10250.11,paid_search
5494,2023-02-01,1992-02-02,31,RS,4549.99,paid_search
5495,2026-07-28,2001-07-28,25,PE,8755.1,paid_search
5496,2023-03-12,1982-03-12,41,BA,4623.72,partner
5497,2023-10-06,1979-10-06,44,RS,7864.53,organic
5498,2023-05-17,1985-05-17,38,SP,8411.0,partner
5499,2025-03-22,1980-03-22,45,SP,5953.22,referral
5500,2025-10-27,1998-10-28,27,SP,7231.45,paid_search
5501,2023-01-02,1991-01-02,32,MG,1740.74,referral
5502,2025-10-01,1986-10-02,39,PR,5431.14,organic
5503,2024-10-12,1988-10-12,36,SP,2825.6,organic
5504,2026-04-24,1966-04-24,60,CE,4894.03,organic
5505,2025-10-11,1988-10-11,37,BA,7615.81,partner
5506,2025-12-29,1996-12-29,29,SP,6746.64,social_media
5507,2023-10-07,1964-10-07,59,RJ,3606.28,organic
5508,2023-04-10,1990-04-10,33,BA,4784.47,referral
5509,2023-01-29,1973-01-29,50,SP,12444.32,partner
5510,2023-01-27,2002-01-27,21,PE,1500.0,social_media
5511,2023-03-13,1999-03-13,24,CE,2329.56,organic
5512,2024-04-19,1982-04-20,42,MG,6552.29,partner
5513,2026-03-18,1987-03-19,39,CE,4905.72,paid_search
5514,2023-08-08,1970-08-08,53,MG,3460.96,partner
5515,2023-05-19,1992-05-19,31,SP,10722.01,referral
5516,2023-12-25,1986-12-25,37,SP,14771.88,paid_search
5517,2024-12-24,2006-12-25,18,PE,1751.08,paid_search
5518,2023-05-10,2000-05-10,23,PR,2527.72,organic
5519,2026-04-22,1971-04-23,55,PR,2376.47,organic
5520,2025-07-05,1983-07-06,42,BA,10728.63,partner
5521,2023-03-16,1974-03-16,49,SP,8952.77,referral
5522,2023-05-26,1986-05-26,37,RS,4937.07,referral
5523,2024-08-17,1995-08-18,29,PE,2359.92,social_media
5524,2023-11-26,2001-11-26,22,BA,3846.12,organic
5525,2025-07-05,1990-07-06,35,BA,3127.74,organic
5526,2025-08-24,1995-08-25,30,SP,11005.94,referral
5527,2023-08-29,1982-08-29,41,PE,8980.36,organic
5528,2024-11-29,1964-11-29,60,RJ,4160.58,partner
5529,2023-05-27,2005-05-27,18,PR,6803.23,organic
5530,2023-10-04,2005-10-04,18,PR,6893.51,paid_search
5531,2024-07-06,1973-07-07,51,BA,1916.47,referral
5532,2024-03-04,1984-03-04,40,SP,3598.61,partner
5533,2023-08-15,2000-08-15,23,SP,4813.39,social_media
5534,2025-02-13,1997-02-13,28,SP,6286.32,social_media
5535,2025-04-09,1992-04-09,33,RJ,2829.79,referral
5536,2024-10-09,1964-10-09,60,SP,4845.77,partner
5537,2024-09-07,1977-09-08,47,PR,10225.8,referral
5538,2023-10-13,1987-10-13,36,BA,4720.55,organic
5539,2025-12-02,1991-12-03,34,RS,6845.44,partner
5540,2025-09-02,1983-09-03,42,RS,9021.78,referral
5541,2023-06-02,1991-06-02,32,BA,4095.61,referral
5542,2023-05-04,1974-05-04,49,BA,15763.59,paid_search
5543,2025-10-29,1991-10-30,34,RS,2563.84,organic
5544,2023-12-30,2005-12-30,18,BA,1500.0,paid_search
5545,2025-02-10,1985-02-10,40,SP,4831.31,referral
5546,2026-07-01,1980-07-01,46,CE,4059.04,referral
5547,2025-07-14,1983-07-15,42,RS,5986.21,organic
5548,2026-08-03,1987-08-04,39,SP,2836.77,paid_search
5549,2025-08-08,1983-08-09,42,RJ,10279.05,partner
5550,2026-04-02,1985-04-02,41,CE,8751.04,partner
5551,2024-01-04,1949-01-04,75,MG,5888.75,organic
5552,2024-01-15,1999-01-15,25,SP,2569.28,organic
5553,2023-11-14,1979-11-14,44,SP,12821.42,paid_search
5554,2024-04-01,1972-04-01,52,SP,4483.73,organic
5555,2026-04-02,1989-04-02,37,RS,3553.94,referral
5556,2023-05-12,1966-05-12,57,PR,6664.71,organic
5557,2024-05-04,1969-05-05,55,PE,3468.1,referral
5558,2024-02-20,1976-02-20,48,RS,3358.39,partner
5559,2024-01-26,1991-01-26,33,MG,2926.29,partner
5560,2025-01-07,1978-01-08,47,RJ,3484.22,partner
5561,2026-09-01,1983-09-02,43,PR,2715.34,partner
5562,2026-01-03,1982-01-03,44,SP,2735.45,referral
5563,2025-06-16,2001-06-16,24,RJ,8364.49,social_media
5564,2023-02-11,1974-02-11,49,MG,11359.96,paid_search
5565,2025-12-02,2002-12-03,23,SP,2723.63,social_media
5566,2025-03-15,1998-03-16,27,SP,3318.41,organic
5567,2024-08-24,1991-08-25,33,SP,1521.67,organic
5568,2024-04-27,1983-04-28,41,CE,6598.64,organic
5569,2025-11-21,1983-11-22,42,RS,4715.58,organic
5570,2025-06-06,1996-06-06,29,PR,17797.5,organic
5571,2023-03-12,1985-03-12,38,BA,6164.04,paid_search
5572,2025-02-07,1982-02-08,43,RJ,4970.26,referral
5573,2024-09-18,1969-09-19,55,RJ,3501.94,partner
5574,2023-11-08,1977-11-08,46,SP,5391.8,organic
5575,2026-07-22,1978-07-22,48,RJ,15527.97,organic
5576,2024-01-10,1986-01-10,38,RS,7936.53,organic
5577,2026-07-28,1981-07-28,45,BA,19984.88,partner
5578,2023-10-02,1980-10-02,43,RS,3796.56,referral
5579,2024-10-16,1962-10-17,62,SP,5488.4,referral
5580,2024-07-14,1989-07-15,35,SP,2301.53,paid_search
5581,2024-12-10,1987-12-11,37,PR,3613.7,organic
5582,2025-08-08,1978-08-09,47,BA,6081.96,paid_search
5583,2024-05-14,1988-05-14,36,SP,3798.85,referral
5584,2026-01-12,1991-01-13,35,SP,7589.61,organic
5585,2024-06-05,2006-06-06,18,SP,4252.13,organic
5586,2026-02-05,1983-02-06,43,BA,1976.15,paid_search
5587,2023-11-17,1965-11-17,58,RJ,8399.7,partner
5588,2026-08-31,1988-08-31,38,SP,4785.79,referral
5589,2023-10-12,1976-10-12,47,SP,2047.98,paid_search
5590,2024-11-15,1978-11-16,46,CE,4811.66,paid_search
5591,2024-07-24,1987-07-25,37,SP,5065.18,paid_search
5592,2023-12-12,2002-12-12,21,SP,4667.57,paid_search
5593,2026-05-14,1994-05-14,32,CE,4679.69,referral
5594,2024-08-28,1982-08-29,42,PE,4576.8,referral
5595,2024-03-07,2000-03-07,24,SP,9718.21,organic
5596,2025-12-10,1997-12-10,28,PE,3430.72,social_media
5597,2024-08-11,2003-08-12,21,PR,3816.38,paid_search
5598,2023-02-11,1992-02-12,31,SP,10196.9,partner
5599,2023-08-05,1987-08-05,36,SP,8457.51,partner
5600,2025-09-26,1985-09-26,40,SP,3267.38,paid_search
5601,2026-03-09,1985-03-09,41,SP,3078.92,referral
5602,2025-12-21,1985-12-21,40,SP,6523.68,paid_search
5603,2025-09-07,1990-09-08,35,SP,2314.2,organic
5604,2024-08-21,1977-08-22,47,RS,7579.99,paid_search
5605,2023-01-14,2000-01-15,23,SP,3659.1,organic
5606,2023-11-12,1991-11-12,32,SP,6417.06,referral
5607,2023-01-10,1991-01-10,32,PR,2563.86,referral
5608,2025-09-16,1973-09-16,52,CE,3495.3,partner
5609,2025-05-07,2007-05-08,18,CE,1500.0,paid_search
5610,2024-02-07,1997-02-07,27,SP,3993.0,social_media
5611,2024-06-19,1979-06-20,45,SP,3191.9,referral
5612,2023-11-17,1999-11-17,24,MG,8141.47,organic
5613,2024-03-26,1957-03-27,67,PR,4317.29,referral
5614,2025-03-24,1985-03-24,40,PE,2061.72,partner
5615,2024-04-29,1993-04-30,31,PE,1500.0,partner
5616,2024-09-15,1963-09-16,61,RJ,3072.09,referral
5617,2026-09-01,2001-09-01,25,SP,4690.01,organic
5618,2025-05-04,1983-05-05,42,RJ,2477.17,partner
5619,2024-11-19,2006-11-20,18,SP,1915.62,social_media
5620,2024-02-15,2000-02-15,24,PR,2463.34,social_media
5621,2025-04-02,2007-04-03,18,MG,8099.41,organic
5622,2023-02-11,1992-02-12,31,SP,1500.0,referral
5623,2025-05-29,1994-05-30,31,SP,3695.39,paid_search
5624,2023-08-02,1992-08-02,31,RS,4118.15,partner
5625,2025-07-18,1982-07-19,43,RJ,13766.37,partner
5626,2024-10-17,2004-10-17,20,RJ,1948.66,paid_search
5627,2023-05-24,1979-05-24,44,RS,4208.21,partner
5628,2025-07-09,1981-07-09,44,CE,3027.21,referral
5629,2025-09-04,1993-09-04,32,PE,4559.29,partner
5630,2026-02-25,2003-02-26,23,MG,7422.05,organic
5631,2023-12-04,1987-12-04,36,MG,5406.73,referral
5632,2023-07-24,1956-07-24,67,BA,2068.45,referral
5633,2024-07-23,1981-07-24,43,SP,5016.34,partner
5634,2025-10-08,1962-10-09,63,PE,10745.54,organic
5635,2024-06-07,1987-06-08,37,PR,3147.95,organic
5636,2023-05-02,1967-05-02,56,BA,1870.24,partner
5637,2025-04-20,1979-04-21,46,RS,2098.1,partner
5638,2026-05-28,1986-05-28,40,RJ,5520.1,paid_search
5639,2023-12-28,1987-12-28,36,RS,6307.57,partner
5640,2024-02-27,2001-02-27,23,BA,1956.8,paid_search
5641,2026-03-25,1981-03-25,45,RS,2597.88,partner
5642,2024-02-04,2001-02-04,23,PR,2088.6,paid_search
5643,2024-07-18,2006-07-19,18,RJ,4401.26,organic
5644,2026-04-23,1979-04-24,47,PE,3461.77,partner
5645,2023-09-04,1993-09-04,30,SP,5446.48,referral
5646,2024-04-04,1989-04-05,35,BA,2442.99,organic
5647,2023-04-06,1988-04-06,35,PE,14604.55,partner
5648,2024-12-22,1979-12-23,45,SP,3047.6,partner
5649,2026-03-24,1969-03-24,57,RJ,5189.58,partner
5650,2023-01-19,1986-01-19,37,SP,6819.59,partner
5651,2023-11-19,2000-11-19,23,PE,2319.46,organic
5652,2023-07-26,1992-07-26,31,RJ,6175.69,paid_search
5653,2023-12-10,1978-12-10,45,SP,3979.76,organic
5654,2025-03-22,1998-03-23,27,MG,2915.37,paid_search
5655,2024-07-12,1982-07-13,42,SP,8139.83,partner
5656,2025-11-15,1992-11-15,33,SP,6867.74,partner
5657,2026-06-24,1970-06-24,56,PE,11511.47,referral
5658,2024-01-14,1984-01-14,40,SP,2516.0,partner
5659,2024-04-08,1981-04-09,43,PR,12482.13,partner
5660,2025-02-25,1984-02-26,41,RJ,4039.09,organic
5661,2024-10-26,1985-10-27,39,SP,6613.5,partner
5662,2026-03-03,1972-03-03,54,SP,3080.31,organic
5663,2025-06-08,1976-06-08,49,BA,1500.0,paid_search
5664,2025-11-29,1994-11-30,31,PE,3252.67,organic
5665,2024-04-02,2002-04-03,22,RS,3843.55,paid_search
5666,2025-02-01,1972-02-02,53,SP,4202.97,partner
5667,2023-01-18,2005-01-18,18,MG,2436.18,organic
5668,2025-10-06,1965-10-06,60,RS,4452.55,referral
5669,2024-12-04,1972-12-04,52,PR,15353.75,partner
5670,2023-12-21,1992-12-21,31,CE,2975.38,paid_search
5671,2025-03-28,1987-03-29,38,PE,5634.19,referral
5672,2023-05-09,1973-05-09,50,SP,4823.36,organic
5673,2025-07-03,1991-07-04,34,RS,2882.24,organic
5674,2023-12-20,1996-12-20,27,RJ,1500.0,paid_search
5675,2024-11-15,1989-11-16,35,PE,10373.92,paid_search
5676,2023-08-18,1986-08-18,37,SP,1617.62,partner
5677,2024-07-21,1988-07-21,36,SP,6310.39,paid_search
5678,2023-09-19,1990-09-19,33,PR,5109.07,organic
5679,2023-08-08,1988-08-08,35,SP,5492.12,referral
5680,2023-03-31,1967-03-31,56,PR,8944.5,organic
5681,2024-05-29,1986-05-30,38,CE,5666.63,organic
5682,2023-10-06,1965-10-06,58,RS,5857.57,organic
5683,2024-05-26,1984-05-26,40,RS,3095.1,organic
5684,2024-11-06,1986-11-07,38,RS,10540.55,organic
5685,2024-07-02,1978-07-03,46,BA,6120.03,organic
5686,2024-11-25,1986-11-26,38,SP,8109.23,partner
5687,2026-04-26,2003-04-27,23,CE,4040.35,social_media
5688,2026-07-27,1998-07-27,28,PE,2565.4,organic
5689,2024-12-11,2006-12-12,18,SP,1717.4,paid_search
5690,2026-06-27,1998-06-27,28,RJ,5696.75,organic
5691,2024-10-19,2005-10-20,19,SP,5173.82,social_media
5692,2024-04-03,2000-04-03,24,PE,14566.44,paid_search
5693,2025-05-04,1977-05-04,48,BA,4073.01,organic
5694,2024-03-08,1989-03-09,35,PE,7204.48,partner
5695,2024-08-18,1994-08-19,30,SP,4138.8,referral
5696,2024-01-25,1996-01-25,28,PR,2508.69,social_media
5697,2023-02-17,1992-02-18,31,SP,8170.27,organic
5698,2024-01-17,1985-01-17,39,SP,15419.84,referral
5699,2025-01-13,1998-01-14,27,SP,3835.92,paid_search
5700,2025-10-29,1987-10-30,38,SP,1500.0,referral
5701,2023-10-16,1992-10-16,31,RJ,10207.26,organic
5702,2026-04-22,2001-04-22,25,SP,3310.72,paid_search
5703,2026-06-09,1985-06-09,41,RS,4207.12,partner
5704,2025-06-11,1977-06-11,48,BA,2692.89,paid_search
5705,2023-06-19,1981-06-19,42,SP,2748.25,referral
5706,2024-11-25,1999-11-26,25,MG,3451.09,organic
5707,2023-03-09,1969-03-09,54,RS,8249.21,organic
5708,2023-02-06,1959-02-06,64,PE,5739.05,referral
5709,2025-05-11,1981-05-11,44,RS,7116.79,referral
5710,2025-07-20,1980-07-20,45,SP,4105.08,organic
5711,2026-08-08,1990-08-08,36,PE,5928.88,paid_search
5712,2023-09-11,1977-09-11,46,PR,4019.79,partner
5713,2025-08-17,1977-08-17,48,RS,4345.16,referral
5714,2025-08-21,2001-08-21,24,RJ,6355.76,organic
5715,2023-07-19,1964-07-19,59,SP,6392.19,referral
5716,2025-08-17,1976-08-17,49,PR,2004.66,partner
5717,2025-09-01,1983-09-02,42,MG,3033.23,paid_search
5718,2023-10-02,2005-10-02,18,SP,1780.94,paid_search
5719,2025-07-12,1986-07-13,39,SP,4173.16,paid_search
5720,2023-08-07,1999-08-07,24,MG,4347.01,social_media
5721,2023-07-10,1963-07-10,60,RJ,5394.13,organic
5722,2025-02-14,1971-02-15,54,SP,8681.44,organic
5723,2025-11-01,1982-11-02,43,PR,17561.21,referral
5724,2025-08-04,1993-08-04,32,SP,7723.2,paid_search
5725,2025-01-24,1999-01-25,26,SP,4953.42,paid_search
5726,2026-03-26,2007-03-27,19,BA,4521.17,organic
5727,2023-12-30,1994-12-30,29,MG,7528.01,social_media
5728,2025-05-09,1989-05-09,36,BA,6501.15,referral
5729,2025-04-22,1988-04-22,37,RJ,5300.87,partner
5730,2024-03-16,2000-03-16,24,BA,4792.59,social_media
5731,2026-03-21,1997-03-21,29,PR,1728.34,social_media
5732,2023-05-13,1969-05-13,54,PE,6960.8,referral
5733,2024-04-15,1976-04-15,48,MG,2814.52,paid_search
5734,2025-10-09,1991-10-10,34,RJ,3711.42,paid_search
5735,2025-10-31,1974-11-01,51,RS,2757.81,organic
5736,2026-06-28,1997-06-28,29,RS,6048.29,organic
5737,2025-09-07,2003-09-08,22,PR,4070.49,social_media
5738,2023-03-03,1991-03-03,32,PE,2479.06,partner
5739,2025-05-02,1997-05-02,28,SP,2958.76,paid_search
5740,2023-08-09,1992-08-09,31,SP,5744.52,organic
5741,2026-03-03,1993-03-03,33,MG,10633.14,partner
5742,2024-01-11,1999-01-11,25,SP,5079.85,organic
5743,2026-08-05,1997-08-05,29,BA,8935.71,organic
5744,2023-09-21,1954-09-21,69,MG,9514.14,referral
5745,2024-12-08,1982-12-09,42,RJ,6165.42,paid_search
5746,2024-06-08,1982-06-09,42,SP,9299.08,partner
5747,2025-08-06,1997-08-06,28,RJ,3594.09,organic
5748,2023-09-24,1976-09-24,47,SP,8403.74,partner
5749,2024-10-22,1970-10-23,54,PE,9193.5,organic
5750,2023-07-08,1980-07-08,43,SP,4508.52,paid_search
5751,2025-11-10,1967-11-11,58,PE,8386.63,referral
5752,2025-09-12,1984-09-12,41,PR,10814.81,partner
5753,2026-05-22,1987-05-23,39,SP,3427.67,partner
5754,2025-05-16,2007-05-17,18,RJ,14214.33,organic
5755,2023-04-14,1983-04-14,40,SP,5984.54,referral
5756,2024-10-29,1976-10-29,48,RJ,5000.79,organic
5757,2025-08-29,1968-08-29,57,BA,6873.31,organic
5758,2024-04-03,1990-04-04,34,MG,2879.85,partner
5759,2024-07-02,1975-07-03,49,BA,4342.74,paid_search
5760,2025-04-09,1992-04-09,33,BA,1500.0,partner
5761,2023-12-27,1968-12-27,55,SP,7232.65,organic
5762,2023-03-20,2005-03-20,18,MG,1500.0,paid_search
5763,2025-03-16,1978-03-17,47,CE,2384.68,partner
5764,2023-10-25,1993-10-25,30,BA,3416.73,referral
5765,2023-04-26,1998-04-26,25,BA,12060.31,organic
5766,2023-08-10,1981-08-10,42,PE,6970.22,paid_search
5767,2025-09-02,1988-09-02,37,MG,5234.45,paid_search
5768,2025-09-15,2007-09-16,18,RS,4148.68,organic
5769,2025-03-14,2000-03-14,25,PE,2749.01,organic
5770,2023-03-17,1981-03-17,42,RJ,9523.01,organic
5771,2024-10-28,1990-10-29,34,CE,6193.27,paid_search
5772,2023-08-03,1971-08-03,52,SP,2441.4,referral
5773,2025-08-22,1982-08-23,43,SP,1649.65,referral
5774,2023-06-05,1997-06-05,26,SP,3540.01,organic
5775,2026-05-29,1974-05-29,52,SP,6539.15,organic
5776,2026-04-24,1989-04-24,37,SP,4010.97,partner
5777,2025-01-16,1996-01-17,29,SP,5375.64,social_media
5778,2026-01-24,1975-01-25,51,SP,5206.07,partner
5779,2024-02-04,1969-02-04,55,PR,7970.41,referral
5780,2026-05-30,1988-05-30,38,RS,7210.44,paid_search
5781,2026-01-17,1980-01-18,46,RJ,1500.0,referral
5782,2026-05-10,2000-05-10,26,MG,2858.24,organic
5783,2025-10-18,1988-10-18,37,SP,7594.92,organic
5784,2023-09-09,1976-09-09,47,CE,1805.44,partner
5785,2024-10-09,1995-10-10,29,CE,3364.86,organic
5786,2024-11-24,1981-11-25,43,MG,6003.17,organic
5787,2023-08-11,1959-08-11,64,MG,8321.76,organic
5788,2025-10-04,1987-10-05,38,PR,2734.6,organic
5789,2026-04-19,1985-04-19,41,PR,5079.95,paid_search
5790,2025-02-25,1973-02-25,52,PR,2192.07,referral
5791,2024-03-25,1984-03-25,40,RJ,7029.93,paid_search
5792,2024-02-11,1964-02-11,60,CE,10253.89,referral
5793,2025-05-31,1981-05-31,44,PE,9435.83,paid_search
5794,2024-03-23,1990-03-24,34,RJ,4232.26,referral
5795,2023-04-13,1989-04-13,34,MG,3312.18,partner
5796,2023-12-02,1979-12-02,44,MG,4754.74,partner
5797,2025-02-12,1973-02-12,52,BA,4300.64,organic
5798,2023-07-10,1984-07-10,39,RJ,2783.42,paid_search
5799,2026-06-11,2002-06-11,24,SP,3384.17,organic
5800,2026-05-04,1983-05-05,43,BA,3024.05,referral
5801,2025-07-16,1983-07-17,42,MG,11474.52,referral
5802,2026-05-15,1985-05-15,41,CE,2107.41,referral
5803,2024-01-06,1991-01-06,33,RJ,2780.63,paid_search
5804,2023-06-12,1978-06-12,45,SP,4979.6,partner
5805,2025-01-26,2004-01-27,21,PR,3876.54,organic
5806,2025-08-18,1973-08-18,52,SP,5023.21,organic
5807,2024-03-28,1981-03-29,43,MG,5539.88,organic
5808,2024-10-24,1981-10-25,43,MG,3591.64,organic
5809,2025-06-16,1986-06-17,39,SP,2556.66,referral
5810,2024-01-14,1976-01-14,48,SP,1648.22,partner
5811,2023-07-31,1978-07-31,45,SP,16161.51,referral
5812,2024-04-29,1987-04-30,37,SP,7159.23,referral
5813,2026-06-08,1979-06-09,47,RS,6080.29,partner
5814,2023-11-17,1989-11-17,34,RJ,5550.44,partner
5815,2023-01-01,2001-01-01,22,PR,2505.71,organic
5816,2026-02-04,1991-02-05,35,SP,6389.26,paid_search
5817,2025-08-10,1980-08-10,45,PE,11090.14,paid_search
5818,2025-06-14,1998-06-15,27,PR,3094.97,organic
5819,2026-03-12,1974-03-12,52,SP,6518.17,partner
5820,2023-04-05,1986-04-05,37,RJ,2386.14,organic
5821,2023-06-17,1973-06-17,50,SP,4635.01,organic
5822,2023-11-21,1984-11-21,39,SP,4028.99,referral
5823,2023-06-10,1986-06-10,37,SP,4153.04,partner
5824,2023-12-04,1998-12-04,25,SP,5080.53,organic
5825,2026-04-23,1983-04-24,43,RJ,1811.31,referral
5826,2023-01-15,2005-01-15,18,RJ,8289.46,organic
5827,2026-02-01,1985-02-01,41,BA,2987.38,paid_search
5828,2025-06-14,1998-06-15,27,RJ,1586.0,organic
5829,2023-02-19,1998-02-19,25,RS,3150.8,social_media
5830,2023-05-13,1968-05-13,55,PR,5795.78,organic
5831,2024-05-11,2006-05-12,18,PR,3386.53,paid_search
5832,2026-03-11,1995-03-12,31,RS,4350.78,referral
5833,2026-03-20,1986-03-20,40,RJ,4503.45,partner
5834,2024-01-29,1982-01-29,42,MG,9687.24,paid_search
5835,2023-03-10,1993-03-10,30,RS,13397.24,organic
5836,2025-05-17,1982-05-18,43,RJ,2864.9,referral
5837,2025-04-27,1976-04-27,49,RJ,11266.93,referral
5838,2025-07-08,1984-07-08,41,PR,12428.4,referral
5839,2024-08-18,1986-08-19,38,CE,9971.22,partner
5840,2025-09-12,1987-09-13,38,RS,3459.02,organic
5841,2023-02-22,2004-02-23,19,PR,3457.87,paid_search
5842,2025-09-19,2007-09-20,18,RJ,11124.75,organic
5843,2023-11-02,1983-11-02,40,SP,2328.48,referral
5844,2026-04-02,1988-04-02,38,SP,4061.64,organic
5845,2025-05-26,1985-05-26,40,PE,6698.54,partner
5846,2023-07-02,2005-07-02,18,SP,1548.02,paid_search
5847,2024-12-30,1983-12-31,41,PR,3658.83,paid_search
5848,2023-09-24,1985-09-24,38,MG,5630.71,partner
5849,2024-09-27,1995-09-28,29,SP,3567.37,organic
5850,2026-08-23,1995-08-24,31,PR,1786.96,paid_search
5851,2026-02-25,1986-02-25,40,SP,2676.4,organic
5852,2025-09-19,1978-09-20,47,PE,6838.58,organic
5853,2024-08-30,1974-08-31,50,SP,16940.27,organic
5854,2026-07-15,2001-07-15,25,PR,2682.18,organic
5855,2026-05-29,1985-05-29,41,PE,3249.27,organic
5856,2024-07-13,1986-07-14,38,BA,10270.92,partner
5857,2025-10-12,2003-10-13,22,PE,1722.59,organic
5858,2026-04-01,2006-04-01,20,RJ,3208.49,social_media
5859,2026-04-23,1994-04-23,32,SP,3350.67,organic
5860,2024-04-01,1987-04-02,37,RS,2098.36,referral
5861,2025-02-16,2002-02-17,23,MG,3066.63,paid_search
5862,2024-10-28,1997-10-29,27,SP,3208.13,social_media
5863,2024-12-16,1985-12-17,39,RJ,5412.41,paid_search
5864,2023-11-28,1980-11-28,43,PR,14343.25,partner
5865,2026-08-01,1997-08-01,29,SP,4502.23,paid_search
5866,2023-09-03,1991-09-03,32,RJ,2890.33,referral
5867,2025-10-12,1977-10-12,48,RS,8030.58,referral
5868,2025-07-06,1980-07-06,45,PE,4485.94,referral
5869,2024-06-21,1985-06-22,39,RJ,3232.89,paid_search
5870,2026-05-12,2000-05-12,26,RS,3020.71,organic
5871,2025-01-25,1988-01-26,37,PR,6250.92,paid_search
5872,2025-08-06,1970-08-07,55,MG,3296.29,partner
5873,2023-10-04,1978-10-04,45,MG,3218.55,partner
5874,2024-10-28,1985-10-29,39,BA,3594.23,partner
5875,2025-05-03,1966-05-04,59,SP,7464.8,partner
5876,2024-07-07,1986-07-08,38,PE,1500.0,paid_search
5877,2024-12-22,1984-12-22,40,SP,3524.58,paid_search
5878,2025-05-31,1981-05-31,44,BA,7442.14,referral
5879,2023-09-09,1978-09-09,45,PE,3743.75,referral
5880,2023-10-17,1994-10-17,29,RS,3032.81,organic
5881,2025-10-27,1997-10-27,28,SP,5569.24,paid_search
5882,2023-05-28,1996-05-28,27,SP,2404.04,organic
5883,2024-01-13,1991-01-13,33,RJ,2124.55,partner
5884,2024-05-21,1993-05-22,31,SP,3340.86,partner
5885,2024-08-19,2002-08-20,22,RS,6003.19,paid_search
5886,2026-01-05,1982-01-05,44,CE,6315.5,referral
5887,2026-04-10,2001-04-10,25,SP,4242.2,social_media
5888,2024-02-17,2006-02-17,18,SP,1500.0,social_media
5889,2025-04-05,1995-04-06,30,PR,5134.08,partner
5890,2025-06-18,1982-06-19,43,MG,3308.31,paid_search
5891,2023-06-04,2005-06-04,18,BA,2338.02,paid_search
5892,2026-05-07,1973-05-07,53,PE,2095.27,referral
5893,2024-01-23,1981-01-23,43,PR,21447.59,organic
5894,2025-11-14,1971-11-15,54,PE,4702.38,referral
5895,2023-11-19,1985-11-19,38,PE,1694.04,referral
5896,2024-02-02,1980-02-02,44,PE,2478.22,paid_search
5897,2026-02-27,2008-02-28,18,SP,1500.0,paid_search
5898,2026-04-02,1986-04-02,40,PR,2084.91,partner
5899,2023-01-26,2005-01-26,18,SP,2876.45,paid_search
5900,2023-03-19,1986-03-19,37,CE,2989.32,partner
5901,2026-02-04,1993-02-04,33,CE,3382.98,paid_search
5902,2024-11-21,1991-11-22,33,PE,3809.98,referral
5903,2023-03-09,1964-03-09,59,PR,12738.57,organic
5904,2023-02-06,1974-02-06,49,SP,1836.12,partner
5905,2026-08-08,2003-08-09,23,RJ,1500.0,social_media
5906,2025-12-28,1968-12-28,57,SP,7053.19,organic
5907,2023-12-02,1983-12-02,40,CE,4432.61,partner
5908,2023-06-19,1983-06-19,40,RS,8563.18,paid_search
5909,2026-06-21,1963-06-22,63,SP,11409.27,organic
5910,2025-03-12,1986-03-13,39,SP,8180.2,paid_search
5911,2026-08-28,1976-08-28,50,RJ,3105.56,organic
5912,2025-12-07,1993-12-07,32,BA,10336.58,organic
5913,2024-04-18,1982-04-19,42,PE,3819.63,paid_search
5914,2023-12-21,1978-12-21,45,SP,4221.42,referral
5915,2024-06-08,1977-06-09,47,BA,7512.29,referral
5916,2025-09-29,1985-09-29,40,PR,3850.8,organic
5917,2025-11-02,2007-11-03,18,SP,1939.36,social_media
5918,2025-08-31,1992-08-31,33,PR,9303.97,referral
5919,2025-05-27,1985-05-27,40,MG,4815.73,referral
5920,2025-01-06,1975-01-07,50,CE,8056.07,partner
5921,2024-11-19,2001-11-20,23,SP,4066.47,social_media
5922,2023-08-25,1990-08-25,33,RJ,1555.5,organic
5923,2024-04-09,1983-04-10,41,BA,1500.0,referral
5924,2025-05-11,2007-05-12,18,MG,2494.13,social_media
5925,2024-10-01,1991-10-02,33,MG,2892.93,partner
5926,2023-12-07,1983-12-07,40,CE,7709.74,paid_search
5927,2023-06-08,1966-06-08,57,SP,2730.89,referral
5928,2024-04-18,1988-04-18,36,PE,4632.69,organic
5929,2023-01-16,1981-01-16,42,RJ,6068.99,referral
5930,2025-08-10,1986-08-11,39,RS,3084.41,organic
5931,2026-05-21,1996-05-21,30,PE,5946.84,partner
5932,2024-04-21,2000-04-21,24,MG,1987.19,social_media
5933,2025-01-17,1992-01-18,33,PR,3008.3,organic
5934,2024-05-06,1989-05-07,35,MG,6864.39,organic
5935,2023-04-22,1994-04-22,29,RJ,1744.84,social_media
5936,2025-01-20,1981-01-20,44,RS,4440.04,referral
5937,2026-04-02,1975-04-03,51,RJ,3654.4,partner
5938,2026-07-02,1985-07-02,41,RS,9429.66,referral
5939,2023-12-01,1990-12-01,33,RJ,10885.48,organic
5940,2025-04-01,1984-04-01,41,PR,5017.0,partner
5941,2023-08-05,1998-08-05,25,PE,1504.19,social_media
5942,2023-11-18,1958-11-18,65,SP,9639.61,partner
5943,2024-09-17,1974-09-18,50,PE,6501.75,referral
5944,2025-08-20,1990-08-21,35,RS,7363.38,organic
5945,2025-04-19,1996-04-19,29,RS,3230.67,paid_search
5946,2025-09-01,1981-09-01,44,BA,15340.46,organic
5947,2025-10-06,2007-10-07,18,RJ,2832.72,social_media
5948,2023-08-21,1971-08-21,52,PE,3260.31,referral
5949,2023-07-05,1993-07-05,30,PR,3806.26,partner
5950,2024-06-15,1999-06-16,25,PE,8296.17,organic
5951,2024-10-11,1988-10-11,36,SP,3053.63,paid_search
5952,2024-08-18,1980-08-18,44,PE,4323.91,referral
5953,2023-12-20,1991-12-20,32,CE,8629.87,referral
5954,2025-03-21,1971-03-22,54,CE,5623.7,referral
5955,2026-08-12,2008-08-12,18,SP,11180.86,paid_search
5956,2025-11-12,1970-11-13,55,SP,2123.41,organic
5957,2024-12-13,1971-12-14,53,MG,4786.13,referral
5958,2025-10-11,1977-10-11,48,SP,3733.35,paid_search
5959,2023-07-21,1967-07-21,56,SP,2734.85,partner
5960,2023-07-31,1992-07-31,31,PE,8590.0,organic
5961,2024-04-03,1993-04-04,31,RJ,6846.81,organic
5962,2023-01-25,1993-01-25,30,CE,5361.99,organic
5963,2026-08-01,2001-08-01,25,PR,5915.33,paid_search
5964,2023-04-20,1984-04-20,39,PE,8733.8,organic
5965,2024-07-15,1972-07-15,52,MG,4944.1,referral
5966,2024-05-02,1975-05-03,49,SP,4857.42,partner
5967,2023-03-12,1975-03-12,48,PR,14773.03,referral
5968,2023-04-10,1978-04-10,45,SP,4757.88,organic
5969,2025-11-27,1993-11-27,32,MG,3541.29,referral
5970,2023-12-13,1975-12-13,48,MG,2200.41,referral
5971,2023-03-08,1997-03-08,26,MG,3778.1,paid_search
5972,2023-11-10,1994-11-10,29,SP,3975.97,social_media
5973,2026-05-26,2008-05-26,18,SP,2661.69,social_media
5974,2026-05-07,2004-05-07,22,SP,1500.0,organic
5975,2026-07-27,1978-07-27,48,SP,4905.31,organic
5976,2025-11-11,2006-11-12,19,CE,1500.0,social_media
5977,2023-07-02,1985-07-02,38,BA,3665.4,paid_search
5978,2023-11-25,1992-11-25,31,SP,3240.82,referral
5979,2023-01-05,1977-01-05,46,SP,2667.34,organic
5980,2024-06-18,2003-06-19,21,PE,2627.54,organic
5981,2025-10-09,1984-10-09,41,MG,2715.83,referral
5982,2024-01-04,1979-01-04,45,RS,12456.09,referral
5983,2023-08-18,1995-08-18,28,PE,5246.87,paid_search
5984,2023-04-14,1975-04-14,48,CE,7507.16,organic
5985,2026-03-22,2001-03-22,25,BA,4074.8,organic
5986,2026-05-27,1975-05-28,51,SP,1986.55,partner
5987,2024-03-07,1997-03-08,27,SP,4043.03,paid_search
5988,2023-05-27,1983-05-27,40,SP,2859.14,organic
5989,2023-07-28,1995-07-28,28,SP,2769.58,paid_search
5990,2024-11-03,2001-11-04,23,SP,2287.72,organic
5991,2024-07-25,1965-07-26,59,PR,3870.5,organic
5992,2023-09-16,1992-09-16,31,SP,5354.58,referral
5993,2025-08-29,1968-08-29,57,PR,6198.97,referral
5994,2024-05-24,1979-05-25,45,RJ,5489.58,paid_search
5995,2025-09-09,1992-09-09,33,CE,5666.01,partner
5996,2026-08-23,1993-08-23,33,PE,4997.33,referral
5997,2023-08-07,1989-08-07,34,RJ,4507.91,paid_search
5998,2026-01-11,1992-01-12,34,PE,3915.99,partner
5999,2024-04-18,1992-04-18,32,PR,3472.64,referral
6000,2025-03-21,1989-03-21,36,SP,7282.49,organic
6001,2025-06-19,1972-06-19,53,PE,4230.89,partner
6002,2024-10-21,2006-10-22,18,MG,3310.04,social_media
6003,2024-06-24,1992-06-24,32,SP,4265.12,paid_search
6004,2026-03-02,1990-03-02,36,MG,7240.38,partner
6005,2025-09-12,2000-09-12,25,SP,2688.39,paid_search
6006,2024-03-24,1995-03-25,29,RJ,9524.79,paid_search
6007,2023-07-25,1996-07-25,27,CE,6004.24,paid_search
6008,2025-10-07,1966-10-08,59,PE,2139.2,referral
6009,2025-06-01,2002-06-02,23,CE,4118.62,social_media
6010,2023-02-22,2005-02-22,18,MG,3159.78,social_media
6011,2024-06-07,1990-06-08,34,RJ,1875.28,paid_search
6012,2025-09-21,1995-09-22,30,MG,4698.81,organic
6013,2026-01-07,2008-01-08,18,RS,3341.95,social_media
6014,2023-07-17,1997-07-17,26,SP,6938.78,organic
6015,2024-09-03,1978-09-04,46,SP,4831.05,referral
6016,2023-05-05,1976-05-05,47,PR,6114.8,referral
6017,2024-03-24,2006-03-25,18,RJ,3850.96,paid_search
6018,2023-11-22,1968-11-22,55,RS,3867.21,organic
6019,2026-05-24,1980-05-24,46,BA,8544.02,partner
6020,2026-01-10,1987-01-11,39,RS,3027.06,partner
6021,2026-01-08,1984-01-09,42,RJ,3640.17,referral
6022,2024-06-17,2006-06-18,18,PE,6860.95,social_media
6023,2025-01-27,1972-01-28,53,SP,8235.45,organic
6024,2023-12-23,1994-12-23,29,PE,7675.4,paid_search
6025,2026-05-16,1990-05-16,36,PE,2868.2,organic
6026,2025-03-04,2006-03-05,19,MG,1500.0,paid_search
6027,2025-01-05,1991-01-06,34,CE,2162.33,partner
6028,2024-06-05,1978-06-06,46,PR,3085.78,paid_search
6029,2024-08-28,1988-08-28,36,RJ,2462.16,referral
6030,2026-02-03,2003-02-04,23,MG,2142.73,paid_search
6031,2023-10-03,1991-10-03,32,PE,3937.15,organic
6032,2023-07-02,1974-07-02,49,CE,1546.41,organic
6033,2025-02-25,1998-02-26,27,SP,4081.99,organic
6034,2024-11-06,1972-11-06,52,MG,4263.21,referral
6035,2025-06-18,1969-06-18,56,PE,5543.14,partner
6036,2024-07-16,2006-07-17,18,RJ,4804.29,social_media
6037,2024-04-13,1985-04-14,39,SP,5245.69,organic
6038,2023-11-29,1992-11-29,31,SP,4615.95,referral
6039,2025-02-16,1996-02-17,29,PR,5739.17,social_media
6040,2024-05-29,1992-05-29,32,BA,2330.51,organic
6041,2023-06-30,1972-06-30,51,RS,6345.46,organic
6042,2024-07-25,2003-07-26,21,PR,10433.41,organic
6043,2023-11-18,1983-11-18,40,BA,2963.42,referral
6044,2023-02-10,1999-02-10,24,RS,4067.16,paid_search
6045,2026-01-19,1989-01-19,37,RS,6334.59,referral
6046,2026-02-21,1976-02-22,50,BA,9587.37,referral
6047,2026-08-11,1969-08-11,57,RJ,9488.0,partner
6048,2025-05-06,1993-05-06,32,PR,8189.11,paid_search
6049,2025-07-16,1998-07-17,27,SP,2540.79,social_media
6050,2026-01-06,1991-01-07,35,RJ,2572.1,partner
6051,2024-09-19,2006-09-20,18,RJ,4577.5,social_media
6052,2026-06-04,1981-06-04,45,PE,3025.67,referral
6053,2023-12-02,1992-12-02,31,SP,6165.79,organic
6054,2025-07-07,1981-07-07,44,RJ,8211.79,organic
6055,2025-12-23,1984-12-23,41,RS,3771.84,referral
6056,2026-08-29,2001-08-29,25,RJ,15739.15,organic
6057,2026-04-25,2001-04-25,25,SP,1893.57,paid_search
6058,2025-07-01,2006-07-02,19,RJ,2992.66,social_media
6059,2024-07-10,1965-07-11,59,PR,3698.2,referral
6060,2025-01-17,1983-01-18,42,CE,11036.7,referral
6061,2025-01-24,1979-01-25,46,SP,9667.94,referral
6062,2025-07-27,1990-07-28,35,PR,2312.96,paid_search
6063,2025-10-01,1989-10-01,36,CE,4720.07,referral
6064,2025-08-27,1961-08-27,64,SP,24216.69,partner
6065,2024-03-07,1986-03-08,38,SP,1500.0,referral
6066,2023-02-24,1975-02-24,48,CE,12727.96,paid_search
6067,2025-08-21,1975-08-22,50,RJ,13371.06,partner
6068,2025-03-07,1993-03-07,32,MG,18218.62,partner
6069,2023-05-04,1971-05-04,52,CE,10529.45,partner
6070,2025-04-05,1993-04-05,32,PE,3506.66,organic
6071,2026-07-26,1983-07-27,43,BA,3095.51,referral
6072,2024-02-07,1974-02-07,50,BA,6203.23,referral
6073,2025-06-04,1996-06-04,29,RS,3668.08,social_media
6074,2024-07-23,1976-07-23,48,RJ,4525.73,organic
6075,2026-04-15,1982-04-15,44,BA,5275.8,partner
6076,2023-12-22,1980-12-22,43,SP,4221.41,partner
6077,2026-06-09,1993-06-09,33,MG,2356.46,referral
6078,2026-04-01,1988-04-01,38,PE,1500.0,referral
6079,2024-04-19,1971-04-20,53,MG,13483.66,partner
6080,2026-06-30,1957-06-30,69,SP,6725.74,partner
6081,2026-03-28,2005-03-28,21,MG,1500.0,organic
6082,2024-09-07,2006-09-08,18,RJ,2371.54,social_media
6083,2026-01-15,1981-01-15,45,MG,2341.6,referral
6084,2026-04-23,1977-04-23,49,SP,1500.0,organic
6085,2025-01-22,1997-01-22,28,RJ,3290.58,social_media
6086,2024-03-20,1994-03-21,30,MG,4310.99,partner
6087,2025-01-01,1974-01-02,51,RS,4052.85,organic
6088,2024-09-06,1999-09-07,25,SP,3514.93,paid_search
6089,2026-07-09,2008-07-09,18,PE,1500.0,organic
6090,2024-01-03,1993-01-03,31,RS,3940.3,organic
6091,2025-07-18,2007-07-19,18,SP,2637.16,paid_search
6092,2025-06-27,1998-06-28,27,MG,4803.5,organic
6093,2025-11-12,1987-11-13,38,SP,5008.47,partner
6094,2026-04-21,1975-04-22,51,RS,6187.92,organic
6095,2023-06-12,1978-06-12,45,CE,4345.78,partner
6096,2024-06-10,2006-06-11,18,RJ,5351.87,social_media
6097,2023-04-17,1989-04-17,34,BA,6584.81,partner
6098,2026-06-24,1976-06-24,50,CE,4475.74,organic
6099,2024-07-30,1978-07-31,46,SP,5935.79,organic
6100,2024-08-08,1980-08-08,44,PE,4624.05,organic
6101,2023-10-03,2003-10-03,20,SP,4858.13,social_media
6102,2025-05-14,2000-05-14,25,SP,3825.21,organic
6103,2025-03-21,1986-03-22,39,PE,5194.64,organic
6104,2023-06-12,1974-06-12,49,PE,2856.55,referral
6105,2025-01-26,2006-01-27,19,CE,1950.0,social_media
6106,2023-04-05,1971-04-05,52,BA,6998.18,referral
6107,2023-07-08,1975-07-08,48,SP,1922.84,paid_search
6108,2023-01-14,1993-01-14,30,SP,3608.69,paid_search
6109,2026-05-04,2005-05-04,21,PE,2663.27,social_media
6110,2023-06-07,1983-06-07,40,PR,4123.47,partner
6111,2024-11-16,1989-11-17,35,RJ,3811.38,referral
6112,2023-06-24,1967-06-24,56,CE,3886.31,organic
6113,2023-03-26,1974-03-26,49,PE,16667.7,organic
6114,2023-03-08,2005-03-08,18,CE,2737.65,paid_search
6115,2024-05-11,1970-05-12,54,MG,6250.86,referral
6116,2025-09-13,1996-09-13,29,SP,16547.69,organic
6117,2024-07-15,1977-07-16,47,RJ,4881.83,organic
6118,2024-11-01,2006-11-02,18,SP,3355.95,paid_search
6119,2023-11-03,1990-11-03,33,PR,2552.37,referral
6120,2023-04-27,1975-04-27,48,SP,16050.06,partner
6121,2023-08-13,1982-08-13,41,SP,3526.3,paid_search
6122,2025-10-18,2007-10-19,18,PR,4739.84,social_media
6123,2025-02-22,1958-02-23,67,PE,2600.06,partner
6124,2024-12-26,1976-12-26,48,RS,4987.12,referral
6125,2023-04-06,1987-04-06,36,PE,8565.86,referral
6126,2023-10-24,1966-10-24,57,BA,5522.35,organic
6127,2026-01-08,1978-01-08,48,PE,4152.53,partner
6128,2025-11-14,1983-11-15,42,MG,4174.2,partner
6129,2023-03-30,1988-03-30,35,SP,4906.25,referral
6130,2023-11-03,1977-11-03,46,RS,10952.5,partner
6131,2026-01-08,1973-01-08,53,PE,7750.6,referral
6132,2025-05-22,1979-05-23,46,SP,4548.96,paid_search
6133,2026-05-05,1989-05-05,37,SP,9552.01,referral
6134,2024-05-30,2006-05-31,18,SP,3132.35,social_media
6135,2023-03-01,1982-03-01,41,PE,8740.72,organic
6136,2026-01-04,2001-01-04,25,RS,1500.0,paid_search
6137,2026-02-07,1989-02-07,37,CE,3438.4,partner
6138,2025-09-16,1973-09-16,52,RJ,2349.54,referral
6139,2023-07-09,1991-07-09,32,PR,4424.92,organic
6140,2024-06-14,1991-06-15,33,SP,2379.73,partner
6141,2023-12-28,1986-12-28,37,RJ,1500.0,organic
6142,2025-12-08,2004-12-08,21,BA,5822.53,paid_search
6143,2026-04-25,1990-04-25,36,RS,6696.45,partner
6144,2023-09-22,2000-09-22,23,PE,2591.36,social_media
6145,2026-02-19,1995-02-20,31,RJ,8885.65,partner
6146,2026-08-22,1990-08-22,36,SP,6597.86,paid_search
6147,2025-01-31,1973-01-31,52,RS,6402.85,partner
6148,2025-06-16,1995-06-17,30,RS,6348.38,partner
6149,2023-11-07,1973-11-07,50,PR,1695.82,organic
6150,2024-01-30,1988-01-30,36,SP,3395.76,paid_search
6151,2023-05-05,1991-05-05,32,RS,1962.86,organic
6152,2025-03-04,1993-03-04,32,MG,1702.0,partner
6153,2024-02-23,1975-02-23,49,RS,5128.4,paid_search
6154,2026-07-26,2008-07-26,18,RS,2980.64,paid_search
6155,2025-11-21,1995-11-22,30,CE,5898.95,organic
6156,2023-01-12,1956-01-13,67,SP,3590.11,partner
6157,2023-01-03,1990-01-03,33,RS,13583.79,partner
6158,2024-07-19,2002-07-20,22,MG,5665.6,paid_search
6159,2026-07-01,1986-07-01,40,RJ,5186.25,referral
6160,2026-02-09,1998-02-09,28,PR,1643.77,social_media
6161,2025-09-27,1996-09-27,29,SP,3702.33,social_media
6162,2024-01-21,2000-01-21,24,PE,20979.5,paid_search
6163,2025-10-02,1994-10-03,31,RS,4093.34,referral
6164,2024-01-04,1974-01-04,50,RJ,3116.89,referral
6165,2025-06-29,1982-06-30,43,SP,4093.42,referral
6166,2023-05-30,1977-05-30,46,SP,4303.46,paid_search
6167,2024-11-05,1979-11-06,45,PE,4298.88,referral
6168,2023-01-28,1974-01-28,49,BA,7732.91,referral
6169,2023-06-29,1997-06-29,26,PE,2933.42,organic
6170,2023-01-07,1986-01-07,37,RJ,5093.02,referral
6171,2025-02-04,1976-02-05,49,MG,8010.73,paid_search
6172,2025-08-26,1982-08-27,43,SP,8684.99,partner
6173,2026-02-24,2008-02-25,18,SP,1935.68,organic
6174,2024-02-20,1998-02-20,26,PE,2480.43,social_media
6175,2025-02-07,1976-02-08,49,SP,9097.26,paid_search
6176,2024-09-09,1988-09-09,36,PR,6833.22,paid_search
6177,2026-06-02,1979-06-03,47,SP,2840.6,partner
6178,2025-03-08,2001-03-08,24,MG,7101.26,social_media
6179,2025-05-25,1998-05-26,27,PE,1777.82,paid_search
6180,2026-05-05,1974-05-05,52,CE,5652.08,referral
6181,2026-01-17,2008-01-18,18,RS,2797.82,organic
6182,2023-08-09,2004-08-09,19,RJ,4449.93,paid_search
6183,2024-04-12,1985-04-13,39,PE,2948.07,paid_search
6184,2024-05-07,1969-05-08,55,PR,8330.0,referral
6185,2023-08-01,1992-08-01,31,PR,2552.37,paid_search
6186,2025-10-12,1998-10-13,27,PE,1500.0,paid_search
6187,2025-02-16,1997-02-16,28,PE,3878.32,social_media
6188,2023-11-25,1981-11-25,42,RJ,4495.58,partner
6189,2025-05-23,1983-05-24,42,SP,12110.85,organic
6190,2026-02-10,1975-02-11,51,PR,5630.89,organic
6191,2026-04-04,1998-04-04,28,RJ,4995.31,social_media
6192,2025-12-08,1990-12-09,35,BA,3816.37,partner
6193,2024-01-21,1999-01-21,25,CE,1500.0,social_media
6194,2025-05-17,1979-05-18,46,MG,5357.1,partner
6195,2025-03-28,1979-03-29,46,RS,4887.38,paid_search
6196,2025-01-26,1999-01-27,26,SP,4996.65,organic
6197,2023-02-17,2004-02-18,19,BA,3758.85,paid_search
6198,2023-07-26,1976-07-26,47,BA,6178.16,partner
6199,2023-01-18,1985-01-18,38,PE,2288.9,organic
6200,2026-06-19,1985-06-19,41,MG,4866.28,partner
6201,2024-10-13,2006-10-14,18,RJ,4345.36,social_media
6202,2024-01-10,1993-01-10,31,PE,5673.05,partner
6203,2025-04-29,1991-04-30,34,MG,9024.31,referral
6204,2024-03-31,1976-03-31,48,MG,5708.88,organic
6205,2024-03-09,1993-03-10,31,CE,10669.64,paid_search
6206,2025-06-17,1985-06-17,40,PE,2323.07,partner
6207,2023-02-17,1991-02-17,32,SP,10251.92,organic
6208,2024-04-26,1962-04-27,62,MG,4762.06,partner
6209,2023-12-09,1980-12-09,43,RJ,2667.91,referral
6210,2024-05-31,1988-05-31,36,SP,8652.42,paid_search
6211,2025-07-09,1984-07-09,41,SP,9547.31,partner
6212,2023-10-04,1964-10-04,59,PE,13862.07,organic
6213,2025-04-01,1988-04-01,37,PE,4062.75,partner
6214,2023-10-12,1984-10-12,39,PE,5708.98,referral
6215,2025-05-25,1991-05-26,34,RS,5397.53,referral
6216,2024-11-15,1981-11-16,43,MG,4125.2,paid_search
6217,2026-03-18,2008-03-18,18,SP,7725.11,organic
6218,2024-07-09,2006-07-10,18,PE,3965.76,paid_search
6219,2023-08-02,1984-08-02,39,BA,12270.34,paid_search
6220,2024-04-29,1979-04-30,45,MG,7566.87,partner
6221,2023-10-10,1976-10-10,47,SP,9054.11,paid_search
6222,2026-02-27,1974-02-27,52,SP,4920.39,referral
6223,2025-01-08,1999-01-09,26,MG,1552.41,social_media
6224,2024-09-17,1978-09-18,46,PR,5699.7,partner
6225,2024-04-19,1987-04-20,37,SP,7769.8,referral
6226,2025-03-10,1988-03-10,37,MG,1500.0,organic
6227,2026-03-06,1984-03-06,42,PE,2423.41,referral
6228,2024-09-24,1989-09-25,35,SP,2144.95,organic
6229,2023-04-22,1965-04-22,58,RS,8637.97,organic
6230,2025-10-02,1973-10-02,52,BA,15473.75,referral
6231,2023-01-09,1977-01-09,46,PR,1592.75,partner
6232,2024-02-09,1992-02-09,32,PE,5855.0,organic
6233,2025-04-23,1976-04-23,49,PR,2070.71,organic
6234,2025-07-05,1988-07-05,37,PE,4884.0,organic
6235,2023-08-30,1983-08-30,40,BA,2271.98,referral
6236,2023-03-10,1990-03-10,33,CE,3722.15,partner
6237,2025-05-11,1980-05-11,45,SP,5479.58,partner
6238,2024-11-24,1992-11-24,32,SP,3287.02,referral
6239,2023-05-05,1967-05-05,56,SP,18826.65,partner
6240,2023-06-12,2005-06-12,18,PE,2943.16,paid_search
6241,2026-03-19,1983-03-20,43,PR,12008.24,partner
6242,2024-12-04,1992-12-04,32,SP,5711.37,referral
6243,2026-02-28,1981-02-28,45,SP,2493.95,referral
6244,2023-12-02,1989-12-02,34,CE,6450.63,paid_search
6245,2023-04-12,1984-04-12,39,RS,3353.93,paid_search
6246,2026-07-08,1994-07-08,32,CE,3880.06,referral
6247,2024-04-10,1984-04-10,40,SP,6320.96,partner
6248,2025-12-11,1969-12-11,56,RJ,13145.91,organic
6249,2024-08-01,1984-08-01,40,CE,1611.98,partner
6250,2024-07-15,1989-07-16,35,RS,3919.32,paid_search
6251,2024-08-28,1969-08-29,55,SP,10360.5,referral
6252,2023-02-14,1973-02-14,50,PE,6156.07,partner
6253,2023-12-22,1991-12-22,32,MG,2664.73,paid_search
6254,2025-05-17,1992-05-17,33,SP,2819.27,organic
6255,2024-01-04,1990-01-04,34,PE,5598.81,organic
6256,2025-01-10,1972-01-11,53,PR,20135.96,referral
6257,2024-06-25,1991-06-26,33,SP,2763.38,organic
6258,2025-08-15,1998-08-16,27,BA,3877.05,organic
6259,2024-03-19,1969-03-20,55,MG,6457.78,partner
6260,2025-07-10,1979-07-11,46,RJ,13020.47,partner
6261,2024-03-04,1967-03-05,57,SP,5765.73,referral
6262,2023-05-27,1986-05-27,37,SP,3503.36,organic
6263,2024-10-16,1987-10-17,37,CE,4450.45,partner
6264,2026-07-25,1968-07-25,58,CE,10973.21,organic
6265,2025-01-29,1969-01-29,56,MG,11467.37,referral
6266,2024-01-15,1993-01-15,31,RJ,2606.17,paid_search
6267,2023-09-24,1997-09-24,26,PE,7597.5,social_media
6268,2024-06-06,1981-06-07,43,BA,1806.77,paid_search
6269,2025-06-22,1999-06-23,26,RJ,2088.28,organic
6270,2024-01-26,1995-01-26,29,MG,8450.19,social_media
6271,2025-03-07,1993-03-07,32,RJ,3393.32,paid_search
6272,2025-11-04,1990-11-05,35,RS,3613.38,paid_search
6273,2025-12-15,1976-12-15,49,BA,2186.43,referral
6274,2023-08-03,1967-08-03,56,SP,7773.98,partner
6275,2024-08-04,2006-08-05,18,PR,2648.52,social_media
6276,2024-01-31,1979-01-31,45,CE,6868.62,organic
6277,2024-03-12,2000-03-12,24,SP,3200.46,paid_search
6278,2023-07-14,2003-07-14,20,RS,2430.35,social_media
6279,2023-08-19,1978-08-19,45,PR,2392.65,referral
6280,2026-06-04,2008-06-04,18,PR,1500.0,organic
6281,2025-08-08,1986-08-09,39,SP,2562.41,organic
6282,2026-08-23,1988-08-23,38,PR,1977.0,organic
6283,2024-11-08,1966-11-09,58,PR,4210.19,referral
6284,2026-02-13,2003-02-14,23,RJ,5627.12,social_media
6285,2025-10-16,1993-10-16,32,SP,2419.73,partner
6286,2024-10-11,1964-10-11,60,SP,3631.81,referral
6287,2026-01-08,2008-01-09,18,PE,2085.53,organic
6288,2023-07-18,1984-07-18,39,SP,5587.19,referral
6289,2023-08-24,1998-08-24,25,MG,2049.95,organic
6290,2025-02-26,1996-02-27,29,SP,2900.55,paid_search
6291,2023-01-13,1957-01-13,66,BA,2971.94,organic
6292,2023-06-02,1992-06-02,31,PR,2085.68,partner
6293,2025-12-17,1996-12-17,29,PE,21920.34,social_media
6294,2024-12-16,1971-12-17,53,PE,5705.85,referral
6295,2025-09-03,1991-09-04,34,SP,6485.06,organic
6296,2026-06-22,1984-06-22,42,SP,3920.1,partner
6297,2023-01-20,1967-01-20,56,PE,4018.07,referral
6298,2023-06-16,1989-06-16,34,PE,1662.7,referral
6299,2025-07-17,1995-07-18,30,SP,7103.37,partner
6300,2024-01-30,1979-01-30,45,BA,5825.23,referral
6301,2023-06-21,1985-06-21,38,RJ,11580.84,paid_search
6302,2024-05-14,1997-05-15,27,PE,2959.04,social_media
6303,2024-09-28,1991-09-29,33,RS,8393.22,partner
6304,2024-03-26,2003-03-27,21,PR,5377.98,paid_search
6305,2023-12-04,1986-12-04,37,RJ,4785.6,partner
6306,2023-11-02,1986-11-02,37,MG,1529.71,partner
6307,2023-08-17,1988-08-17,35,PE,7993.34,organic
6308,2025-03-24,1984-03-24,41,MG,4379.16,organic
6309,2024-07-05,1977-07-06,47,PR,7881.73,partner
6310,2026-05-31,1979-06-01,47,RJ,2360.78,referral
6311,2025-04-24,2002-04-25,23,MG,5316.79,paid_search
6312,2026-06-15,1983-06-16,43,RJ,22492.46,paid_search
6313,2023-02-07,2005-02-07,18,MG,2273.58,organic
6314,2026-01-09,1990-01-09,36,RJ,4388.71,paid_search
6315,2025-07-21,1995-07-22,30,RJ,2802.95,paid_search
6316,2025-07-04,1978-07-05,47,CE,8552.26,paid_search
6317,2023-01-26,1965-01-26,58,MG,3083.19,partner
6318,2025-09-26,2007-09-27,18,PR,3789.02,social_media
6319,2024-02-03,1974-02-03,50,SP,4907.85,organic
6320,2023-06-29,2003-06-29,20,PE,2467.7,organic
6321,2025-12-04,1978-12-05,47,RJ,8372.92,referral
6322,2025-04-10,1989-04-10,36,SP,8437.22,organic
6323,2026-08-05,1988-08-05,38,PR,2377.52,paid_search
6324,2024-03-19,1982-03-20,42,BA,3488.37,paid_search
6325,2025-08-18,1982-08-19,43,SP,10678.93,partner
6326,2026-04-03,1989-04-03,37,PR,5080.14,referral
6327,2024-07-30,1990-07-31,34,SP,15516.58,partner
6328,2026-02-20,1991-02-21,35,MG,4945.31,paid_search
6329,2025-06-07,1984-06-07,41,PE,10529.51,partner
6330,2023-04-13,2000-04-13,23,MG,7243.95,paid_search
6331,2024-09-23,1978-09-24,46,MG,9265.41,organic
6332,2025-09-03,1997-09-03,28,BA,12313.69,paid_search
6333,2023-12-01,1973-12-01,50,RS,3710.79,partner
6334,2026-02-09,1991-02-10,35,SP,5485.24,referral
6335,2025-09-18,1968-09-18,57,PE,3939.28,partner
6336,2023-12-31,1948-12-31,75,PR,10964.62,organic
6337,2025-08-16,2003-08-17,22,PE,2554.96,social_media
6338,2024-01-06,1978-01-06,46,CE,1783.5,organic
6339,2023-01-21,1970-01-21,53,SP,4248.09,organic
6340,2025-08-27,1969-08-27,56,PE,4304.18,organic
6341,2023-12-05,1992-12-05,31,MG,10703.01,referral
6342,2024-02-11,1983-02-11,41,BA,1500.0,organic
6343,2024-05-08,1988-05-08,36,SP,5489.42,partner
6344,2026-05-17,1989-05-17,37,SP,7523.42,referral
6345,2025-01-24,1984-01-25,41,RS,2895.08,paid_search
6346,2026-06-02,1997-06-02,29,RJ,2208.64,social_media
6347,2024-10-16,1967-10-17,57,SP,4146.42,referral
6348,2023-07-16,1958-07-16,65,BA,8662.62,partner
6349,2026-03-25,1980-03-25,46,RJ,5506.54,paid_search
6350,2025-02-04,1995-02-05,30,PE,3580.86,referral
6351,2024-10-29,1987-10-30,37,RS,6271.77,referral
6352,2023-03-27,1989-03-27,34,RJ,5277.16,partner
6353,2024-01-19,1994-01-19,30,RJ,2663.48,partner
6354,2023-02-17,1977-02-17,46,PR,7857.16,referral
6355,2025-11-03,1969-11-03,56,SP,5777.36,organic
6356,2023-09-30,1991-09-30,32,PR,2659.7,paid_search
6357,2023-06-19,1948-06-19,75,SP,4675.88,partner
6358,2023-02-20,1992-02-21,31,CE,2668.99,organic
6359,2024-08-07,1974-08-08,50,RS,6053.96,partner
6360,2024-03-09,1991-03-10,33,BA,3938.51,referral
6361,2024-05-23,2001-05-24,23,MG,4669.01,social_media
6362,2023-11-04,1986-11-04,37,MG,8239.57,referral
6363,2025-07-16,1992-07-16,33,SP,8576.22,partner
6364,2024-07-06,1997-07-07,27,PR,3111.05,paid_search
6365,2025-02-24,1983-02-25,42,PE,17046.2,referral
6366,2024-07-04,1980-07-04,44,PR,2020.65,partner
6367,2023-09-07,1984-09-07,39,PE,6489.44,paid_search
6368,2026-05-24,1985-05-24,41,MG,3926.97,partner
6369,2025-12-19,1982-12-20,43,MG,3986.98,paid_search
6370,2025-09-19,1969-09-19,56,RJ,15260.82,referral
6371,2023-04-28,1985-04-28,38,MG,3131.35,partner
6372,2023-12-27,1968-12-27,55,SP,6239.0,referral
6373,2024-10-15,1979-10-16,45,MG,13561.75,partner
6374,2023-03-05,1973-03-05,50,RJ,4912.81,organic
6375,2023-12-24,1979-12-24,44,SP,4956.09,referral
6376,2026-02-17,1993-02-17,33,BA,1522.87,referral
6377,2024-03-04,1982-03-05,42,PR,7213.13,partner
6378,2025-10-12,2001-10-12,24,RS,1860.12,social_media
6379,2023-05-29,1987-05-29,36,RS,2256.22,referral
6380,2024-05-07,1991-05-08,33,PE,4988.98,partner
6381,2024-11-05,1975-11-06,49,BA,3891.77,organic
6382,2026-02-12,1991-02-13,35,BA,8483.71,partner
6383,2023-12-07,2001-12-07,22,BA,2559.14,paid_search
6384,2024-12-31,1998-01-01,27,MG,3457.97,social_media
6385,2023-04-28,1980-04-28,43,SP,4721.11,organic
6386,2024-09-23,1980-09-23,44,SP,3564.1,referral
6387,2025-12-13,1993-12-13,32,PE,1517.31,organic
6388,2025-04-28,1989-04-28,36,SP,6608.54,referral
6389,2023-09-24,1981-09-24,42,SP,5355.85,organic
6390,2026-03-23,1994-03-23,32,SP,3648.17,paid_search
6391,2024-10-25,1975-10-26,49,MG,2368.15,organic
6392,2023-06-03,1981-06-03,42,SP,4469.82,organic
6393,2026-03-04,1997-03-04,29,PR,6478.4,social_media
6394,2024-07-21,1999-07-22,25,SP,1566.34,social_media
6395,2025-04-05,1974-04-06,51,SP,5209.27,organic
6396,2024-08-01,1983-08-02,41,SP,7463.28,organic
6397,2025-06-07,1990-06-08,35,BA,7947.87,paid_search
6398,2024-02-28,2006-02-28,18,SP,1681.65,social_media
6399,2025-05-12,1966-05-13,59,PE,13206.59,partner
6400,2023-09-02,1962-09-02,61,RJ,14376.72,partner
6401,2023-07-25,1981-07-25,42,PE,4125.72,paid_search
6402,2024-08-23,1970-08-24,54,CE,5304.36,referral
6403,2024-11-23,2003-11-24,21,SP,1869.22,social_media
6404,2025-02-25,1995-02-26,30,SP,3285.21,paid_search
6405,2026-05-24,1980-05-24,46,RJ,5268.36,paid_search
6406,2025-02-11,1981-02-11,44,RJ,4404.71,organic
6407,2024-07-02,1987-07-03,37,PR,1895.72,referral
6408,2025-03-06,1987-03-07,38,RS,3451.84,organic
6409,2025-10-25,1974-10-26,51,MG,3369.18,referral
6410,2025-02-07,1977-02-07,48,CE,2169.58,organic
6411,2025-04-11,1988-04-11,37,PE,4327.36,partner
6412,2024-12-04,2006-12-05,18,PE,2943.22,social_media
6413,2024-07-28,2006-07-29,18,MG,5465.14,organic
6414,2026-07-08,1974-07-08,52,CE,6993.82,organic
6415,2026-07-27,2007-07-28,19,RJ,5719.71,organic
6416,2025-09-22,1995-09-23,30,PE,6216.56,referral
6417,2025-09-26,1995-09-27,30,SP,11524.41,partner
6418,2023-08-24,1978-08-24,45,BA,5694.25,referral
6419,2024-11-21,1982-11-22,42,SP,4112.52,organic
6420,2023-04-12,1962-04-12,61,SP,6626.44,partner
6421,2026-04-08,1996-04-08,30,CE,1565.78,paid_search
6422,2025-07-08,1977-07-08,48,BA,5732.14,organic
6423,2023-03-19,1970-03-19,53,MG,9936.11,referral
6424,2026-08-13,1993-08-13,33,RJ,2728.89,referral
6425,2025-06-24,1965-06-24,60,SP,5408.24,referral
6426,2025-05-26,1982-05-27,43,PE,3188.6,referral
6427,2024-02-19,1989-02-19,35,SP,2086.08,paid_search
6428,2026-01-23,1993-01-23,33,PE,4673.6,organic
6429,2025-10-04,2000-10-04,25,PE,4433.68,organic
6430,2024-07-03,1973-07-04,51,MG,5811.58,organic
6431,2024-02-23,1981-02-23,43,BA,16975.27,organic
6432,2026-01-17,1966-01-17,60,SP,7457.34,partner
6433,2025-06-07,1981-06-07,44,PE,8543.24,partner
6434,2024-07-22,1988-07-22,36,BA,3437.0,referral
6435,2025-02-22,1975-02-23,50,MG,8825.41,partner
6436,2024-05-22,1964-05-22,60,PR,12807.7,organic
6437,2023-11-14,2001-11-14,22,RS,3882.37,paid_search
6438,2023-09-03,1966-09-03,57,PE,5956.29,referral
6439,2024-05-28,1985-05-29,39,SP,5656.31,paid_search
6440,2024-01-16,1969-01-16,55,CE,10493.02,partner
6441,2024-11-21,1984-11-21,40,PR,8702.12,referral
6442,2024-01-16,1992-01-16,32,RJ,1911.83,organic
6443,2024-11-24,1976-11-24,48,RJ,6366.7,paid_search
6444,2026-02-25,1959-02-26,67,RS,4883.18,partner
6445,2026-07-29,2008-07-29,18,MG,15674.81,organic
6446,2026-08-17,1985-08-17,41,SP,4604.84,partner
6447,2023-03-13,2005-03-13,18,SP,6039.6,organic
6448,2024-07-22,2006-07-23,18,PE,1500.0,social_media
6449,2024-09-25,1986-09-26,38,RJ,1923.91,paid_search
6450,2023-08-27,1972-08-27,51,PR,9995.78,partner
6451,2025-04-26,2004-04-26,21,MG,3301.3,paid_search
6452,2024-01-04,1986-01-04,38,BA,1663.07,paid_search
6453,2023-12-09,1957-12-09,66,RJ,7160.6,organic
6454,2023-03-24,1992-03-24,31,SP,3518.01,organic
6455,2024-06-27,1978-06-28,46,SP,9699.55,paid_search
6456,2023-11-04,1982-11-04,41,CE,7827.6,organic
6457,2026-08-05,1997-08-05,29,CE,9283.37,organic
6458,2023-07-31,1995-07-31,28,RJ,2539.43,organic
6459,2024-05-07,2005-05-08,19,SP,2439.82,paid_search
6460,2024-01-30,1980-01-30,44,SP,4736.73,partner
6461,2026-02-24,1985-02-24,41,PE,4320.26,partner
6462,2024-04-13,1982-04-14,42,BA,3607.02,referral
6463,2024-12-15,1983-12-16,41,SP,3707.44,paid_search
6464,2025-04-08,2000-04-08,25,SP,3348.19,social_media
6465,2026-01-22,1979-01-23,47,MG,3526.44,organic
6466,2024-09-02,1997-09-03,27,MG,2887.03,social_media
6467,2025-04-08,1996-04-08,29,RJ,5930.86,social_media
6468,2025-11-06,1978-11-07,47,BA,2947.83,partner
6469,2024-01-14,2006-01-14,18,RJ,3133.66,paid_search
6470,2023-03-11,1993-03-11,30,RS,7223.82,partner
6471,2024-02-17,1973-02-17,51,BA,5369.95,referral
6472,2023-11-07,1978-11-07,45,MG,1500.0,organic
6473,2024-09-17,1996-09-17,28,PE,9187.9,organic
6474,2024-04-15,1972-04-15,52,SP,3658.27,organic
6475,2024-01-14,1988-01-14,36,BA,2636.89,paid_search
6476,2024-04-23,1994-04-24,30,RS,3883.52,paid_search
6477,2026-07-25,2007-07-26,19,MG,3670.17,social_media
6478,2026-04-02,1987-04-03,39,SP,6888.46,organic
6479,2023-12-25,1975-12-25,48,PE,2770.03,referral
6480,2023-05-29,1979-05-29,44,RS,4572.63,partner
6481,2023-01-28,1978-01-28,45,MG,5069.84,referral
6482,2023-03-04,1974-03-04,49,SP,2271.54,organic
6483,2023-12-22,2003-12-22,20,RJ,4803.45,organic
6484,2024-11-04,1990-11-05,34,RS,13937.68,organic
6485,2026-02-13,1964-02-14,62,PR,13651.54,organic
6486,2023-07-17,2005-07-17,18,SP,3621.49,paid_search
6487,2024-05-16,1981-05-17,43,RJ,2929.99,partner
6488,2023-07-23,1997-07-23,26,RS,1774.49,organic
6489,2023-11-23,1985-11-23,38,BA,4471.92,referral
6490,2025-02-28,1984-02-29,41,RJ,2978.04,paid_search
6491,2023-03-18,1977-03-18,46,SP,3325.33,referral
6492,2025-04-04,1988-04-04,37,SP,9033.24,partner
6493,2023-05-24,1994-05-24,29,PR,6944.22,paid_search
6494,2023-02-21,1984-02-22,39,BA,15608.24,organic
6495,2024-05-06,2000-05-06,24,MG,2611.52,paid_search
6496,2023-06-02,1977-06-02,46,BA,5641.36,paid_search
6497,2025-04-30,2003-05-01,22,BA,3025.44,paid_search
6498,2025-05-02,1977-05-02,48,PR,11866.68,referral
6499,2024-03-29,1994-03-30,30,BA,7496.17,paid_search
6500,2026-06-02,1977-06-02,49,SP,4141.49,organic
6501,2026-01-02,1961-01-02,65,RJ,8774.42,partner
6502,2026-01-13,1993-01-13,33,RS,6984.77,partner
6503,2023-03-18,1987-03-18,36,SP,3181.66,paid_search
6504,2023-09-04,1976-09-04,47,CE,7402.37,referral
6505,2026-04-18,2008-04-18,18,RS,8596.47,social_media
6506,2025-06-16,1997-06-16,28,BA,2711.85,paid_search
6507,2023-01-06,1982-01-06,41,CE,3137.56,paid_search
6508,2025-06-14,1967-06-15,58,MG,5798.28,partner
6509,2023-09-04,1973-09-04,50,RS,6953.22,referral
6510,2025-10-12,1986-10-13,39,PR,6250.15,paid_search
6511,2023-06-13,1984-06-13,39,PE,10968.65,referral
6512,2024-01-07,1970-01-07,54,SP,4543.95,partner
6513,2024-10-16,2001-10-17,23,SP,3513.45,social_media
6514,2024-11-29,1984-11-29,40,SP,8191.27,referral
6515,2025-09-07,1983-09-08,42,PR,6996.48,partner
6516,2023-01-14,1967-01-14,56,PR,9835.5,organic
6517,2023-05-17,1990-05-17,33,PE,3678.67,paid_search
6518,2024-08-23,1993-08-24,31,SP,2937.71,organic
6519,2025-11-11,1980-11-11,45,BA,3759.4,referral
6520,2024-06-22,1982-06-23,42,SP,4125.24,paid_search
6521,2025-12-10,2007-12-11,18,SP,3795.87,social_media
6522,2026-01-24,1995-01-25,31,BA,15394.96,organic
6523,2025-11-18,1998-11-19,27,MG,2812.1,social_media
6524,2024-01-31,1984-01-31,40,SP,3050.85,partner
6525,2024-06-16,1990-06-17,34,BA,1733.55,paid_search
6526,2025-07-10,1982-07-11,43,MG,7477.38,paid_search
6527,2023-02-15,2000-02-16,23,SP,1500.0,paid_search
6528,2024-11-07,1997-11-08,27,PR,5014.73,social_media
6529,2025-08-31,1983-09-01,42,PR,10709.24,paid_search
6530,2024-05-26,1975-05-27,49,PE,1639.11,paid_search
6531,2025-06-24,1993-06-24,32,SP,2073.46,partner
6532,2025-09-16,2004-09-16,21,CE,8616.29,organic
6533,2024-02-18,1987-02-18,37,SP,8197.98,paid_search
6534,2025-08-16,2007-08-17,18,PE,2916.51,paid_search
6535,2026-04-08,1967-04-09,59,PE,6749.94,organic
6536,2023-02-18,1988-02-19,35,RS,4773.39,referral
6537,2024-09-02,1979-09-03,45,RJ,3604.22,partner
6538,2026-03-16,1962-03-16,64,SP,1818.45,partner
6539,2025-09-24,1989-09-24,36,RJ,8350.92,partner
6540,2026-05-18,1974-05-18,52,RS,5527.42,partner
6541,2024-04-20,1991-04-21,33,CE,1500.0,referral
6542,2026-04-11,1990-04-11,36,PE,8058.24,organic
6543,2024-07-30,1984-07-30,40,SP,4250.94,referral
6544,2024-09-06,1996-09-06,28,SP,6075.32,paid_search
6545,2023-05-11,1975-05-11,48,RJ,7144.6,referral
6546,2023-04-23,1981-04-23,42,RJ,3500.9,referral
6547,2025-02-20,1985-02-20,40,MG,2275.45,organic
6548,2023-02-08,1994-02-08,29,MG,5451.75,paid_search
6549,2025-07-29,1968-07-29,57,SP,2162.43,organic
6550,2026-07-02,1988-07-02,38,SP,10349.24,referral
6551,2025-03-17,1975-03-18,50,MG,6904.9,organic
6552,2025-03-18,1990-03-19,35,PR,5841.61,partner
6553,2024-01-07,2003-01-07,21,BA,6388.92,paid_search
6554,2024-04-21,1976-04-21,48,PR,7966.22,organic
6555,2024-05-10,1979-05-11,45,BA,4290.6,partner
6556,2024-09-12,1986-09-13,38,PE,2939.12,referral
6557,2026-03-07,1991-03-08,35,SP,3704.54,paid_search
6558,2024-06-09,1986-06-10,38,CE,5562.33,paid_search
6559,2023-08-12,1992-08-12,31,PE,4240.24,organic
6560,2023-12-28,1995-12-28,28,RS,12298.91,organic
6561,2023-12-01,2005-12-01,18,PR,5507.8,paid_search
6562,2024-05-19,1992-05-19,32,RS,3181.25,referral
6563,2025-03-28,2004-03-28,21,MG,2238.61,social_media
6564,2024-10-09,1989-10-10,35,SP,3019.73,referral
6565,2023-10-25,2000-10-25,23,CE,3211.24,organic
6566,2026-03-14,1985-03-14,41,BA,3090.39,paid_search
6567,2024-11-04,2006-11-05,18,SP,1500.0,paid_search
6568,2025-03-17,1978-03-18,47,CE,2288.27,organic
6569,2023-01-29,1982-01-29,41,PE,16633.13,partner
6570,2024-05-18,1972-05-18,52,BA,6666.94,referral
6571,2024-03-10,1988-03-10,36,SP,8222.41,partner
6572,2023-05-11,1948-05-11,75,SP,7977.32,organic
6573,2024-07-28,1987-07-29,37,BA,4019.12,organic
6574,2023-06-05,1998-06-05,25,RS,5580.89,organic
6575,2026-05-17,1981-05-17,45,SP,3944.51,referral
6576,2024-01-04,1980-01-04,44,SP,16389.49,paid_search
6577,2025-12-27,1994-12-28,31,BA,4354.63,paid_search
6578,2025-11-03,1998-11-04,27,SP,11058.45,social_media
6579,2024-05-16,1987-05-17,37,PE,7042.16,referral
6580,2023-02-07,1995-02-07,28,SP,2346.16,paid_search
6581,2024-10-07,1985-10-08,39,SP,2407.37,organic
6582,2026-07-08,2001-07-08,25,MG,1500.0,organic
6583,2024-12-15,1985-12-16,39,MG,2850.16,organic
6584,2024-04-20,2000-04-20,24,PE,3858.19,social_media
6585,2026-05-05,1987-05-06,39,PR,2580.69,organic
6586,2026-04-11,1998-04-11,28,CE,11326.97,social_media
6587,2023-08-09,2005-08-09,18,PE,3098.62,social_media
6588,2024-12-01,1999-12-02,25,BA,6466.43,social_media
6589,2024-07-10,2000-07-10,24,SP,1546.1,paid_search
6590,2023-10-19,2001-10-19,22,PE,2676.56,organic
6591,2025-01-23,1995-01-24,30,BA,3471.15,referral
6592,2026-05-28,2008-05-28,18,RJ,2735.75,paid_search
6593,2026-01-23,1997-01-23,29,PR,5029.29,paid_search
6594,2024-03-01,2006-03-02,18,PE,3714.08,organic
6595,2025-10-30,2007-10-31,18,MG,3410.2,organic
6596,2023-01-31,1987-01-31,36,BA,4970.05,paid_search
6597,2026-05-21,1996-05-21,30,BA,1500.0,partner
6598,2025-01-10,1985-01-10,40,MG,6799.64,referral
6599,2025-04-07,1987-04-08,38,BA,17982.88,referral
6600,2025-05-09,2005-05-09,20,SP,1633.25,organic
6601,2025-08-15,1979-08-16,46,SP,2046.25,partner
6602,2024-12-31,1987-01-01,38,RJ,8453.13,paid_search
6603,2023-03-12,2005-03-12,18,BA,1962.72,organic
6604,2023-04-07,1983-04-07,40,RS,2025.06,referral
6605,2025-12-27,1988-12-27,37,SP,2957.21,referral
6606,2024-07-04,1949-07-05,75,PE,6290.52,organic
6607,2025-09-17,1974-09-18,51,MG,6438.31,referral
6608,2023-04-29,1978-04-29,45,BA,8222.19,paid_search
6609,2026-06-04,1996-06-04,30,BA,5561.18,paid_search
6610,2025-06-06,2003-06-07,22,PE,3027.48,paid_search
6611,2023-05-16,1972-05-16,51,MG,3961.45,partner
6612,2025-01-20,1988-01-21,37,SP,1784.15,organic
6613,2025-03-02,1966-03-03,59,SP,6182.27,partner
6614,2024-08-27,1975-08-28,49,PE,6918.17,organic
6615,2026-01-31,2004-02-01,22,SP,5693.57,paid_search
6616,2025-10-02,1972-10-02,53,SP,3375.02,partner
6617,2025-08-29,1979-08-30,46,PR,2168.53,paid_search
6618,2025-10-03,1980-10-03,45,RS,6323.77,paid_search
6619,2023-05-29,1986-05-29,37,PE,3557.1,organic
6620,2025-10-28,1972-10-28,53,BA,4596.11,organic
6621,2023-04-06,1988-04-06,35,RJ,12156.56,referral
6622,2025-08-10,2005-08-10,20,MG,6882.81,organic
6623,2026-07-13,2002-07-13,24,RJ,5409.31,paid_search
6624,2024-10-17,1972-10-17,52,MG,7316.46,organic
6625,2024-03-21,1988-03-21,36,RJ,5767.83,referral
6626,2023-11-29,2005-11-29,18,SP,2577.04,paid_search
6627,2024-03-10,1970-03-11,54,MG,2193.03,referral
6628,2023-01-05,1983-01-05,40,PE,2849.62,referral
6629,2024-11-22,1987-11-23,37,PR,7300.08,referral
6630,2023-07-03,1974-07-03,49,CE,3636.93,organic
6631,2023-08-02,2005-08-02,18,PR,3796.79,paid_search
6632,2025-11-04,1983-11-05,42,SP,2545.24,partner
6633,2024-04-06,1996-04-06,28,MG,5478.99,organic
6634,2026-07-30,2008-07-30,18,PE,7495.98,paid_search
6635,2023-06-11,1969-06-11,54,RJ,2750.25,referral
6636,2023-05-04,1973-05-04,50,SP,1745.31,partner
6637,2025-09-17,1984-09-17,41,RJ,7169.69,organic
6638,2026-03-02,1985-03-02,41,RJ,6294.34,partner
6639,2025-05-28,1961-05-28,64,SP,5487.92,partner
6640,2023-08-23,1990-08-23,33,PE,3977.2,partner
6641,2025-12-29,2002-12-30,23,SP,1642.57,social_media
6642,2024-12-17,1977-12-18,47,RS,9251.74,referral
6643,2024-01-28,1993-01-28,31,SP,2175.92,partner
6644,2026-01-07,1996-01-08,30,MG,5058.75,partner
6645,2024-03-28,1993-03-29,31,PE,5018.56,paid_search
6646,2023-11-26,2000-11-26,23,CE,5626.0,organic
6647,2023-03-03,1971-03-03,52,PE,8030.93,referral
6648,2025-06-19,1977-06-19,48,PR,8316.35,organic
6649,2026-06-25,1998-06-25,28,BA,5156.61,social_media
6650,2026-08-25,1996-08-25,30,SP,5881.11,organic
6651,2025-01-10,1999-01-11,26,CE,2263.62,social_media
6652,2024-04-16,2000-04-16,24,PR,3667.19,paid_search
6653,2023-09-15,1954-09-15,69,PR,10444.81,organic
6654,2025-11-08,2004-11-08,21,PE,7973.15,paid_search
6655,2023-04-20,1997-04-20,26,SP,4511.65,social_media
6656,2024-07-15,2005-07-16,19,PR,2227.88,paid_search
6657,2025-12-16,1950-12-17,75,RJ,5718.81,referral
6658,2024-08-05,1971-08-06,53,RJ,2652.74,referral
6659,2025-05-19,1994-05-20,31,PR,4006.03,organic
6660,2026-06-18,1987-06-19,39,SP,4538.8,paid_search
6661,2023-10-14,1992-10-14,31,SP,3884.68,paid_search
6662,2026-04-10,1983-04-11,43,PR,1500.0,organic
6663,2026-02-13,1992-02-14,34,PR,3388.55,paid_search
6664,2024-04-02,1978-04-03,46,PE,9595.7,organic
6665,2023-09-25,2000-09-25,23,MG,1500.0,social_media
6666,2024-06-28,2006-06-29,18,PE,7387.04,organic
6667,2024-05-31,1989-06-01,35,RJ,18765.08,paid_search
6668,2024-09-13,1951-09-14,73,SP,8329.59,partner
6669,2023-08-24,1992-08-24,31,RJ,2761.32,referral
6670,2024-11-02,1983-11-03,41,SP,3958.16,referral
6671,2023-01-15,1993-01-15,30,RS,2761.86,organic
6672,2025-09-19,1995-09-20,30,SP,2798.14,referral
6673,2023-08-24,1983-08-24,40,PE,4387.27,paid_search
6674,2024-02-07,1969-02-07,55,SP,4210.01,referral
6675,2024-06-08,1993-06-09,31,CE,7185.91,partner
6676,2023-02-01,1978-02-01,45,BA,3341.04,referral
6677,2024-09-29,2005-09-30,19,PE,4756.79,social_media
6678,2023-03-08,1974-03-08,49,MG,1985.61,paid_search
6679,2026-03-09,2000-03-09,26,PE,1682.1,organic
6680,2024-04-26,2001-04-27,23,CE,2770.72,organic
6681,2023-01-17,1988-01-18,35,RJ,2193.8,partner
6682,2023-08-04,1991-08-04,32,RS,3249.72,referral
6683,2024-02-03,1979-02-03,45,PR,2298.22,referral
6684,2025-09-25,2002-09-26,23,MG,3872.4,social_media
6685,2026-01-06,1994-01-06,32,MG,1880.87,organic
6686,2026-05-24,1992-05-24,34,MG,3278.76,referral
6687,2023-03-09,1977-03-09,46,RJ,3702.04,partner
6688,2026-08-03,1976-08-03,50,SP,4916.95,referral
6689,2023-12-12,1984-12-12,39,SP,2580.58,organic
6690,2026-02-09,1964-02-10,62,PE,6439.49,referral
6691,2025-12-12,1986-12-13,39,PE,10199.77,paid_search
6692,2026-01-23,2003-01-24,23,CE,6677.84,organic
6693,2026-07-08,1974-07-08,52,CE,10867.19,organic
6694,2023-12-15,1964-12-15,59,CE,2032.4,partner
6695,2025-02-14,1976-02-15,49,PE,3569.16,organic
6696,2026-03-30,1993-03-30,33,CE,3959.18,paid_search
6697,2026-05-02,1996-05-02,30,SP,4320.21,paid_search
6698,2024-09-19,1966-09-20,58,MG,8009.02,organic
6699,2026-04-08,1986-04-08,40,MG,5641.4,referral
6700,2024-12-20,2003-12-21,21,MG,4988.94,social_media
6701,2025-01-06,1997-01-06,28,SP,5889.47,organic
6702,2026-08-23,1977-08-23,49,SP,4507.95,organic
6703,2025-06-09,1973-06-09,52,SP,15421.37,partner
6704,2024-03-01,1979-03-02,45,PE,6881.34,organic
6705,2024-07-10,1990-07-11,34,BA,2944.87,referral
6706,2026-07-08,2004-07-08,22,MG,4267.52,organic
6707,2025-11-06,2002-11-07,23,PE,2816.44,organic
6708,2023-06-15,1998-06-15,25,PR,4373.88,social_media
6709,2025-08-27,1998-08-28,27,SP,3958.78,paid_search
6710,2024-07-07,1997-07-08,27,MG,7357.12,organic
6711,2025-11-24,1977-11-24,48,MG,10899.71,organic
6712,2024-12-29,1989-12-30,35,RJ,4226.97,referral
6713,2025-07-03,1990-07-04,35,RS,2402.2,referral
6714,2026-07-27,1982-07-27,44,RJ,1500.0,organic
6715,2023-01-03,1971-01-03,52,MG,3273.16,referral
6716,2024-07-13,1975-07-14,49,BA,2821.11,referral
6717,2025-09-17,1988-09-17,37,CE,3043.87,organic
6718,2025-03-16,1989-03-16,36,RS,4099.53,referral
6719,2025-05-20,1961-05-20,64,PR,5723.37,referral
6720,2024-08-11,1978-08-12,46,RJ,4815.17,paid_search
6721,2023-04-22,1972-04-22,51,SP,2322.85,referral
6722,2026-06-19,1994-06-19,32,PE,15191.53,paid_search
6723,2024-06-30,1993-07-01,31,PR,1500.0,organic
6724,2023-11-12,1993-11-12,30,SP,6775.17,partner
6725,2024-05-25,1982-05-26,42,RJ,5559.46,paid_search
6726,2025-10-23,1967-10-24,58,PR,4538.65,referral
6727,2024-11-10,2002-11-11,22,CE,6453.09,organic
6728,2025-05-22,1988-05-22,37,PR,4295.78,partner
6729,2024-09-26,1976-09-26,48,PE,4084.26,referral
6730,2024-11-28,1997-11-29,27,PR,2353.3,organic
6731,2024-12-16,1980-12-16,44,MG,4901.41,organic
6732,2024-08-10,1979-08-11,45,PR,6503.8,organic
6733,2024-11-04,1992-11-04,32,PR,3991.57,referral
6734,2026-08-21,1999-08-22,27,PE,3373.87,organic
6735,2026-08-13,2008-08-13,18,MG,2292.69,social_media
6736,2023-12-31,1977-12-31,46,MG,6829.73,partner
6737,2023-06-28,1984-06-28,39,PE,6485.83,partner
6738,2024-08-26,1986-08-27,38,CE,2349.19,organic
6739,2026-04-29,2005-04-29,21,RJ,2373.19,paid_search
6740,2024-06-01,1989-06-02,35,CE,1870.34,partner
6741,2025-03-10,1992-03-10,33,MG,6117.06,partner
6742,2026-07-18,2002-07-18,24,BA,5629.55,paid_search
6743,2025-07-29,2007-07-30,18,SP,4838.84,social_media
6744,2023-06-16,1964-06-16,59,PR,5043.2,organic
6745,2023-05-18,1975-05-18,48,MG,8039.02,organic
6746,2023-10-02,1993-10-02,30,CE,1936.75,partner
6747,2024-09-04,1962-09-05,62,CE,9380.48,partner
6748,2026-06-26,1979-06-27,47,SP,4470.05,organic
6749,2026-08-04,1982-08-04,44,SP,4813.77,paid_search
6750,2023-08-12,1973-08-12,50,PR,6775.22,organic
6751,2024-09-20,1971-09-21,53,PR,11376.36,organic
6752,2023-12-20,1973-12-20,50,SP,14749.33,referral
6753,2024-01-06,1989-01-06,35,RJ,3676.68,referral
6754,2023-07-30,1975-07-30,48,RS,3934.84,partner
6755,2024-02-16,1974-02-16,50,SP,2987.49,referral
6756,2023-09-23,1972-09-23,51,RJ,5152.46,partner
6757,2024-07-14,1984-07-14,40,SP,8697.86,paid_search
6758,2024-05-18,1977-05-19,47,BA,4482.4,partner
6759,2026-07-31,1979-08-01,47,BA,4893.31,referral
6760,2023-11-05,1966-11-05,57,PE,2904.09,organic
6761,2024-04-11,1964-04-11,60,PE,3610.69,partner
6762,2025-11-05,1995-11-06,30,SP,1541.39,referral
6763,2026-01-02,1996-01-03,30,MG,17086.06,paid_search
6764,2024-11-14,1978-11-15,46,SP,3875.74,referral
6765,2023-03-14,1964-03-14,59,CE,2612.55,referral
6766,2023-08-26,2003-08-26,20,CE,2531.6,organic
6767,2023-10-04,2005-10-04,18,SP,2021.38,social_media
6768,2025-02-05,1984-02-06,41,SP,5789.05,referral
6769,2025-01-02,1999-01-03,26,MG,6182.35,organic
6770,2026-02-28,1980-02-29,46,PR,1832.81,organic
6771,2023-03-31,1972-03-31,51,RJ,6931.67,organic
6772,2025-03-06,2001-03-06,24,PE,3136.75,paid_search
6773,2023-02-01,1995-02-01,28,SP,7062.87,organic
6774,2026-07-22,1973-07-22,53,CE,2446.52,organic
6775,2025-03-23,1978-03-24,47,PR,6454.94,paid_search
6776,2023-12-13,1996-12-13,27,SP,2054.31,social_media
6777,2025-03-28,1987-03-29,38,PE,1943.44,partner
6778,2023-07-26,1981-07-26,42,BA,1598.28,referral
6779,2026-04-26,1973-04-26,53,PR,11564.2,referral
6780,2023-10-01,1977-10-01,46,PR,2577.93,organic
6781,2024-07-06,1966-07-07,58,MG,10667.9,referral
6782,2024-06-19,1986-06-20,38,BA,2726.8,organic
6783,2023-11-01,1985-11-01,38,BA,2002.0,paid_search
6784,2026-01-20,1982-01-20,44,MG,1722.9,referral
6785,2023-05-06,2000-05-06,23,MG,4772.52,social_media
6786,2023-11-28,2003-11-28,20,MG,2162.57,organic
6787,2025-11-29,1991-11-30,34,PR,13366.81,partner
6788,2025-07-27,1968-07-27,57,MG,4482.56,partner
6789,2023-01-08,1986-01-08,37,RJ,5212.65,paid_search
6790,2025-02-10,1988-02-11,37,PE,4337.63,organic
6791,2024-11-15,2006-11-16,18,SP,5580.35,social_media
6792,2026-04-18,1978-04-18,48,SP,3213.56,partner
6793,2025-07-11,1982-07-12,43,BA,2994.57,paid_search
6794,2023-05-12,1991-05-12,32,SP,2736.84,paid_search
6795,2023-11-25,1963-11-25,60,SP,7430.07,organic
6796,2024-10-28,1994-10-29,30,SP,2370.15,organic
6797,2025-02-27,1976-02-28,49,PR,8692.88,organic
6798,2023-07-16,1971-07-16,52,CE,4145.56,partner
6799,2023-11-25,1972-11-25,51,SP,4134.65,referral
6800,2025-12-05,1955-12-06,70,BA,7750.85,organic
6801,2024-04-09,1971-04-10,53,SP,9023.71,referral
6802,2024-02-07,1997-02-07,27,MG,3642.86,social_media
6803,2024-12-01,2006-12-02,18,RS,5260.55,organic
6804,2025-07-04,1995-07-05,30,RJ,8207.65,organic
6805,2026-06-02,1980-06-02,46,PE,6030.71,partner
6806,2025-01-10,1986-01-11,39,MG,4403.41,paid_search
6807,2023-01-29,1984-01-30,39,RJ,11208.78,referral
6808,2025-10-27,1987-10-28,38,PR,3664.05,partner
6809,2026-07-14,1988-07-14,38,MG,3262.81,referral
6810,2026-08-16,1996-08-16,30,SP,2911.95,partner
6811,2026-03-16,1973-03-16,53,RJ,14880.23,partner
6812,2026-07-24,1971-07-25,55,BA,2874.58,referral
6813,2023-05-08,1966-05-08,57,SP,4308.21,referral
6814,2023-10-20,2001-10-20,22,RJ,2989.84,organic
6815,2025-11-05,1970-11-06,55,MG,4265.82,partner
6816,2026-03-10,1986-03-10,40,SP,4499.52,partner
6817,2024-06-30,1982-07-01,42,PR,2535.03,referral
6818,2024-04-05,1978-04-06,46,SP,4481.08,paid_search
6819,2024-09-03,1974-09-04,50,RS,3761.38,referral
6820,2024-06-29,2000-06-29,24,SP,1500.0,paid_search
6821,2025-04-22,2005-04-22,20,PE,1973.28,organic
6822,2025-04-02,1991-04-03,34,SP,3828.18,partner
6823,2023-05-07,2001-05-07,22,BA,2720.16,paid_search
6824,2026-07-08,1982-07-08,44,CE,2889.63,organic
6825,2025-07-31,2007-08-01,18,BA,4294.1,paid_search
6826,2024-08-16,1989-08-17,35,RJ,1874.23,referral
6827,2023-09-21,1970-09-21,53,RJ,10222.7,referral
6828,2024-07-26,1974-07-27,50,SP,4226.66,organic
6829,2023-05-27,1988-05-27,35,RS,4700.0,partner
6830,2024-08-15,2006-08-16,18,PE,2483.48,social_media
6831,2025-07-27,1965-07-27,60,BA,2793.67,referral
6832,2023-06-30,1980-06-30,43,SP,4984.89,referral
6833,2023-03-21,1987-03-21,36,RJ,9210.59,organic
6834,2024-07-01,1985-07-02,39,PE,4702.7,organic
6835,2024-11-11,1999-11-12,25,SP,3399.79,social_media
6836,2024-12-02,1978-12-03,46,PR,5195.46,referral
6837,2023-09-08,1966-09-08,57,RJ,11432.06,referral
6838,2024-06-08,1969-06-09,55,SP,4658.53,referral
6839,2023-03-15,1999-03-15,24,RJ,2235.54,organic
6840,2025-10-18,1977-10-18,48,SP,3998.83,organic
6841,2025-10-14,1980-10-14,45,SP,8320.28,referral
6842,2024-10-19,1962-10-20,62,PR,8523.07,referral
6843,2026-01-28,2008-01-29,18,PE,4639.06,social_media
6844,2024-10-12,1989-10-13,35,PR,2991.41,organic
6845,2023-07-23,1998-07-23,25,MG,5384.59,social_media
6846,2026-04-24,2008-04-24,18,CE,2547.38,organic
6847,2026-06-05,1991-06-06,35,PR,8474.73,organic
6848,2026-04-17,1994-04-17,32,SP,11153.35,paid_search
6849,2025-11-23,2007-11-24,18,SP,5427.26,social_media
6850,2024-12-29,1990-12-30,34,SP,1500.0,organic
6851,2023-11-01,1993-11-01,30,SP,3377.63,partner
6852,2025-06-14,1982-06-15,43,RS,7227.01,organic
6853,2024-11-15,1968-11-15,56,MG,12186.12,partner
6854,2023-10-31,1977-10-31,46,PR,1500.0,partner
6855,2025-08-22,2002-08-23,23,BA,3262.11,social_media
6856,2025-10-07,1987-10-08,38,PE,5623.97,organic
6857,2025-10-27,1994-10-28,31,SP,20133.58,paid_search
6858,2024-01-27,1992-01-27,32,BA,2164.97,paid_search
6859,2023-04-23,2002-04-23,21,PR,1737.78,paid_search
6860,2026-08-09,1995-08-10,31,SP,11556.59,referral
6861,2023-08-28,1991-08-28,32,PR,1744.7,partner
6862,2026-04-16,1999-04-17,27,RJ,11171.36,social_media
6863,2024-05-05,2000-05-05,24,SP,2900.51,social_media
6864,2025-04-23,2001-04-23,24,PE,3781.74,social_media
6865,2024-03-23,1980-03-23,44,CE,2239.41,partner
6866,2026-08-09,2003-08-10,23,CE,2509.33,paid_search
6867,2024-12-26,1969-12-27,55,MG,6680.11,referral
6868,2023-03-30,1983-03-30,40,SP,5597.52,organic
6869,2024-12-20,1956-12-20,68,RS,11911.99,referral
6870,2026-04-13,1992-04-13,34,MG,3355.03,paid_search
6871,2024-06-19,1985-06-20,39,PE,5109.88,partner
6872,2023-07-08,1981-07-08,42,MG,8141.85,referral
6873,2026-06-05,1983-06-06,43,RJ,4450.14,organic
6874,2023-09-01,1991-09-01,32,PR,3729.48,organic
6875,2023-03-25,1990-03-25,33,SP,4766.1,paid_search
6876,2026-02-18,1966-02-18,60,SP,2635.05,partner
6877,2026-02-11,2008-02-12,18,RS,3133.86,social_media
6878,2024-10-27,1976-10-27,48,CE,8649.14,partner
6879,2024-08-05,1978-08-06,46,RJ,5072.83,partner
6880,2026-01-22,1962-01-22,64,PE,5989.57,referral
6881,2023-08-25,1968-08-25,55,PR,9447.85,organic
6882,2026-06-12,1988-06-12,38,PE,4166.91,referral
6883,2023-08-22,1976-08-22,47,MG,5008.74,referral
6884,2024-06-28,1994-06-29,30,RS,2197.21,referral
6885,2025-03-27,1990-03-28,35,MG,2702.96,partner
6886,2025-06-28,2000-06-28,25,SP,1996.34,organic
6887,2023-03-19,1980-03-19,43,BA,1867.16,partner
6888,2024-12-29,1976-12-29,48,BA,12464.31,referral
6889,2025-02-23,2007-02-24,18,RS,9138.67,social_media
6890,2024-01-29,1992-01-29,32,BA,3836.74,paid_search
6891,2026-05-27,1974-05-27,52,SP,5852.35,partner
6892,2023-06-22,1989-06-22,34,PR,3232.91,paid_search
6893,2025-06-22,1978-06-23,47,MG,2562.93,referral
6894,2024-04-01,1993-04-02,31,PR,3870.93,partner
6895,2024-03-18,1971-03-19,53,MG,2488.47,referral
6896,2023-11-21,1974-11-21,49,SP,6729.45,referral
6897,2023-11-18,1980-11-18,43,BA,6070.27,paid_search
6898,2023-08-17,1994-08-17,29,BA,3470.86,social_media
6899,2025-12-07,1976-12-07,49,PE,1605.57,referral
6900,2025-11-01,1993-11-01,32,RS,3464.97,referral
6901,2023-09-23,1988-09-23,35,SP,1752.39,referral
6902,2024-05-28,2006-05-29,18,BA,10384.23,paid_search
6903,2024-08-26,1988-08-26,36,SP,4951.76,paid_search
6904,2024-06-03,1988-06-03,36,SP,9293.28,organic
6905,2025-12-07,1981-12-07,44,MG,4305.68,partner
6906,2024-11-08,1980-11-08,44,CE,2323.12,paid_search
6907,2023-06-07,2001-06-07,22,PE,4957.24,social_media
6908,2024-08-19,1963-08-20,61,BA,8893.87,referral
6909,2023-06-05,1995-06-05,28,PR,4411.69,organic
6910,2024-05-30,1975-05-31,49,SP,8736.43,paid_search
6911,2025-10-13,1993-10-13,32,MG,10057.62,paid_search
6912,2024-12-17,1989-12-18,35,PE,6748.41,paid_search
6913,2023-04-04,1979-04-04,44,PR,1908.45,partner
6914,2025-07-03,2002-07-04,23,RS,2999.45,paid_search
6915,2024-01-25,1976-01-25,48,PR,13543.1,partner
6916,2023-05-03,1987-05-03,36,MG,3562.11,paid_search
6917,2025-03-07,1981-03-07,44,SP,6534.62,partner
6918,2024-04-03,1983-04-04,41,SP,3369.73,organic
6919,2026-08-06,1992-08-06,34,PR,3079.1,referral
6920,2026-01-22,1964-01-23,62,SP,5523.89,partner
6921,2025-01-10,1988-01-11,37,PE,3775.84,partner
6922,2023-03-02,1999-03-02,24,PE,7676.02,organic
6923,2025-02-12,1996-02-13,29,PE,8881.74,paid_search
6924,2025-04-24,1963-04-25,62,BA,7816.12,referral
6925,2025-07-02,2004-07-02,21,CE,3286.05,paid_search
6926,2024-06-17,1989-06-18,35,PE,4156.84,referral
6927,2023-08-23,1976-08-23,47,MG,6018.83,referral
6928,2026-08-13,1997-08-13,29,PR,1669.59,paid_search
6929,2025-01-11,1998-01-12,27,PR,1500.28,social_media
6930,2024-04-24,1978-04-25,46,PR,3090.89,referral
6931,2024-11-05,1985-11-06,39,MG,1537.43,referral
6932,2025-06-16,1970-06-17,55,PE,3922.83,partner
6933,2025-01-03,2006-01-04,19,SP,6822.99,social_media
6934,2023-05-20,1986-05-20,37,CE,6881.03,paid_search
6935,2025-07-02,1966-07-03,59,RJ,3067.17,organic
6936,2025-07-12,1978-07-13,47,PE,5147.16,referral
6937,2024-04-05,1964-04-05,60,MG,30105.77,referral
6938,2026-01-29,1985-01-29,41,SP,1500.0,referral
6939,2023-05-05,1971-05-05,52,PR,10816.27,referral
6940,2024-09-09,1965-09-10,59,BA,5891.52,organic
6941,2026-07-09,2008-07-09,18,MG,1500.0,paid_search
6942,2023-12-23,2005-12-23,18,RJ,1500.0,social_media
6943,2023-08-17,1994-08-17,29,SP,7376.05,paid_search
6944,2025-04-12,1975-04-13,50,SP,8302.2,organic
6945,2025-09-28,1981-09-28,44,PR,2714.45,partner
6946,2024-02-09,1959-02-09,65,PE,4444.11,organic
6947,2023-08-29,1995-08-29,28,PR,2423.36,organic
6948,2025-03-24,1980-03-24,45,MG,5803.43,partner
6949,2025-09-09,1979-09-10,46,CE,3164.37,paid_search
6950,2023-09-15,1994-09-15,29,SP,8467.24,social_media
6951,2025-07-22,1969-07-22,56,PE,2719.6,partner
6952,2025-07-31,1974-08-01,51,MG,3637.25,organic
6953,2023-12-20,1982-12-20,41,SP,5413.88,organic
6954,2026-06-24,1979-06-25,47,SP,7068.84,partner
6955,2024-05-04,1987-05-05,37,CE,3713.36,organic
6956,2023-05-15,1976-05-15,47,SP,7057.54,referral
6957,2023-06-22,2005-06-22,18,CE,3114.3,paid_search
6958,2025-08-24,1980-08-24,45,MG,7171.15,organic
6959,2025-03-12,1979-03-13,46,SP,2945.95,referral
6960,2023-11-27,1991-11-27,32,SP,7723.0,paid_search
6961,2023-07-01,1979-07-01,44,CE,7017.8,organic
6962,2024-08-21,1985-08-22,39,MG,5948.82,partner
6963,2025-08-23,1982-08-24,43,PR,1948.59,paid_search
6964,2025-01-27,1986-01-28,39,MG,3436.22,paid_search
6965,2025-03-22,1976-03-22,49,RJ,4583.54,partner
6966,2026-07-19,2000-07-19,26,RS,2020.41,organic
6967,2024-09-25,1975-09-26,49,PE,3575.3,partner
6968,2025-07-07,1996-07-07,29,PR,4723.56,paid_search
6969,2023-02-17,1989-02-17,34,MG,1670.03,paid_search
6970,2023-06-06,1962-06-06,61,PE,9304.1,partner
6971,2024-03-11,2000-03-11,24,SP,2945.81,organic
6972,2023-12-14,2002-12-14,21,PE,3833.78,paid_search
6973,2023-10-03,1982-10-03,41,CE,3300.65,paid_search
6974,2026-04-18,1992-04-18,34,BA,3438.46,referral
6975,2025-09-30,1983-10-01,42,MG,12043.48,partner
6976,2025-11-16,1988-11-16,37,PE,2987.16,organic
6977,2023-01-13,1978-01-13,45,CE,3258.28,organic
6978,2023-06-12,1994-06-12,29,PR,5392.7,paid_search
6979,2024-03-08,1976-03-08,48,RS,5038.55,organic
6980,2023-08-09,1992-08-09,31,PE,2542.47,paid_search
6981,2026-03-29,1973-03-29,53,MG,7756.06,organic
6982,2023-05-17,1977-05-17,46,SP,3264.54,partner
6983,2024-10-11,1972-10-11,52,PE,9274.53,organic
6984,2024-09-11,1991-09-12,33,MG,2519.96,organic
6985,2023-06-02,1998-06-02,25,PE,5665.13,organic
6986,2025-05-02,1981-05-02,44,PE,4166.34,referral
6987,2025-01-15,2007-01-16,18,MG,7310.67,social_media
6988,2023-05-01,2005-05-01,18,PE,3584.58,social_media
6989,2025-01-31,1985-01-31,40,MG,1500.0,referral
6990,2025-06-03,1980-06-03,45,BA,13930.27,organic
6991,2024-09-07,1972-09-07,52,SP,4056.74,referral
6992,2025-04-08,1988-04-08,37,MG,1538.32,organic
6993,2024-11-12,1973-11-13,51,RJ,4154.32,organic
6994,2026-03-04,1999-03-05,27,SP,2709.43,social_media
6995,2024-04-25,2006-04-26,18,PE,2066.99,paid_search
6996,2025-06-21,1989-06-21,36,BA,6491.47,referral
6997,2023-11-14,1973-11-14,50,PR,17522.63,partner
6998,2025-12-22,1981-12-22,44,RS,3140.12,organic
6999,2023-03-08,1971-03-08,52,BA,5905.73,organic
7000,2026-07-23,1989-07-23,37,SP,4499.88,organic
7001,2024-01-28,1995-01-28,29,RJ,5349.43,paid_search
7002,2026-02-04,1987-02-05,39,PR,3498.83,referral
7003,2025-11-29,1999-11-30,26,RJ,5614.22,social_media
7004,2024-01-22,1972-01-22,52,SP,6650.51,partner
7005,2023-01-30,1994-01-30,29,MG,3125.97,social_media
7006,2023-01-05,1968-01-06,55,PE,1531.8,partner
7007,2023-08-12,1989-08-12,34,BA,7422.89,organic
7008,2023-01-18,2005-01-18,18,RS,4273.4,social_media
7009,2024-10-13,1991-10-14,33,MG,3793.63,organic
7010,2023-11-15,1977-11-15,46,BA,10235.47,partner
7011,2023-05-06,1964-05-06,59,MG,6933.91,referral
7012,2026-04-20,1980-04-20,46,SP,4926.47,organic
7013,2023-07-17,1978-07-17,45,CE,1500.0,organic
7014,2026-05-11,1995-05-12,31,SP,2085.24,partner
7015,2023-06-06,1977-06-06,46,PR,6066.57,organic
7016,2023-01-04,1977-01-04,46,PE,3209.66,organic
7017,2023-09-09,1999-09-09,24,SP,2947.17,social_media
7018,2024-01-18,1979-01-18,45,SP,15650.93,paid_search
7019,2025-03-06,1993-03-06,32,SP,2096.08,partner
7020,2024-06-24,1987-06-25,37,BA,5478.68,paid_search
7021,2025-11-15,1998-11-16,27,MG,4761.61,organic
7022,2025-01-22,2007-01-23,18,PE,4243.17,social_media
7023,2025-03-24,1970-03-25,55,RJ,5399.64,referral
7024,2023-04-14,1961-04-14,62,PR,5134.37,partner
7025,2025-08-01,1975-08-02,50,BA,6883.55,partner
7026,2024-11-19,1995-11-20,29,PE,2915.59,paid_search
7027,2023-12-09,1992-12-09,31,MG,2030.67,paid_search
7028,2024-06-25,1993-06-26,31,PR,3827.41,paid_search
7029,2026-03-06,2006-03-06,20,PE,1999.85,organic
7030,2026-08-19,1992-08-19,34,SP,9531.45,organic
7031,2024-05-15,1978-05-16,46,PR,3179.41,paid_search
7032,2023-05-05,1978-05-05,45,SP,8484.74,organic
7033,2024-03-25,1981-03-26,43,SP,3463.7,referral
7034,2024-01-14,1986-01-14,38,PE,2171.99,organic
7035,2025-01-30,2001-01-30,24,SP,1764.72,paid_search
7036,2023-02-18,1963-02-18,60,CE,3987.69,organic
7037,2026-08-25,2004-08-25,22,CE,2209.5,paid_search
7038,2026-08-20,1986-08-20,40,PR,2650.77,organic
7039,2025-07-06,1995-07-07,30,MG,3449.54,partner
7040,2025-04-05,2007-04-06,18,SP,3753.69,social_media
7041,2025-06-26,1983-06-27,42,RS,4715.42,referral
7042,2026-07-24,1985-07-24,41,SP,4261.98,organic
7043,2024-07-31,1968-07-31,56,SP,6099.88,organic
7044,2023-10-11,1962-10-11,61,SP,7742.41,referral
7045,2024-03-10,1967-03-11,57,CE,4989.82,organic
7046,2025-08-23,1971-08-24,54,SP,1500.0,organic
7047,2025-09-23,1982-09-24,43,MG,5275.31,referral
7048,2023-05-20,1984-05-20,39,PR,2085.73,partner
7049,2023-09-20,1985-09-20,38,SP,1500.0,partner
7050,2023-01-22,1981-01-22,42,SP,3643.71,paid_search
7051,2024-09-11,1994-09-12,30,BA,2807.96,paid_search
7052,2025-07-02,1975-07-03,50,PE,2747.28,partner
7053,2024-12-10,1977-12-11,47,PE,6630.88,organic
7054,2023-05-19,1996-05-19,27,RS,7346.8,paid_search
7055,2026-07-18,1990-07-18,36,SP,4283.89,referral
7056,2023-12-15,1982-12-15,41,SP,10431.61,paid_search
7057,2025-04-11,2007-04-12,18,SP,3504.29,organic
7058,2025-07-28,1968-07-28,57,PE,5866.71,referral
7059,2025-12-13,1981-12-13,44,RJ,4419.71,partner
7060,2025-11-26,1975-11-27,50,BA,4488.06,referral
7061,2024-05-11,1997-05-12,27,MG,1904.06,paid_search
7062,2024-08-06,2000-08-06,24,SP,2336.45,organic
7063,2026-07-20,1999-07-21,27,MG,4416.61,paid_search
7064,2026-05-16,1974-05-16,52,PR,12721.55,organic
7065,2026-08-03,2008-08-03,18,PE,1500.0,social_media
7066,2024-06-20,1964-06-20,60,PE,2651.77,organic
7067,2023-12-26,1980-12-26,43,MG,3664.12,paid_search
7068,2024-06-13,1982-06-14,42,PE,2461.99,paid_search
7069,2024-10-30,1983-10-31,41,RJ,5777.52,referral
7070,2023-11-16,1990-11-16,33,RS,1500.0,referral
7071,2024-03-18,1993-03-19,31,BA,2391.05,organic
7072,2025-05-06,1985-05-06,40,SP,4963.76,paid_search
7073,2025-02-09,1998-02-10,27,CE,2502.22,social_media
7074,2026-06-29,1972-06-29,54,SP,12437.39,partner
7075,2023-03-10,1977-03-10,46,SP,1971.48,partner
7076,2026-06-28,1986-06-28,40,SP,2714.08,organic
7077,2025-05-15,1988-05-15,37,RS,3243.57,referral
7078,2026-01-12,1992-01-13,34,RJ,2955.49,paid_search
7079,2025-03-23,1988-03-23,37,PE,2122.73,partner
7080,2025-10-03,1961-10-03,64,SP,8554.03,referral
7081,2023-07-17,1982-07-17,41,CE,4478.68,partner
7082,2025-08-26,1993-08-26,32,MG,1887.23,organic
7083,2024-11-21,1998-11-22,26,PE,1500.0,paid_search
7084,2023-12-31,1987-12-31,36,SP,4337.76,referral
7085,2024-03-20,1970-03-21,54,CE,5161.47,organic
7086,2025-08-13,1979-08-14,46,SP,14938.18,referral
7087,2025-11-03,2005-11-03,20,RJ,2138.21,paid_search
7088,2023-03-09,1993-03-09,30,PE,5800.63,partner
7089,2024-03-13,1970-03-14,54,RJ,2278.93,referral
7090,2026-04-03,2000-04-03,26,SP,2554.03,social_media
7091,2023-10-30,1982-10-30,41,PE,2936.2,organic
7092,2025-03-25,1974-03-26,51,MG,6301.47,organic
7093,2026-06-02,1996-06-02,30,PE,5829.43,partner
7094,2025-01-20,1982-01-21,43,SP,3318.05,paid_search
7095,2024-02-07,1995-02-07,29,PE,4764.64,paid_search
7096,2026-06-08,2002-06-08,24,PR,5353.32,organic
7097,2025-02-17,1981-02-17,44,MG,3552.86,referral
7098,2024-06-23,1983-06-24,41,SP,5117.86,referral
7099,2024-02-11,2006-02-11,18,SP,4447.64,social_media
7100,2024-11-07,1985-11-08,39,PE,1979.5,paid_search
7101,2024-05-01,1965-05-02,59,CE,2853.21,partner
7102,2025-03-24,1994-03-25,31,PE,5898.0,referral
7103,2023-06-26,1972-06-26,51,RS,3878.01,referral
7104,2023-12-27,1977-12-27,46,RS,7013.93,organic
7105,2023-08-25,1973-08-25,50,SP,2267.5,referral
7106,2025-07-19,1981-07-19,44,SP,28829.62,paid_search
7107,2023-09-25,1974-09-25,49,RS,3618.69,partner
7108,2024-11-07,1998-11-08,26,PR,2750.77,social_media
7109,2025-09-30,2002-10-01,23,SP,12809.65,paid_search
7110,2025-12-02,1977-12-02,48,RS,5921.65,paid_search
7111,2025-06-11,2000-06-11,25,MG,1646.88,social_media
7112,2025-11-18,1982-11-19,43,SP,7136.59,paid_search
7113,2025-03-14,1984-03-14,41,PR,7919.52,partner
7114,2025-12-05,1992-12-05,33,SP,4867.54,organic
7115,2025-09-12,1998-09-13,27,SP,2309.43,paid_search
7116,2025-08-21,1994-08-22,31,RS,5361.68,paid_search
7117,2024-03-30,1991-03-31,33,SP,1500.0,partner
7118,2026-03-10,1987-03-11,39,SP,3073.1,partner
7119,2025-10-27,2005-10-27,20,SP,4518.11,social_media
7120,2024-05-19,2003-05-20,21,CE,3504.92,paid_search
7121,2023-03-02,1989-03-02,34,RS,10142.69,organic
7122,2026-07-15,1995-07-16,31,RS,3699.43,organic
7123,2026-04-22,1982-04-22,44,PE,5499.21,referral
7124,2023-02-09,2005-02-09,18,MG,1500.0,paid_search
7125,2023-10-28,1965-10-28,58,SP,2699.53,organic
7126,2024-06-14,1987-06-15,37,SP,4169.87,partner
7127,2024-01-03,1984-01-03,40,PR,2003.87,partner
7128,2026-06-20,1982-06-20,44,RS,10174.84,referral
7129,2025-01-10,1972-01-11,53,SP,8880.14,organic
7130,2025-03-28,1977-03-28,48,SP,2583.13,partner
7131,2023-01-10,1958-01-10,65,PR,4928.68,organic
7132,2025-04-11,1997-04-11,28,SP,3941.5,social_media
7133,2023-01-08,1993-01-08,30,MG,4392.25,referral
7134,2025-03-29,1985-03-29,40,SP,3971.22,partner
7135,2024-03-21,2003-03-22,21,RS,1500.0,social_media
7136,2025-02-13,1980-02-14,45,RJ,7470.4,referral
7137,2024-12-28,2006-12-29,18,MG,10129.56,paid_search
7138,2026-04-13,2008-04-13,18,RJ,2134.55,paid_search
7139,2026-03-17,1994-03-17,32,SP,2322.19,partner
7140,2023-01-10,2005-01-10,18,BA,1500.0,social_media
7141,2024-08-30,2005-08-31,19,SP,1797.61,paid_search
7142,2024-07-10,2001-07-11,23,BA,2692.72,social_media
7143,2024-01-16,1989-01-16,35,MG,6642.05,organic
7144,2026-03-26,1994-03-26,32,PE,2511.77,organic
7145,2025-07-18,1989-07-18,36,SP,11374.51,referral
7146,2023-01-31,1983-01-31,40,RJ,3196.14,organic
7147,2023-02-19,1988-02-20,35,CE,2499.38,partner
7148,2024-02-18,1979-02-18,45,CE,2206.04,organic
7149,2026-05-24,1996-05-24,30,PE,14861.61,referral
7150,2025-07-02,2003-07-03,22,MG,17721.51,social_media
7151,2024-05-12,1971-05-13,53,CE,3287.78,partner
7152,2025-04-20,1994-04-21,31,MG,2220.54,paid_search
7153,2026-03-12,1973-03-12,53,BA,3736.4,referral
7154,2023-12-22,1991-12-22,32,RS,8126.15,organic
7155,2026-02-14,2008-02-15,18,CE,7194.08,organic
7156,2023-06-24,1971-06-24,52,RJ,6022.34,partner
7157,2024-10-21,1986-10-22,38,PE,2450.09,partner
7158,2023-08-16,1973-08-16,50,PR,3903.44,partner
7159,2023-06-17,1997-06-17,26,PE,2778.59,organic
7160,2023-02-10,1980-02-11,43,RJ,8421.74,paid_search
7161,2025-02-22,1994-02-23,31,BA,3945.98,referral
7162,2024-05-05,1985-05-06,39,PR,2457.5,referral
7163,2023-01-01,1992-01-02,31,PR,1631.32,partner
7164,2023-10-16,1996-10-16,27,RS,2259.85,social_media
7165,2026-06-09,1983-06-10,43,CE,18286.86,partner
7166,2024-10-04,1971-10-05,53,BA,11162.66,partner
7167,2025-10-03,1986-10-04,39,PR,5640.24,organic
7168,2025-07-16,1988-07-16,37,CE,3900.85,organic
7169,2024-08-27,1991-08-28,33,BA,5098.17,partner
7170,2025-09-03,2002-09-04,23,SP,2724.77,organic
7171,2026-07-18,1979-07-19,47,SP,3243.75,organic
7172,2026-06-16,1985-06-16,41,SP,1771.02,organic
7173,2024-03-22,2004-03-22,20,SP,4698.17,social_media
7174,2024-03-06,1988-03-06,36,SP,5406.59,paid_search
7175,2024-09-24,1983-09-25,41,BA,7386.69,organic
7176,2026-05-27,1978-05-27,48,RJ,8206.2,referral
7177,2025-11-14,1971-11-15,54,MG,3157.3,organic
7178,2024-07-06,1994-07-07,30,SP,5116.91,partner
7179,2023-12-28,1991-12-28,32,RJ,3480.58,referral
7180,2026-05-07,1989-05-07,37,BA,3634.83,referral
7181,2025-01-26,1983-01-27,42,MG,5992.21,paid_search
7182,2026-05-27,2000-05-27,26,SP,2494.4,social_media
7183,2026-05-27,2000-05-27,26,SP,2145.89,paid_search
7184,2023-09-06,1991-09-06,32,RJ,16140.52,organic
7185,2024-10-01,1972-10-01,52,SP,10258.32,partner
7186,2023-03-09,1997-03-09,26,MG,3530.34,paid_search
7187,2023-10-20,2005-10-20,18,RJ,4609.27,organic
7188,2025-09-20,1997-09-20,28,MG,2352.0,social_media
7189,2024-02-16,2005-02-16,19,RJ,7997.57,paid_search
7190,2026-03-14,1969-03-14,57,PR,5548.4,organic
7191,2023-01-01,1996-01-02,27,MG,5700.09,paid_search
7192,2023-07-30,1991-07-30,32,SP,6752.05,paid_search
7193,2026-02-28,1986-02-28,40,SP,2124.84,paid_search
7194,2026-06-20,1985-06-20,41,PE,1616.48,organic
7195,2023-05-12,1984-05-12,39,RJ,3924.4,organic
7196,2024-12-12,1992-12-12,32,CE,3236.77,paid_search
7197,2026-06-19,1972-06-19,54,RS,3182.66,partner
7198,2024-10-03,1984-10-03,40,SP,4901.48,partner
7199,2024-04-19,1979-04-20,45,SP,15064.85,referral
7200,2025-04-28,1966-04-29,59,SP,6193.25,organic
7201,2024-08-18,2006-08-19,18,MG,2511.12,social_media
7202,2025-05-14,1996-05-14,29,PR,2577.68,paid_search
7203,2024-06-22,1985-06-23,39,SP,6328.78,referral
7204,2023-09-01,1989-09-01,34,CE,8727.43,paid_search
7205,2024-02-22,1990-02-22,34,SP,8529.9,partner
7206,2023-08-16,1968-08-16,55,MG,25165.39,organic
7207,2024-01-21,2006-01-21,18,PE,7439.65,organic
7208,2025-12-03,2000-12-03,25,PE,6234.07,organic
7209,2025-09-09,1970-09-10,55,SP,3537.57,referral
7210,2025-01-02,1999-01-03,26,RJ,2921.24,social_media
7211,2026-05-25,1993-05-25,33,SP,10729.48,partner
7212,2024-05-24,1993-05-25,31,MG,4536.73,referral
7213,2023-02-04,1990-02-04,33,BA,2440.5,referral
7214,2026-06-29,1996-06-29,30,PE,2500.88,organic
7215,2024-01-27,1995-01-27,29,RJ,4080.24,social_media
7216,2026-06-13,1996-06-13,30,SP,4972.87,organic
7217,2023-02-20,2000-02-21,23,SP,1935.67,paid_search
7218,2025-02-25,1975-02-26,50,CE,4104.83,partner
7219,2026-01-11,2000-01-12,26,BA,4279.05,organic
7220,2026-03-23,2008-03-23,18,BA,1773.11,organic
7221,2024-12-07,1990-12-08,34,PE,7540.55,referral
7222,2024-09-23,2006-09-24,18,MG,2024.86,social_media
7223,2025-07-03,1989-07-03,36,PR,9131.16,partner
7224,2023-01-29,1974-01-29,49,CE,6413.87,partner
7225,2025-07-23,1995-07-24,30,SP,12431.19,paid_search
7226,2026-03-21,1974-03-21,52,PE,7167.39,partner
7227,2023-09-26,1990-09-26,33,CE,3717.22,partner
7228,2024-10-31,1987-11-01,37,CE,3874.5,organic
7229,2025-10-08,1986-10-09,39,RS,5559.92,organic
7230,2024-01-06,1999-01-06,25,SP,1900.99,paid_search
7231,2025-12-26,1993-12-26,32,RS,4041.36,organic
7232,2024-03-01,1992-03-01,32,SP,1500.0,referral
7233,2026-02-24,1981-02-24,45,SP,4167.78,paid_search
7234,2023-05-11,1970-05-11,53,MG,3446.31,organic
7235,2026-03-06,1992-03-06,34,BA,4158.15,partner
7236,2025-05-25,1978-05-26,47,PR,15061.94,paid_search
7237,2024-12-15,1959-12-16,65,PR,4688.82,partner
7238,2025-10-16,1994-10-17,31,RJ,9486.04,referral
7239,2025-10-14,1989-10-14,36,PE,3748.54,organic
7240,2025-03-22,1987-03-23,38,RJ,7877.34,referral
7241,2024-11-21,1976-11-21,48,MG,4064.14,referral
7242,2025-04-25,1983-04-26,42,RJ,4167.44,partner
7243,2026-06-18,2003-06-19,23,MG,5442.93,paid_search
7244,2025-04-14,1969-04-14,56,PR,9475.25,referral
7245,2025-11-04,1994-11-05,31,SP,2546.23,organic
7246,2025-05-05,2007-05-06,18,SP,7689.28,social_media
7247,2026-08-02,1994-08-02,32,SP,1500.0,paid_search
7248,2026-02-23,1993-02-23,33,PE,5387.17,referral
7249,2024-06-27,1990-06-28,34,CE,3521.19,organic
7250,2024-08-24,1998-08-25,26,RJ,1500.0,organic
7251,2023-07-07,1988-07-07,35,BA,8126.59,paid_search
7252,2026-01-23,1984-01-24,42,SP,2690.31,referral
7253,2026-03-14,2006-03-14,20,BA,3832.41,paid_search
7254,2026-08-14,2003-08-15,23,MG,4620.04,organic
7255,2025-08-27,1994-08-28,31,SP,8179.79,partner
7256,2024-05-25,1995-05-26,29,PR,2284.41,organic
7257,2025-05-16,1987-05-17,38,PE,5237.18,organic
7258,2024-10-06,1974-10-07,50,BA,2486.97,organic
7259,2023-07-28,1995-07-28,28,MG,6728.7,paid_search
7260,2025-11-30,1996-11-30,29,SP,2264.32,social_media
7261,2023-07-02,1975-07-02,48,PE,5146.57,organic
7262,2025-11-18,1986-11-19,39,SP,2953.72,partner
7263,2026-01-25,1998-01-25,28,PE,3345.75,social_media
7264,2026-05-26,1985-05-26,41,PE,2878.84,partner
7265,2025-08-12,1954-08-13,71,RS,14426.12,partner
7266,2023-03-02,1989-03-02,34,CE,5210.96,partner
7267,2026-04-17,1990-04-17,36,SP,1845.09,referral
7268,2026-04-19,1980-04-19,46,PR,5197.06,partner
7269,2023-05-07,1991-05-07,32,PR,8136.58,organic
7270,2025-02-06,2002-02-07,23,SP,18349.87,organic
7271,2023-02-28,1988-02-29,35,RJ,2417.32,organic
7272,2023-01-23,1985-01-23,38,SP,1500.0,paid_search
7273,2023-02-25,1967-02-25,56,SP,4860.73,partner
7274,2024-02-25,1996-02-25,28,BA,9273.99,organic
7275,2024-12-09,1971-12-10,53,SP,5089.52,organic
7276,2024-07-04,1994-07-05,30,MG,5028.54,organic
7277,2026-02-23,2005-02-23,21,BA,10871.41,social_media
7278,2024-04-17,1988-04-17,36,SP,4185.54,paid_search
7279,2024-03-02,1984-03-02,40,SP,1799.46,organic
7280,2023-10-24,1976-10-24,47,RJ,4831.13,paid_search
7281,2024-05-18,1987-05-19,37,PR,11411.06,organic
7282,2024-01-29,2000-01-29,24,BA,1500.0,organic
7283,2023-10-18,1984-10-18,39,SP,1500.0,paid_search
7284,2024-10-13,1983-10-14,41,PE,4467.02,organic
7285,2025-04-30,1976-04-30,49,RJ,4000.58,referral
7286,2026-06-28,1999-06-29,27,MG,5044.09,social_media
7287,2023-09-30,1986-09-30,37,PE,2059.63,organic
7288,2024-05-03,1981-05-04,43,RJ,6011.04,organic
7289,2024-04-04,1960-04-04,64,PR,9630.44,referral
7290,2024-11-11,1989-11-12,35,BA,5719.47,paid_search
7291,2024-05-18,1974-05-19,50,SP,5218.63,referral
7292,2023-06-17,1992-06-17,31,MG,3318.67,partner
7293,2026-06-16,1999-06-17,27,SP,2644.38,paid_search
7294,2023-01-18,1980-01-19,43,MG,4371.84,paid_search
7295,2023-08-05,1981-08-05,42,RJ,7437.9,referral
7296,2026-07-27,1997-07-27,29,MG,4907.15,social_media
7297,2026-03-23,1974-03-23,52,SP,6768.9,referral
7298,2023-08-03,1971-08-03,52,SP,2815.65,organic
7299,2026-04-02,1996-04-02,30,PR,7258.75,referral
7300,2026-04-10,1974-04-10,52,SP,5952.69,partner
7301,2025-08-12,1978-08-13,47,PR,3756.03,referral
7302,2023-09-15,2000-09-15,23,BA,3291.24,social_media
7303,2026-03-11,1989-03-11,37,SP,3871.55,referral
7304,2024-09-08,1986-09-09,38,SP,2972.0,partner
7305,2024-09-25,2006-09-26,18,BA,2189.1,organic
7306,2025-11-12,1990-11-13,35,RJ,6648.58,referral
7307,2023-02-05,1973-02-05,50,RS,4913.38,referral
7308,2023-06-06,1996-06-06,27,SP,4338.35,paid_search
7309,2026-06-01,1999-06-02,27,SP,2642.38,paid_search
7310,2025-09-17,1997-09-17,28,RS,3621.97,paid_search
7311,2024-05-29,1983-05-30,41,PE,2444.52,paid_search
7312,2024-07-17,1993-07-18,31,BA,2194.28,paid_search
7313,2024-04-15,1963-04-16,61,RS,3002.23,referral
7314,2026-05-12,1992-05-12,34,RJ,2425.73,organic
7315,2025-05-29,1987-05-30,38,RS,6163.61,partner
7316,2025-07-22,1979-07-23,46,SP,8411.49,partner
7317,2025-01-18,2005-01-18,20,RS,1500.0,paid_search
7318,2023-07-24,1964-07-24,59,BA,6277.08,organic
7319,2026-02-28,1993-02-28,33,CE,6028.68,organic
7320,2026-05-17,2004-05-17,22,MG,2424.66,organic
7321,2026-02-21,1988-02-22,38,MG,4004.85,referral
7322,2024-11-26,1980-11-26,44,SP,3798.25,partner
7323,2023-07-22,1984-07-22,39,MG,1500.0,paid_search
7324,2024-01-15,1999-01-15,25,SP,2781.21,organic
7325,2023-03-07,1974-03-07,49,PE,14598.86,paid_search
7326,2023-08-17,1998-08-17,25,SP,2466.29,social_media
7327,2023-01-08,1995-01-08,28,BA,5390.46,paid_search
7328,2025-09-10,2002-09-11,23,RJ,13475.16,paid_search
7329,2023-09-01,1982-09-01,41,RS,3241.6,partner
7330,2026-05-14,1992-05-14,34,CE,2180.42,organic
7331,2026-03-11,1966-03-11,60,MG,5595.18,partner
7332,2024-08-18,1988-08-18,36,MG,3781.92,organic
7333,2024-12-29,1970-12-30,54,SP,5041.17,partner
7334,2023-08-07,1965-08-07,58,RJ,1500.0,referral
7335,2025-12-31,1976-12-31,49,SP,4800.71,paid_search
7336,2024-03-31,1983-04-01,41,PE,4053.66,organic
7337,2023-02-09,1980-02-10,43,BA,1561.04,paid_search
7338,2026-04-14,1965-04-14,61,PR,4042.77,partner
7339,2026-08-01,1986-08-01,40,BA,4704.17,paid_search
7340,2023-04-08,1990-04-08,33,RS,1550.59,organic
7341,2026-01-02,1982-01-02,44,CE,4695.93,organic
7342,2023-07-11,1975-07-11,48,SP,6968.33,organic
7343,2023-04-18,1982-04-18,41,RJ,3706.64,partner
7344,2024-08-26,1981-08-27,43,MG,5366.3,partner
7345,2024-11-20,1967-11-21,57,BA,5577.84,referral
7346,2025-06-04,1993-06-04,32,MG,2981.07,organic
7347,2024-02-27,1993-02-27,31,CE,2623.21,partner
7348,2023-09-15,1980-09-15,43,SP,10825.41,organic
7349,2025-10-06,1992-10-06,33,PE,3411.16,paid_search
7350,2024-08-25,1974-08-26,50,BA,6193.53,referral
7351,2025-01-20,1991-01-21,34,PE,2693.62,partner
7352,2023-03-23,1973-03-23,50,BA,11895.84,referral
7353,2023-05-22,1983-05-22,40,SP,7324.0,referral
7354,2024-01-15,1984-01-15,40,RS,9713.85,referral
7355,2024-01-11,1987-01-11,37,PE,6062.04,partner
7356,2026-06-05,1983-06-06,43,CE,1846.62,organic
7357,2025-12-23,1985-12-23,40,RJ,10318.11,referral
7358,2024-06-22,1995-06-23,29,MG,3140.45,paid_search
7359,2026-03-22,2007-03-23,19,RJ,10874.39,organic
7360,2023-04-29,1994-04-29,29,BA,6212.21,organic
7361,2023-12-10,1982-12-10,41,RJ,5543.19,referral
7362,2023-05-07,1996-05-07,27,PR,7956.42,organic
7363,2025-06-01,1976-06-01,49,SP,4211.57,organic
7364,2024-11-14,1994-11-15,30,RJ,4310.87,partner
7365,2025-12-05,2000-12-05,25,MG,3196.36,organic
7366,2024-03-31,2006-04-01,18,BA,2977.68,organic
7367,2026-08-08,2003-08-09,23,RJ,1957.66,social_media
7368,2023-02-11,1992-02-12,31,RS,9477.28,referral
7369,2026-06-08,1993-06-08,33,PE,3552.91,paid_search
7370,2024-01-06,1993-01-06,31,PE,5821.05,paid_search
7371,2026-07-16,1979-07-17,47,PR,6395.5,referral
7372,2023-05-26,1984-05-26,39,MG,2526.37,organic
7373,2025-03-04,2005-03-04,20,SP,9655.1,organic
7374,2026-04-26,1996-04-26,30,SP,2339.2,organic
7375,2024-05-23,1973-05-24,51,MG,3010.88,partner
7376,2026-04-25,1993-04-25,33,PE,3496.64,paid_search
7377,2025-09-01,1984-09-01,41,CE,4056.86,partner
7378,2024-09-25,1970-09-26,54,SP,5269.45,organic
7379,2025-08-04,1974-08-05,51,SP,8081.27,partner
7380,2025-02-19,1983-02-20,42,BA,1951.13,referral
7381,2024-05-14,1985-05-15,39,RJ,6617.35,paid_search
7382,2023-10-15,1989-10-15,34,SP,4586.12,organic
7383,2024-10-14,1970-10-15,54,SP,13923.35,referral
7384,2025-02-14,1976-02-15,49,MG,15279.17,organic
7385,2023-01-11,1980-01-12,43,RJ,4953.9,organic
7386,2023-03-23,2005-03-23,18,PR,1500.0,social_media
7387,2023-06-17,1978-06-17,45,CE,3489.45,paid_search
7388,2023-11-07,2005-11-07,18,SP,3601.25,social_media
7389,2026-04-23,1975-04-24,51,SP,4849.87,referral
7390,2025-09-19,1993-09-19,32,PE,2863.9,partner
7391,2024-10-09,2001-10-10,23,BA,14955.32,organic
7392,2023-10-18,1957-10-18,66,RS,9821.29,organic
7393,2023-04-14,1992-04-14,31,SP,6807.95,paid_search
7394,2024-08-25,1975-08-26,49,SP,1714.42,partner
7395,2024-03-16,1986-03-17,38,SP,6975.98,referral
7396,2025-10-27,1976-10-27,49,RJ,2840.12,paid_search
7397,2026-06-14,1986-06-14,40,SP,7506.2,partner
7398,2025-08-04,1994-08-05,31,SP,4151.66,partner
7399,2026-02-09,1962-02-09,64,MG,4197.19,referral
7400,2026-03-30,1987-03-31,39,RS,2396.44,partner
7401,2023-12-24,1988-12-24,35,SP,9270.11,partner
7402,2026-08-25,1990-08-25,36,SP,4924.22,organic
7403,2024-06-10,1983-06-11,41,CE,3670.15,referral
7404,2026-07-30,2002-07-30,24,RJ,2569.31,paid_search
7405,2024-12-05,2005-12-06,19,PE,3088.75,paid_search
7406,2023-12-09,1982-12-09,41,RJ,6428.91,paid_search
7407,2025-12-03,1976-12-03,49,SP,19906.51,partner
7408,2024-10-18,1994-10-19,30,SP,7683.15,paid_search
7409,2025-10-20,1974-10-21,51,PR,3601.54,partner
7410,2024-12-02,2002-12-03,22,MG,4245.54,organic
7411,2023-03-03,1987-03-03,36,PE,3121.44,referral
7412,2026-02-27,1995-02-28,31,SP,6790.41,paid_search
7413,2024-03-16,1981-03-17,43,PR,3806.54,referral
7414,2025-03-04,1981-03-04,44,SP,8755.29,partner
7415,2025-01-17,1985-01-17,40,SP,1767.53,organic
7416,2023-08-20,2003-08-20,20,SP,6178.77,paid_search
7417,2023-05-30,1984-05-30,39,SP,1500.0,organic
7418,2024-09-28,1991-09-29,33,RS,7192.44,partner
7419,2023-11-11,1983-11-11,40,MG,3505.78,partner
7420,2024-11-22,1976-11-22,48,PE,8008.46,partner
7421,2026-07-29,1996-07-29,30,RJ,10991.36,paid_search
7422,2023-09-05,1977-09-05,46,RS,4318.59,organic
7423,2023-05-08,1970-05-08,53,SP,5097.68,referral
7424,2025-02-07,1985-02-07,40,SP,4980.05,partner
7425,2026-07-11,1988-07-11,38,MG,7743.5,paid_search
7426,2026-08-06,1987-08-07,39,PE,3668.82,organic
7427,2025-07-28,2000-07-28,25,RJ,1500.0,paid_search
7428,2023-10-02,1965-10-02,58,MG,2617.94,partner
7429,2025-02-20,1980-02-21,45,SP,20821.63,organic
7430,2025-04-25,1994-04-26,31,RJ,5203.43,referral
7431,2024-09-28,1979-09-29,45,SP,4732.81,referral
7432,2025-09-27,1996-09-27,29,RS,1829.66,organic
7433,2025-09-18,1985-09-18,40,SP,8398.47,paid_search
7434,2024-01-19,1993-01-19,31,RS,2908.69,referral
7435,2023-02-24,1989-02-24,34,SP,6079.85,organic
7436,2023-08-13,2005-08-13,18,PR,6129.55,paid_search
7437,2024-07-26,1997-07-27,27,PR,1826.14,organic
7438,2026-06-23,1977-06-23,49,MG,4484.0,partner
7439,2026-05-02,1979-05-03,47,SP,4031.8,organic
7440,2023-03-08,1967-03-08,56,BA,6473.07,partner
7441,2024-12-20,1971-12-21,53,RS,2177.53,partner
7442,2024-02-27,1992-02-27,32,RJ,11196.78,paid_search
7443,2023-08-05,1980-08-05,43,SP,5830.75,organic
7444,2023-09-09,1975-09-09,48,SP,2538.04,partner
7445,2024-05-01,1992-05-01,32,SP,2444.93,paid_search
7446,2023-09-12,1995-09-12,28,SP,2622.18,paid_search
7447,2024-03-27,2006-03-28,18,RJ,3129.91,paid_search
7448,2026-05-31,1997-05-31,29,SP,13503.51,organic
7449,2026-04-12,1985-04-12,41,SP,9532.92,paid_search
7450,2024-11-08,1984-11-08,40,RJ,7156.32,partner
7451,2024-07-28,1980-07-28,44,RS,3558.69,organic
7452,2026-08-12,1969-08-12,57,MG,2476.21,organic
7453,2025-12-28,1997-12-28,28,MG,1500.0,paid_search
7454,2024-11-07,2002-11-08,22,PE,1528.29,social_media
7455,2023-04-07,1990-04-07,33,CE,3061.62,organic
7456,2026-08-07,2001-08-07,25,SP,5246.33,organic
7457,2025-03-21,2003-03-22,22,SP,1918.32,organic
7458,2024-04-29,1988-04-29,36,SP,5877.61,referral
7459,2025-02-20,1987-02-21,38,SP,6001.63,organic
7460,2025-03-16,2006-03-17,19,BA,2389.66,paid_search
7461,2023-09-08,2005-09-08,18,SP,4366.88,paid_search
7462,2025-03-28,1995-03-29,30,PE,4955.59,partner
7463,2024-05-07,1982-05-08,42,RJ,5851.19,referral
7464,2024-10-20,2000-10-20,24,CE,1500.0,social_media
7465,2023-01-09,1995-01-09,28,SP,22568.72,paid_search
7466,2025-09-27,1985-09-27,40,RJ,2495.49,referral
7467,2025-05-10,1979-05-11,46,PR,10599.13,organic
7468,2025-04-02,2005-04-02,20,SP,1500.0,social_media
7469,2025-06-06,1984-06-06,41,BA,4317.47,partner
7470,2025-04-07,1977-04-07,48,RS,4826.73,referral
7471,2023-02-17,2005-02-17,18,RJ,1527.66,organic
7472,2025-01-01,1978-01-02,47,PE,1500.0,partner
7473,2025-11-16,1996-11-16,29,RS,5214.4,paid_search
7474,2025-10-13,1995-10-14,30,SP,2255.5,referral
7475,2025-11-20,1982-11-21,43,PR,11497.73,paid_search
7476,2023-01-16,1994-01-16,29,RS,3863.09,social_media
7477,2025-12-23,1983-12-24,42,SP,7737.63,paid_search
7478,2025-09-03,1991-09-04,34,PE,1525.02,paid_search
7479,2026-02-18,1985-02-18,41,MG,4399.61,organic
7480,2025-04-26,1992-04-26,33,SP,1747.55,organic
7481,2025-08-11,1989-08-11,36,BA,4682.71,referral
7482,2023-09-14,1999-09-14,24,SP,1500.0,social_media
7483,2024-11-14,1976-11-14,48,SP,5697.42,partner
7484,2025-06-12,1977-06-12,48,SP,8384.08,partner
7485,2024-02-16,1982-02-16,42,MG,5116.86,referral
7486,2023-10-09,1983-10-09,40,BA,8300.8,partner
7487,2024-01-09,1984-01-09,40,MG,10311.84,referral
7488,2023-05-09,1996-05-09,27,PE,3905.1,paid_search
7489,2025-05-18,1995-05-19,30,SP,4797.62,partner
7490,2023-07-15,1993-07-15,30,PR,1739.52,partner
7491,2023-12-19,2005-12-19,18,CE,2295.04,paid_search
7492,2023-02-18,1991-02-18,32,SP,3249.98,partner
7493,2024-10-29,2003-10-30,21,SP,4650.91,paid_search
7494,2026-01-08,1983-01-09,43,SP,5506.69,partner
7495,2024-03-21,1998-03-22,26,SP,8814.54,paid_search
7496,2025-08-22,1998-08-23,27,SP,3104.59,organic
7497,2025-02-15,1998-02-16,27,BA,2794.15,organic
7498,2025-05-28,1977-05-28,48,BA,2880.7,referral
7499,2024-08-23,2000-08-23,24,SP,1911.83,social_media
7500,2026-08-06,1987-08-07,39,PR,6634.38,organic
7501,2023-02-22,2004-02-23,19,PR,2358.52,paid_search
7502,2025-05-13,1978-05-14,47,PR,13920.02,paid_search
7503,2024-03-14,1974-03-15,50,BA,4855.53,referral
7504,2023-03-10,1987-03-10,36,RS,2355.08,organic
7505,2023-08-18,2005-08-18,18,PE,4725.21,organic
7506,2024-01-11,1991-01-11,33,RJ,3986.75,paid_search
7507,2023-04-19,1981-04-19,42,RJ,1574.74,referral
7508,2023-07-17,1968-07-17,55,PR,5512.06,organic
7509,2025-11-06,2007-11-07,18,MG,3464.55,paid_search
7510,2024-12-17,1986-12-18,38,RS,7176.17,referral
7511,2025-08-10,1992-08-10,33,PE,12289.11,referral
7512,2025-05-03,2001-05-03,24,PE,2345.88,social_media
7513,2024-04-06,1997-04-07,27,SP,5182.95,social_media
7514,2025-10-07,1999-10-08,26,BA,8227.27,paid_search
7515,2026-01-15,1955-01-16,71,MG,12698.97,organic
7516,2024-04-12,1993-04-13,31,CE,3093.98,paid_search
7517,2023-03-22,1990-03-22,33,SP,2929.35,referral
7518,2026-05-14,2008-05-14,18,SP,3009.76,organic
7519,2026-03-12,2004-03-12,22,CE,4267.73,organic
7520,2026-03-07,1979-03-08,47,SP,7722.69,referral
7521,2024-10-11,1978-10-12,46,MG,4390.07,partner
7522,2025-04-22,1959-04-23,66,RJ,4549.34,referral
7523,2024-07-28,1993-07-29,31,SP,12798.32,referral
7524,2026-02-17,2008-02-18,18,PR,9813.01,organic
7525,2025-01-12,1987-01-13,38,SP,4618.77,organic
7526,2024-09-30,1959-10-01,65,PE,5721.66,organic
7527,2024-05-30,1983-05-31,41,RJ,3518.65,referral
7528,2026-07-21,1980-07-21,46,SP,3628.39,partner
7529,2025-03-16,1985-03-16,40,RJ,12476.4,referral
7530,2023-10-16,1981-10-16,42,CE,5636.63,organic
7531,2023-08-01,2000-08-01,23,SP,4827.51,paid_search
7532,2023-06-27,1985-06-27,38,RS,7158.15,partner
7533,2024-04-28,1981-04-29,43,BA,8810.32,referral
7534,2026-04-16,1985-04-16,41,SP,2888.88,partner
7535,2023-12-18,1995-12-18,28,RJ,8103.27,organic
7536,2025-12-24,1986-12-25,39,RS,3950.88,paid_search
7537,2024-03-14,1997-03-15,27,BA,3390.75,paid_search
7538,2023-09-09,1981-09-09,42,SP,5652.97,paid_search
7539,2026-05-24,1985-05-24,41,BA,4358.35,partner
7540,2026-07-28,2002-07-28,24,PE,1500.0,organic
7541,2025-05-18,1984-05-18,41,SP,2408.22,referral
7542,2024-02-06,2006-02-06,18,PE,3599.58,social_media
7543,2025-05-10,1956-05-10,69,RJ,3878.67,organic
7544,2026-01-11,1991-01-12,35,SP,10057.74,referral
7545,2026-05-15,1997-05-15,29,SP,8083.83,social_media
7546,2024-03-05,1998-03-06,26,BA,2076.34,paid_search
7547,2025-10-23,2005-10-23,20,SP,5501.14,paid_search
7548,2024-08-10,1983-08-11,41,SP,7735.51,paid_search
7549,2024-06-17,1987-06-18,37,SP,2784.77,partner
7550,2025-01-29,2000-01-30,25,PE,2373.52,organic
7551,2025-02-03,1988-02-04,37,SP,8578.68,partner
7552,2024-04-20,1987-04-21,37,PE,6131.75,partner
7553,2025-05-14,1978-05-15,47,SP,7289.6,partner
7554,2023-05-24,1966-05-24,57,PE,3291.17,organic
7555,2025-12-17,1993-12-17,32,PE,3726.96,partner
7556,2026-06-08,2000-06-08,26,RJ,8400.65,organic
7557,2024-02-20,1986-02-20,38,SP,4064.85,paid_search
7558,2026-02-03,1981-02-03,45,BA,3819.5,paid_search
7559,2024-12-08,2006-12-09,18,SP,6432.37,organic
7560,2023-07-29,1988-07-29,35,RS,3693.2,paid_search
7561,2024-05-25,1993-05-26,31,PR,5862.51,paid_search
7562,2025-09-09,1975-09-10,50,MG,5012.95,partner
7563,2023-09-30,1973-09-30,50,PE,9581.81,organic
7564,2025-04-07,1977-04-07,48,PE,3425.26,referral
7565,2023-12-28,2004-12-28,19,MG,2390.27,paid_search
7566,2023-11-12,1998-11-12,25,CE,1500.0,paid_search
7567,2024-01-15,2006-01-15,18,RJ,2587.9,paid_search
7568,2026-01-07,1994-01-07,32,RS,2044.62,organic
7569,2025-12-27,1953-12-27,72,PE,8613.26,partner
7570,2025-10-23,1988-10-23,37,CE,5275.39,paid_search
7571,2023-03-09,1997-03-09,26,SP,4620.61,paid_search
7572,2023-10-15,1971-10-15,52,SP,2923.75,referral
7573,2024-07-26,1968-07-26,56,RJ,4894.09,organic
7574,2024-07-14,1988-07-14,36,PR,1837.91,partner
7575,2025-03-16,1982-03-17,43,SP,1500.0,partner
7576,2024-01-09,1983-01-09,41,SP,4110.49,referral
7577,2025-09-01,1985-09-01,40,BA,4716.18,partner
7578,2023-10-14,2005-10-14,18,MG,4252.95,social_media
7579,2025-11-06,1999-11-07,26,RJ,5790.18,organic
7580,2025-05-28,2002-05-29,23,RJ,6794.87,social_media
7581,2024-07-02,2002-07-03,22,SP,1680.58,paid_search
7582,2026-06-16,2008-06-16,18,PE,3300.47,social_media
7583,2024-12-07,1989-12-08,35,SP,10789.96,partner
7584,2023-07-25,1999-07-25,24,BA,3473.32,organic
7585,2026-05-24,1997-05-24,29,SP,2063.5,paid_search
7586,2023-06-23,1995-06-23,28,BA,3054.19,social_media
7587,2023-01-22,1984-01-23,39,RJ,3908.98,partner
7588,2025-05-09,1986-05-10,39,PR,10997.32,paid_search
7589,2026-01-05,1998-01-05,28,PE,1500.0,paid_search
7590,2026-08-22,2008-08-22,18,MG,3724.8,social_media
7591,2023-03-18,2005-03-18,18,PE,1612.92,organic
7592,2023-06-15,1985-06-15,38,CE,1500.0,referral
7593,2026-03-10,1985-03-10,41,BA,3155.96,partner
7594,2024-11-24,1971-11-25,53,SP,3743.67,organic
7595,2026-01-02,1978-01-02,48,PR,5716.26,organic
7596,2025-07-04,1988-07-04,37,SP,5031.96,organic
7597,2024-05-03,1996-05-03,28,MG,4261.19,social_media
7598,2024-12-16,1990-12-17,34,BA,5820.63,referral
7599,2023-05-14,1973-05-14,50,PR,4691.41,referral
7600,2023-10-15,1984-10-15,39,RJ,4465.97,organic
7601,2023-05-11,1993-05-11,30,PE,2144.72,paid_search
7602,2025-12-22,1985-12-22,40,SP,3524.03,partner
7603,2025-11-29,2005-11-29,20,RS,2741.4,social_media
7604,2023-01-16,1996-01-17,27,PR,2431.7,paid_search
7605,2023-10-23,1975-10-23,48,SP,11905.3,paid_search
7606,2023-08-07,1980-08-07,43,MG,2598.89,referral
7607,2026-01-23,2008-01-24,18,MG,2063.91,organic
7608,2023-05-20,1950-05-20,73,MG,7478.03,partner
7609,2024-12-24,1973-12-25,51,MG,2761.57,referral
7610,2025-02-02,1988-02-03,37,SP,4026.33,organic
7611,2024-11-19,1992-11-19,32,PE,12094.38,referral
7612,2025-03-14,1983-03-15,42,CE,3211.05,organic
7613,2025-01-08,1982-01-09,43,PR,2233.69,referral
7614,2025-02-09,1987-02-10,38,RJ,9304.95,referral
7615,2026-08-11,1998-08-11,28,SP,4251.78,paid_search
7616,2026-03-19,1979-03-20,47,BA,3770.35,referral
7617,2025-09-25,1989-09-25,36,RS,12583.57,partner
7618,2023-02-07,1972-02-08,51,MG,2150.47,partner
7619,2025-10-15,1969-10-15,56,RS,2061.54,referral
7620,2023-12-11,1977-12-11,46,PE,1506.06,organic
7621,2023-09-25,1997-09-25,26,BA,2287.88,organic
7622,2026-02-04,1984-02-05,42,PE,2427.07,paid_search
7623,2023-07-20,1974-07-20,49,SP,4554.92,organic
7624,2024-02-29,1987-03-01,37,SP,3075.98,paid_search
7625,2025-11-20,2003-11-21,22,PR,3049.54,organic
7626,2025-03-15,1982-03-16,43,SP,5435.57,referral
7627,2026-02-08,1985-02-08,41,SP,5517.11,paid_search
7628,2026-01-20,1988-01-21,38,PE,4258.73,organic
7629,2023-07-09,1980-07-09,43,BA,11640.05,organic
7630,2026-02-20,1996-02-21,30,MG,9547.06,referral
7631,2026-06-22,1964-06-22,62,PR,17999.79,referral
7632,2024-08-27,1999-08-28,25,SP,1557.25,organic
7633,2026-05-01,1992-05-01,34,PE,8858.03,paid_search
7634,2025-03-21,1983-03-22,42,SP,5004.93,referral
7635,2024-11-12,1984-11-12,40,BA,4569.02,referral
7636,2026-06-20,1964-06-20,62,MG,3804.66,partner
7637,2023-09-29,1983-09-29,40,PE,4199.73,partner
7638,2024-07-05,1965-07-06,59,RJ,3299.76,organic
7639,2026-08-20,1997-08-20,29,RS,4206.17,social_media
7640,2024-11-17,1980-11-17,44,RJ,2346.81,paid_search
7641,2024-02-16,1977-02-16,47,MG,4195.5,organic
7642,2025-06-28,1982-06-29,43,RS,2370.17,partner
7643,2024-01-20,1990-01-20,34,PR,7247.26,paid_search
7644,2024-04-09,1974-04-10,50,PR,5051.76,organic
7645,2025-04-14,2007-04-15,18,SP,3783.33,organic
7646,2024-07-13,1995-07-14,29,BA,1500.0,paid_search
7647,2025-10-11,1992-10-11,33,SP,2295.65,partner
7648,2023-08-02,1972-08-02,51,BA,4142.45,partner
7649,2026-04-22,2008-04-22,18,SP,3310.4,paid_search
7650,2024-06-21,1997-06-22,27,SP,1746.15,organic
7651,2024-10-09,1987-10-10,37,MG,4532.52,referral
7652,2026-01-25,1978-01-25,48,SP,2335.81,organic
7653,2025-07-13,1966-07-14,59,BA,4258.11,referral
7654,2025-10-05,1981-10-05,44,BA,4007.77,organic
7655,2025-01-06,1991-01-07,34,RJ,5651.36,referral
7656,2023-06-06,1982-06-06,41,SP,4509.15,partner
7657,2025-11-26,1990-11-27,35,PE,2252.47,organic
7658,2023-02-01,1966-02-01,57,MG,5445.79,partner
7659,2026-08-08,1964-08-08,62,RS,2215.29,referral
7660,2024-07-26,1968-07-26,56,MG,7551.05,organic
7661,2024-01-23,2006-01-23,18,SP,1887.98,organic
7662,2023-06-09,1992-06-09,31,PR,4220.02,paid_search
7663,2025-12-01,1992-12-01,33,PR,3333.57,partner
7664,2023-12-14,1986-12-14,37,CE,5188.57,organic
7665,2025-07-22,1968-07-22,57,BA,4799.82,referral
7666,2024-04-28,1996-04-28,28,PE,1649.75,social_media
7667,2026-06-03,1999-06-04,27,PR,3718.75,social_media
7668,2023-12-30,1995-12-30,28,RJ,6015.56,social_media
7669,2025-07-24,1984-07-24,41,RJ,11293.48,referral
7670,2023-05-02,1978-05-02,45,SP,4332.78,organic
7671,2024-06-17,1997-06-18,27,SP,2023.24,organic
7672,2025-01-19,1985-01-19,40,SP,7554.61,paid_search
7673,2026-02-27,1996-02-28,30,SP,3383.94,referral
7674,2026-06-12,1987-06-13,39,MG,3159.29,partner
7675,2023-05-07,1989-05-07,34,MG,3912.6,organic
7676,2024-10-05,2003-10-06,21,PE,4269.4,paid_search
7677,2024-08-18,1983-08-19,41,MG,2746.02,referral
7678,2025-05-09,1985-05-09,40,SP,11209.06,referral
7679,2023-12-21,1989-12-21,34,SP,7816.91,paid_search
7680,2023-12-09,1984-12-09,39,SP,3084.94,partner
7681,2026-06-01,1982-06-01,44,MG,3129.7,referral
7682,2026-02-25,1993-02-25,33,MG,3652.29,referral
7683,2023-12-27,1999-12-27,24,RJ,3123.67,social_media
7684,2025-11-20,1997-11-20,28,PR,10309.96,organic
7685,2024-11-13,1978-11-14,46,SP,4876.18,partner
7686,2023-04-30,1986-04-30,37,SP,5747.63,paid_search
7687,2026-07-08,1981-07-08,45,PR,7493.71,referral
7688,2024-03-06,1983-03-07,41,MG,5991.66,organic
7689,2024-09-09,1990-09-10,34,PR,2517.0,referral
7690,2025-07-18,1974-07-19,51,SP,5383.32,referral
7691,2026-06-20,2001-06-20,25,SP,5052.75,paid_search
7692,2024-08-09,1980-08-09,44,SP,5663.2,referral
7693,2024-05-24,1977-05-25,47,CE,3723.11,referral
7694,2025-02-16,1992-02-17,33,SP,3603.08,paid_search
7695,2024-06-07,2006-06-08,18,RJ,1500.0,social_media
7696,2026-01-22,1983-01-23,43,PE,3309.64,paid_search
7697,2024-03-05,2006-03-06,18,PE,3727.25,social_media
7698,2023-11-10,2001-11-10,22,MG,3117.67,social_media
7699,2025-04-24,1988-04-24,37,PE,3259.22,partner
7700,2023-08-06,2005-08-06,18,SP,1622.72,organic
7701,2025-03-15,2007-03-16,18,RJ,3280.14,social_media
7702,2023-09-13,1984-09-13,39,MG,6123.93,paid_search
7703,2025-05-15,1995-05-16,30,RS,5675.76,referral
7704,2024-12-28,1988-12-28,36,PR,3310.53,paid_search
7705,2024-01-29,1991-01-29,33,MG,7554.02,organic
7706,2026-03-08,2008-03-08,18,RJ,1500.0,social_media
7707,2024-12-26,1989-12-27,35,RJ,3939.72,paid_search
7708,2026-07-14,1978-07-14,48,SP,3976.78,paid_search
7709,2023-01-30,2000-01-31,23,RJ,5433.57,organic
7710,2025-02-03,2002-02-04,23,PE,5120.32,organic
7711,2025-03-13,2002-03-14,23,SP,3683.15,organic
7712,2026-08-16,1995-08-17,31,SP,10400.18,partner
7713,2024-07-12,1992-07-12,32,CE,2183.84,partner
7714,2024-10-31,1982-11-01,42,RJ,4118.79,partner
7715,2024-03-07,1991-03-08,33,RS,1587.94,partner
7716,2025-04-16,1981-04-16,44,CE,4882.57,referral
7717,2026-01-09,1984-01-10,42,PE,1500.0,organic
7718,2025-04-09,1996-04-09,29,SP,5195.82,paid_search
7719,2024-02-28,1980-02-28,44,BA,6323.86,paid_search
7720,2023-06-10,2005-06-10,18,PE,2433.72,organic
7721,2023-04-03,1969-04-03,54,CE,9154.02,organic
7722,2025-04-28,1995-04-29,30,PE,10377.14,referral
7723,2026-01-27,1998-01-27,28,SP,2701.92,social_media
7724,2024-06-07,1978-06-08,46,RS,3211.93,referral
7725,2024-11-13,1984-11-13,40,SP,4082.47,organic
7726,2026-07-03,1984-07-03,42,RS,2402.55,organic
7727,2024-10-11,1964-10-11,60,BA,4153.39,referral
7728,2026-02-17,1967-02-18,59,SP,10197.21,organic
7729,2024-06-29,1996-06-29,28,SP,4619.34,social_media
7730,2025-04-29,1986-04-30,39,SP,7362.37,partner
7731,2024-09-12,1997-09-13,27,SP,1935.51,social_media
7732,2024-08-07,1983-08-08,41,SP,6757.87,organic
7733,2024-08-15,1985-08-16,39,CE,3854.64,referral
7734,2023-10-11,1984-10-11,39,SP,2416.47,partner
7735,2025-12-17,1999-12-18,26,SP,2319.84,social_media
7736,2026-03-10,2005-03-10,21,PE,4097.5,social_media
7737,2024-09-20,1982-09-21,42,SP,8781.9,partner
7738,2023-01-04,2005-01-04,18,SP,6629.89,organic
7739,2023-02-01,2000-02-02,23,SP,5951.51,social_media
7740,2025-08-18,1999-08-19,26,SP,2691.26,social_media
7741,2023-10-05,1991-10-05,32,SP,4110.8,partner
7742,2023-04-16,1995-04-16,28,SP,5157.38,paid_search
7743,2024-12-08,1994-12-09,30,SP,3742.53,organic
7744,2023-08-24,1988-08-24,35,SP,3274.67,partner
7745,2024-07-10,1995-07-11,29,RS,1921.0,social_media
7746,2026-06-03,1985-06-03,41,SP,5650.21,referral
7747,2023-11-20,1974-11-20,49,SP,1603.5,organic
7748,2026-04-29,1975-04-30,51,RS,8017.39,partner
7749,2026-03-10,1985-03-10,41,PR,5578.98,partner
7750,2025-06-03,1984-06-03,41,RJ,3018.02,paid_search
7751,2024-11-04,1963-11-05,61,SP,1553.05,referral
7752,2024-03-11,1973-03-12,51,SP,4180.58,partner
7753,2025-11-13,1998-11-14,27,PR,5778.13,organic
7754,2024-03-09,2003-03-10,21,BA,4087.24,paid_search
7755,2025-07-23,1991-07-24,34,MG,3543.78,partner
7756,2023-01-01,1977-01-01,46,CE,4599.76,paid_search
7757,2026-08-05,1980-08-05,46,SP,3146.23,paid_search
7758,2023-01-18,1981-01-18,42,RS,4386.21,organic
7759,2025-03-29,1983-03-30,42,PE,3048.02,organic
7760,2024-06-01,1973-06-02,51,PE,2456.88,partner
7761,2026-05-24,1994-05-24,32,RS,7684.2,referral
7762,2024-08-06,1992-08-06,32,SP,4004.44,partner
7763,2026-06-05,1975-06-06,51,SP,4540.21,referral
7764,2025-03-02,1991-03-03,34,MG,3771.35,organic
7765,2024-04-21,1985-04-22,39,MG,6236.48,paid_search
7766,2023-07-13,1979-07-13,44,PR,2618.81,organic
7767,2026-05-19,1993-05-19,33,RS,3267.09,referral
7768,2023-09-02,1987-09-02,36,SP,4057.53,organic
7769,2025-05-01,1989-05-01,36,MG,4950.69,paid_search
7770,2025-03-26,2007-03-27,18,PE,1627.13,social_media
7771,2025-10-24,1998-10-25,27,SP,3074.23,social_media
7772,2026-03-04,1986-03-04,40,RS,3180.28,referral
7773,2026-06-13,1977-06-13,49,SP,5296.66,referral
7774,2023-03-30,1964-03-30,59,RJ,14282.62,partner
7775,2025-09-15,1989-09-15,36,CE,5664.88,organic
7776,2023-10-09,2005-10-09,18,RJ,2018.77,organic
7777,2026-07-04,1984-07-04,42,MG,1500.0,organic
7778,2023-10-13,1996-10-13,27,MG,3660.66,social_media
7779,2024-02-24,1986-02-24,38,SP,2414.42,referral
7780,2023-05-19,1966-05-19,57,PE,3356.46,organic
7781,2026-04-08,2008-04-08,18,RS,1500.0,paid_search
7782,2026-05-17,1988-05-17,38,SP,4947.23,partner
7783,2025-12-28,1984-12-28,41,PE,5021.83,paid_search
7784,2026-04-29,1997-04-29,29,PR,14713.07,paid_search
7785,2024-11-04,1979-11-05,45,SP,4968.94,referral
7786,2024-02-10,1981-02-10,43,PE,2743.33,partner
7787,2025-12-17,1971-12-18,54,CE,5915.51,organic
7788,2026-06-12,1981-06-12,45,MG,6638.51,paid_search
7789,2023-04-14,1978-04-14,45,PE,1500.0,referral
7790,2024-05-01,1972-05-01,52,RS,3827.78,partner
7791,2023-06-22,1999-06-22,24,BA,3266.78,social_media
7792,2023-02-13,1993-02-13,30,MG,5742.1,referral
7793,2023-04-19,1979-04-19,44,PR,3325.93,paid_search
7794,2026-03-14,1996-03-14,30,MG,5373.18,referral
7795,2023-08-17,1982-08-17,41,BA,3636.15,referral
7796,2023-08-23,1997-08-23,26,CE,4967.3,social_media
7797,2024-05-07,1994-05-08,30,PE,7331.77,referral
7798,2023-06-06,1986-06-06,37,PE,3140.62,paid_search
7799,2025-04-28,1981-04-28,44,SP,6266.91,paid_search
7800,2025-12-14,1996-12-14,29,SP,5916.68,paid_search
7801,2025-11-24,1968-11-24,57,SP,8465.9,partner
7802,2025-04-20,1978-04-21,47,PR,3216.94,paid_search
7803,2023-12-16,1992-12-16,31,PR,1757.17,organic
7804,2024-11-24,2002-11-25,22,RJ,11496.99,social_media
7805,2026-02-02,1992-02-03,34,SP,3695.22,referral
7806,2024-05-26,1983-05-27,41,RS,6532.1,partner
7807,2025-11-09,1979-11-10,46,PE,3870.72,organic
7808,2023-10-15,1972-10-15,51,BA,4230.49,referral
7809,2025-03-28,1999-03-29,26,PE,3470.04,organic
7810,2024-01-04,1986-01-04,38,RJ,11193.75,referral
7811,2025-08-17,2006-08-18,19,RJ,7156.79,organic
7812,2024-04-15,1988-04-15,36,SP,5965.8,organic
7813,2024-12-13,1985-12-14,39,PR,6344.39,paid_search
7814,2023-01-04,1986-01-04,37,CE,4736.36,paid_search
7815,2023-07-13,1981-07-13,42,BA,7192.73,organic
7816,2024-09-08,1968-09-08,56,BA,3531.73,organic
7817,2026-07-07,1994-07-07,32,SP,3623.43,organic
7818,2023-02-13,1989-02-13,34,RS,4980.59,paid_search
7819,2024-05-20,1987-05-21,37,SP,5053.21,organic
7820,2024-02-10,1985-02-10,39,MG,2677.84,partner
7821,2025-03-10,1987-03-11,38,BA,1500.0,partner
7822,2026-02-13,1988-02-14,38,BA,7610.49,paid_search
7823,2026-08-05,1961-08-05,65,RJ,3495.47,organic
7824,2023-05-26,1990-05-26,33,RJ,4544.05,paid_search
7825,2024-04-08,1985-04-09,39,SP,3300.87,referral
7826,2025-10-17,1997-10-17,28,BA,6329.2,social_media
7827,2026-08-24,1982-08-24,44,BA,5590.7,referral
7828,2026-04-11,1990-04-11,36,BA,3438.33,paid_search
7829,2024-02-01,1971-02-01,53,PE,3440.42,partner
7830,2024-05-12,1980-05-12,44,PR,1500.0,referral
7831,2026-02-10,2008-02-11,18,RJ,1500.0,organic
7832,2023-04-15,1996-04-15,27,PR,3098.78,paid_search
7833,2025-07-24,1966-07-25,59,SP,4987.83,partner
7834,2025-02-25,1974-02-26,51,RS,6560.14,partner
7835,2024-10-08,1996-10-08,28,PE,3155.67,social_media
7836,2023-06-20,1978-06-20,45,PR,8292.7,paid_search
7837,2025-01-22,2000-01-23,25,MG,3196.57,paid_search
7838,2023-10-09,1991-10-09,32,SP,3636.08,paid_search
7839,2024-01-20,1999-01-20,25,PR,3768.73,social_media
7840,2025-11-22,1969-11-22,56,SP,5629.95,organic
7841,2026-07-25,2008-07-25,18,BA,4955.94,social_media
7842,2023-11-26,1989-11-26,34,MG,4469.98,organic
7843,2023-01-07,1977-01-07,46,RS,6443.57,organic
7844,2026-03-03,1985-03-03,41,PE,3697.22,organic
7845,2023-08-06,1983-08-06,40,SP,8597.08,partner
7846,2023-03-18,1988-03-18,35,BA,9674.62,referral
7847,2026-06-04,1971-06-05,55,RJ,4568.43,referral
7848,2026-05-03,1982-05-03,44,PR,11591.84,paid_search
7849,2025-12-04,1996-12-04,29,BA,2719.26,organic
7850,2025-04-29,1983-04-30,42,PE,6615.74,partner
7851,2025-08-30,1978-08-31,47,BA,3153.32,referral
7852,2024-01-04,1995-01-04,29,BA,4796.52,paid_search
7853,2026-01-11,1997-01-11,29,RJ,8074.03,paid_search
7854,2023-07-17,1995-07-17,28,BA,1500.0,paid_search
7855,2025-08-25,1984-08-25,41,RJ,9743.69,referral
7856,2023-03-25,1985-03-25,38,SP,2738.6,organic
7857,2026-01-18,1989-01-18,37,BA,7225.91,partner
7858,2025-06-24,2007-06-25,18,RJ,3808.46,social_media
7859,2023-07-27,1983-07-27,40,RS,2597.51,partner
7860,2024-07-24,1971-07-25,53,PR,9419.78,referral
7861,2024-09-28,1975-09-29,49,SP,5728.88,paid_search
7862,2025-01-02,1986-01-03,39,PR,7784.81,partner
7863,2023-11-29,1994-11-29,29,PE,1610.54,paid_search
7864,2025-03-23,1987-03-24,38,MG,5138.95,partner
7865,2026-02-25,2001-02-25,25,PR,4431.8,paid_search
7866,2026-03-05,1982-03-05,44,CE,5249.42,referral
7867,2025-03-23,1992-03-23,33,PE,4558.51,organic
7868,2024-03-17,1985-03-18,39,BA,2578.44,paid_search
7869,2024-10-14,1999-10-15,25,PE,4147.34,social_media
7870,2024-12-10,1985-12-11,39,RJ,12890.49,referral
7871,2025-02-04,1966-02-05,59,PR,4585.0,partner
7872,2025-02-21,1984-02-22,41,BA,4633.59,paid_search
7873,2023-02-14,1979-02-14,44,MG,1799.33,referral
7874,2024-02-02,1975-02-02,49,RJ,3089.08,partner
7875,2025-03-14,1988-03-14,37,CE,4225.09,paid_search
7876,2023-11-09,1988-11-09,35,RS,1500.0,paid_search
7877,2026-08-20,2008-08-20,18,RS,2805.58,paid_search
7878,2025-02-08,1982-02-09,43,SP,5068.49,paid_search
7879,2024-07-21,1971-07-22,53,RJ,1960.05,organic
7880,2026-05-22,1975-05-23,51,RJ,5550.09,partner
7881,2025-06-22,2003-06-23,22,CE,3189.5,paid_search
7882,2025-06-18,1969-06-18,56,MG,4761.62,referral
7883,2026-04-06,1986-04-06,40,MG,2726.77,paid_search
7884,2026-08-29,1983-08-30,43,MG,5262.5,partner
7885,2024-12-09,1976-12-09,48,RJ,9145.68,organic
7886,2026-02-01,1974-02-01,52,RJ,5542.98,organic
7887,2023-05-20,1988-05-20,35,RJ,4207.49,partner
7888,2024-02-08,1971-02-08,53,MG,6423.73,referral
7889,2024-01-31,1973-01-31,51,RS,2764.49,organic
7890,2025-05-06,1981-05-06,44,CE,15440.22,partner
7891,2025-06-16,1998-06-17,27,BA,4654.15,paid_search
7892,2025-08-21,2006-08-22,19,RJ,2589.2,social_media
7893,2025-04-09,1982-04-10,43,SP,5045.57,referral
7894,2023-08-21,1966-08-21,57,SP,19584.69,referral
7895,2025-12-03,1976-12-03,49,MG,5053.49,partner
7896,2025-11-08,1976-11-08,49,RJ,1500.0,organic
7897,2023-07-29,2005-07-29,18,BA,3918.36,paid_search
7898,2023-03-17,1985-03-17,38,PE,1632.14,paid_search
7899,2025-03-04,1995-03-05,30,SP,1500.0,referral
7900,2023-11-12,1967-11-12,56,BA,17090.2,organic
7901,2025-09-22,2007-09-23,18,CE,2073.15,paid_search
7902,2026-01-17,2000-01-18,26,SP,4794.3,organic
7903,2023-06-15,1990-06-15,33,PE,2599.83,organic
7904,2025-12-28,1988-12-28,37,SP,9007.71,referral
7905,2025-01-07,2001-01-07,24,SP,4339.42,social_media
7906,2024-04-13,1982-04-14,42,RS,6308.51,paid_search
7907,2025-05-01,2004-05-01,21,CE,4099.13,organic
7908,2025-11-16,1974-11-17,51,MG,5480.85,organic
7909,2025-10-15,1983-10-16,42,PR,10774.96,referral
7910,2025-05-24,1972-05-24,53,SP,1706.06,partner
7911,2023-04-20,1992-04-20,31,SP,8658.19,referral
7912,2026-02-28,1995-03-01,31,MG,4583.92,organic
7913,2025-02-16,2005-02-16,20,MG,3260.48,social_media
7914,2025-05-03,1974-05-04,51,SP,8674.45,organic
7915,2024-11-10,2001-11-11,23,MG,3827.35,paid_search
7916,2024-07-02,1987-07-03,37,BA,3245.05,referral
7917,2023-10-14,1987-10-14,36,CE,3932.97,organic
7918,2026-04-21,1992-04-21,34,RJ,5298.08,organic
7919,2024-01-08,1982-01-08,42,MG,4761.34,partner
7920,2025-11-09,1989-11-09,36,SP,1500.0,partner
7921,2024-11-10,1982-11-11,42,PE,4295.4,organic
7922,2026-06-12,1981-06-12,45,PE,11341.23,partner
7923,2024-05-10,1992-05-10,32,RJ,3172.53,partner
7924,2024-06-09,1963-06-10,61,RS,4476.54,organic
7925,2024-03-24,1983-03-25,41,PR,3176.15,paid_search
7926,2026-01-20,1986-01-20,40,CE,1814.82,partner
7927,2024-04-28,1976-04-28,48,SP,2096.07,referral
7928,2024-11-29,1983-11-30,41,MG,6015.97,paid_search
7929,2024-07-09,1979-07-10,45,BA,7753.19,referral
7930,2025-10-23,1962-10-24,63,RJ,6456.36,referral
7931,2024-02-26,1972-02-26,52,SP,2103.55,partner
7932,2025-10-17,1986-10-18,39,PR,9875.18,paid_search
7933,2024-09-06,1987-09-07,37,SP,2815.87,partner
7934,2023-05-23,1967-05-23,56,PE,9717.74,organic
7935,2025-04-30,1980-04-30,45,SP,6019.21,paid_search
7936,2025-03-03,2007-03-04,18,PR,1654.44,paid_search
7937,2024-04-17,1995-04-18,29,RJ,2508.97,organic
7938,2023-07-23,1990-07-23,33,PR,9539.44,referral
7939,2025-10-28,1989-10-28,36,SP,1676.35,partner
7940,2026-07-22,1995-07-23,31,PE,2433.04,organic
7941,2023-01-14,1978-01-14,45,RJ,13770.23,partner
7942,2024-05-25,1973-05-26,51,RJ,3757.54,organic
7943,2026-07-29,1999-07-30,27,PE,9127.38,organic
7944,2026-06-24,1960-06-24,66,PE,11823.95,organic
7945,2025-04-08,1999-04-09,26,SP,6700.44,paid_search
7946,2025-04-27,2006-04-28,19,SP,4954.84,social_media
7947,2023-05-30,1967-05-30,56,RS,14380.33,organic
7948,2023-04-01,2001-04-01,22,CE,2978.24,social_media
7949,2023-03-29,1994-03-29,29,BA,2358.2,organic
7950,2026-03-15,1991-03-16,35,RJ,3036.61,partner
7951,2023-08-27,1984-08-27,39,PE,4248.91,referral
7952,2025-08-11,1989-08-11,36,PR,12559.98,organic
7953,2023-09-07,1979-09-07,44,PE,4106.92,partner
7954,2025-11-20,1992-11-20,33,RJ,6045.84,partner
7955,2023-03-21,1974-03-21,49,SP,4642.61,referral
7956,2023-04-19,1959-04-19,64,SP,1500.0,referral
7957,2025-03-17,1975-03-18,50,SP,4126.93,referral
7958,2024-12-16,2006-12-17,18,SP,3811.69,organic
7959,2024-10-04,1996-10-04,28,RJ,3155.88,organic
7960,2024-06-04,1982-06-05,42,SP,7165.93,paid_search
7961,2025-10-31,1988-10-31,37,CE,8441.76,partner
7962,2025-11-11,1985-11-11,40,SP,4363.04,paid_search
7963,2024-01-26,1980-01-26,44,PR,6224.05,partner
7964,2023-12-03,1987-12-03,36,MG,5947.82,organic
7965,2023-08-25,1989-08-25,34,RJ,3165.28,partner
7966,2025-06-14,1982-06-15,43,PE,5926.4,organic
7967,2024-12-20,2006-12-21,18,SP,5344.88,organic
7968,2024-07-03,2000-07-03,24,RJ,7247.93,organic
7969,2024-02-27,1973-02-27,51,MG,4081.36,organic
7970,2026-08-08,1992-08-08,34,BA,2266.32,referral
7971,2026-07-21,1997-07-21,29,MG,3961.81,paid_search
7972,2025-08-01,1976-08-01,49,SP,9215.13,paid_search
7973,2026-02-03,1983-02-04,43,PE,6758.61,referral
7974,2025-03-05,1982-03-06,43,RJ,5523.92,paid_search
7975,2026-07-16,1997-07-16,29,SP,8813.04,paid_search
7976,2023-12-29,1988-12-29,35,MG,2396.24,referral
7977,2024-10-23,1991-10-24,33,RS,1500.0,partner
7978,2023-03-19,1984-03-19,39,PE,4111.51,organic
7979,2024-12-09,1992-12-09,32,MG,1824.41,paid_search
7980,2023-06-11,1967-06-11,56,MG,7414.54,referral
7981,2026-08-18,1997-08-18,29,SP,11107.57,organic
7982,2026-06-11,1999-06-12,27,BA,3564.68,social_media
7983,2025-11-01,2007-11-02,18,PE,7191.34,social_media
7984,2023-06-23,1976-06-23,47,PR,7915.54,paid_search
7985,2023-06-28,1995-06-28,28,SP,3541.51,organic
7986,2024-05-01,2006-05-02,18,PE,3249.93,social_media
7987,2025-02-11,1978-02-12,47,MG,6287.55,organic
7988,2025-11-22,1959-11-23,66,BA,2925.28,organic
7989,2025-03-19,1996-03-19,29,RS,8905.95,paid_search
7990,2024-07-26,1989-07-27,35,BA,16935.83,paid_search
7991,2024-11-23,1984-11-23,40,SP,3902.56,partner
7992,2025-01-24,2002-01-25,23,SP,6907.55,organic
7993,2023-03-22,1997-03-22,26,SP,2806.09,organic
7994,2024-01-17,1987-01-17,37,RJ,3362.98,referral
7995,2023-04-07,2005-04-07,18,MG,3389.15,social_media
7996,2025-03-01,1987-03-02,38,BA,4241.89,organic
7997,2024-04-07,1988-04-07,36,CE,4311.1,organic
7998,2025-10-17,1980-10-17,45,SP,1651.41,organic
7999,2025-10-25,1990-10-26,35,PE,5421.73,organic
8000,2024-07-19,1972-07-19,52,PR,6014.43,referral
8001,2023-06-13,1967-06-13,56,SP,12713.43,referral
8002,2023-08-12,1973-08-12,50,SP,14626.82,referral
8003,2026-04-03,1976-04-03,50,CE,3774.9,partner
8004,2025-05-11,1971-05-12,54,CE,4463.51,organic
8005,2024-09-27,2001-09-28,23,PE,11190.13,organic
8006,2024-02-06,1980-02-06,44,SP,4134.4,partner
8007,2024-09-25,1990-09-26,34,CE,4507.79,organic
8008,2026-05-20,1988-05-20,38,SP,9247.87,paid_search
8009,2024-04-01,1963-04-02,61,PR,4697.73,organic
8010,2025-08-20,1996-08-20,29,RJ,8294.61,organic
8011,2023-05-25,1977-05-25,46,BA,5673.25,paid_search
8012,2025-07-26,1978-07-27,47,RS,8712.96,partner
8013,2025-02-10,2004-02-11,21,PR,2489.47,paid_search
8014,2024-10-16,1965-10-17,59,MG,13130.73,partner
8015,2024-03-14,1994-03-15,30,MG,1987.19,partner
8016,2025-12-10,2007-12-11,18,SP,4059.07,paid_search
8017,2024-04-26,1982-04-27,42,SP,4505.79,organic
8018,2023-12-26,1993-12-26,30,RJ,4455.35,referral
8019,2025-07-08,1979-07-09,46,PR,9589.05,partner
8020,2023-01-07,1983-01-07,40,BA,6278.68,partner
8021,2024-03-06,1981-03-07,43,PE,2032.1,paid_search
8022,2026-07-11,1982-07-11,44,RJ,14634.62,referral
8023,2024-11-14,1982-11-15,42,RJ,5516.7,paid_search
8024,2025-10-17,2007-10-18,18,PR,3591.5,organic
8025,2026-05-16,1988-05-16,38,SP,7709.55,referral
8026,2024-07-31,1988-07-31,36,SP,2565.12,partner
8027,2024-09-27,1976-09-27,48,MG,10018.64,partner
8028,2025-09-26,1996-09-26,29,SP,9237.99,social_media
8029,2024-08-23,2000-08-23,24,PR,3070.91,paid_search
8030,2025-02-04,1998-02-05,27,PR,3460.53,organic
8031,2025-03-13,1980-03-13,45,PE,5588.96,partner
8032,2023-04-27,1987-04-27,36,PE,5632.87,organic
8033,2025-02-01,1979-02-02,46,RJ,2196.15,partner
8034,2023-08-16,1994-08-16,29,PE,11102.71,organic
8035,2026-05-10,1975-05-11,51,RJ,2147.45,organic
8036,2026-02-01,1967-02-02,59,CE,6746.1,referral
8037,2024-10-03,1960-10-03,64,SP,17003.95,partner
8038,2024-05-02,1981-05-03,43,SP,11428.79,referral
8039,2023-06-30,1990-06-30,33,SP,3337.23,paid_search
8040,2024-05-21,1964-05-21,60,RS,11408.6,organic
8041,2023-06-03,2005-06-03,18,SP,3963.34,paid_search
8042,2025-04-11,1969-04-11,56,SP,7632.38,referral
8043,2025-11-15,1996-11-15,29,SP,1611.08,paid_search
8044,2024-06-20,1981-06-21,43,SP,3801.08,partner
8045,2023-02-10,1979-02-10,44,MG,12458.78,partner
8046,2025-09-21,2004-09-21,21,RJ,2437.22,paid_search
8047,2023-11-03,1989-11-03,34,MG,3140.78,organic
8048,2024-10-09,1963-10-10,61,SP,15942.21,organic
8049,2024-06-27,1983-06-28,41,BA,7492.9,partner
8050,2024-03-03,1976-03-03,48,MG,5843.88,partner
8051,2025-01-15,1966-01-16,59,SP,5471.59,partner
8052,2026-06-20,1973-06-20,53,MG,3285.32,partner
8053,2024-04-27,1977-04-28,47,RJ,6365.61,organic
8054,2025-02-23,1989-02-23,36,RS,1902.88,paid_search
8055,2024-05-14,1978-05-15,46,SP,5530.74,partner
8056,2025-01-09,2007-01-10,18,RJ,4564.38,organic
8057,2026-05-29,1984-05-29,42,MG,2069.28,paid_search
8058,2023-01-06,1977-01-06,46,RS,2784.12,organic
8059,2025-11-15,1981-11-15,44,MG,2836.95,partner
8060,2025-10-08,1961-10-08,64,MG,5973.63,organic
8061,2026-03-19,2001-03-19,25,PR,5983.81,social_media
8062,2024-03-05,1981-03-06,43,SP,2406.99,referral
8063,2025-06-03,1978-06-04,47,RS,11198.15,referral
8064,2026-07-21,1971-07-22,55,PE,3892.75,partner
8065,2025-10-13,1968-10-13,57,MG,6112.84,referral
8066,2023-06-08,1973-06-08,50,RJ,3045.44,organic
8067,2023-11-26,1983-11-26,40,SP,2186.4,paid_search
8068,2025-12-07,1992-12-07,33,RJ,6311.45,partner
8069,2024-04-17,1974-04-18,50,SP,3378.96,referral
8070,2025-06-05,1973-06-05,52,SP,2913.76,referral
8071,2023-11-21,1989-11-21,34,SP,1939.42,partner
8072,2026-01-13,1984-01-14,42,SP,3335.48,organic
8073,2025-06-25,1995-06-26,30,SP,1851.58,partner
8074,2024-10-20,1983-10-21,41,SP,3862.24,paid_search
8075,2026-07-18,1981-07-18,45,SP,5153.26,referral
8076,2023-09-01,1978-09-01,45,MG,5590.83,organic
8077,2026-01-31,1998-01-31,28,RJ,7000.71,social_media
8078,2026-01-18,2002-01-18,24,PR,7767.62,social_media
8079,2025-05-26,1997-05-26,28,BA,1899.12,social_media
8080,2024-01-19,1981-01-19,43,PE,4472.89,referral
8081,2026-01-27,1982-01-27,44,RJ,5348.25,organic
8082,2024-12-14,1990-12-15,34,SP,4591.49,paid_search
8083,2023-01-12,1991-01-12,32,SP,8674.0,organic
8084,2025-08-28,1976-08-28,49,MG,12599.98,paid_search
8085,2023-12-17,1970-12-17,53,SP,3694.83,organic
8086,2026-04-30,1989-04-30,37,SP,1619.58,referral
8087,2025-10-02,1995-10-03,30,BA,3816.5,paid_search
8088,2026-04-18,1992-04-18,34,PR,4682.03,organic
8089,2023-02-16,1968-02-17,55,SP,5237.87,referral
8090,2025-01-09,1986-01-10,39,PR,6463.26,paid_search
8091,2024-11-12,1982-11-13,42,BA,3408.35,partner
8092,2023-03-11,2003-03-11,20,SP,5610.08,organic
8093,2023-01-10,1977-01-10,46,MG,1885.78,organic
8094,2025-10-01,1998-10-02,27,PE,1500.0,organic
8095,2024-11-02,1979-11-03,45,RJ,12276.81,referral
8096,2026-03-25,1979-03-26,47,SP,7429.02,organic
8097,2025-01-03,1981-01-03,44,MG,5489.26,organic
8098,2023-02-14,1982-02-14,41,CE,6321.98,referral
8099,2026-03-29,1990-03-29,36,PR,7447.41,referral
8100,2025-10-22,1982-10-23,43,BA,3553.16,referral
8101,2026-06-10,1997-06-10,29,PE,2176.47,organic
8102,2025-05-22,2003-05-23,22,RJ,3617.51,social_media
8103,2023-10-05,1958-10-05,65,BA,6906.62,organic
8104,2025-10-01,1990-10-02,35,PE,5243.02,referral
8105,2026-06-25,1974-06-25,52,RS,7473.28,organic
8106,2024-09-10,1994-09-11,30,RJ,8516.65,organic
8107,2025-08-15,1971-08-16,54,PE,9727.05,referral
8108,2024-04-20,1988-04-20,36,SP,13133.81,organic
8109,2026-07-05,1982-07-05,44,SP,2587.64,partner
8110,2025-05-11,1991-05-12,34,SP,6718.83,partner
8111,2023-04-26,1989-04-26,34,SP,4435.92,referral
8112,2026-06-07,1985-06-07,41,SP,5945.03,paid_search
8113,2025-03-02,1995-03-03,30,PE,2424.89,partner
8114,2025-05-16,1973-05-16,52,SP,3215.67,referral
8115,2025-07-11,1985-07-11,40,PR,7145.51,organic
8116,2023-01-10,1987-01-10,36,RS,3196.28,referral
8117,2024-07-09,1985-07-10,39,PR,5899.46,organic
8118,2026-08-07,1977-08-07,49,MG,5149.22,referral
8119,2023-05-14,1969-05-14,54,SP,10314.91,organic
8120,2023-03-25,1986-03-25,37,RS,7747.99,referral
8121,2025-12-29,1980-12-29,45,CE,3607.36,organic
8122,2026-05-30,1991-05-31,35,RS,4989.26,organic
8123,2026-05-19,1997-05-19,29,CE,3048.29,social_media
8124,2025-03-08,1989-03-08,36,PR,1741.77,paid_search
8125,2023-04-09,1986-04-09,37,MG,4783.19,partner
8126,2024-07-23,1986-07-24,38,PE,2376.41,organic
8127,2023-04-28,1997-04-28,26,SP,3222.98,paid_search
8128,2024-08-15,1992-08-15,32,MG,3260.2,paid_search
8129,2026-05-01,1983-05-02,43,RS,7034.88,referral
8130,2024-06-08,1973-06-09,51,RS,10000.69,partner
8131,2025-11-10,1982-11-11,43,CE,4957.43,organic
8132,2023-01-15,1981-01-15,42,RJ,15299.48,partner
8133,2026-07-08,1992-07-08,34,PE,3841.55,paid_search
8134,2023-02-16,1992-02-17,31,RJ,5611.73,partner
8135,2023-09-21,1985-09-21,38,SP,11509.31,organic
8136,2026-08-17,1969-08-17,57,BA,15052.03,referral
8137,2025-06-19,1993-06-19,32,SP,3164.13,partner
8138,2025-06-09,1986-06-10,39,PR,2162.88,paid_search
8139,2024-12-07,2006-12-08,18,SP,1739.5,paid_search
8140,2024-12-17,2002-12-18,22,MG,6083.5,organic
8141,2024-12-23,1976-12-23,48,SP,13089.27,organic
8142,2024-06-25,1980-06-25,44,PE,1500.0,partner
8143,2023-12-15,2002-12-15,21,SP,1865.51,organic
8144,2026-06-13,2008-06-13,18,RJ,14914.35,social_media
8145,2026-04-07,1967-04-08,59,BA,5333.86,organic
8146,2025-04-03,1991-04-04,34,RJ,16433.28,referral
8147,2024-01-08,1963-01-08,61,PE,12071.2,organic
8148,2026-04-30,1986-04-30,40,RJ,1681.38,organic
8149,2023-07-29,1976-07-29,47,BA,8625.23,paid_search
8150,2025-06-11,1988-06-11,37,SP,3746.15,organic
8151,2026-03-10,1984-03-10,42,PE,7677.5,paid_search
8152,2026-05-28,1983-05-29,43,MG,1500.0,organic
8153,2023-06-23,2002-06-23,21,RJ,6075.29,organic
8154,2023-05-18,1981-05-18,42,PR,1500.0,partner
8155,2023-07-21,1979-07-21,44,SP,2444.26,organic
8156,2023-06-18,1969-06-18,54,BA,3366.28,referral
8157,2026-08-11,1991-08-12,35,SP,13996.22,organic
8158,2024-07-18,1989-07-19,35,PR,8094.91,referral
8159,2023-02-04,1984-02-05,39,RS,3280.59,organic
8160,2024-11-27,1992-11-27,32,SP,5343.55,partner
8161,2023-12-30,1959-12-30,64,MG,5744.9,referral
8162,2025-11-08,1996-11-08,29,SP,2697.22,social_media
8163,2023-08-15,1998-08-15,25,RS,4171.09,organic
8164,2025-08-14,1969-08-14,56,BA,4759.01,organic
8165,2024-03-04,1988-03-04,36,SP,5572.1,organic
8166,2025-08-13,1996-08-13,29,PE,4327.11,social_media
8167,2024-11-15,1991-11-16,33,PR,23876.05,referral
8168,2023-07-25,1977-07-25,46,SP,5250.3,paid_search
8169,2024-08-17,1969-08-18,55,RJ,9432.37,partner
8170,2024-06-29,1985-06-30,39,CE,8116.85,partner
8171,2025-06-13,1990-06-14,35,BA,3544.46,partner
8172,2025-07-13,2007-07-14,18,PR,2019.54,paid_search
8173,2025-09-09,1990-09-10,35,CE,3920.25,paid_search
8174,2024-03-02,1992-03-02,32,CE,3177.2,paid_search
8175,2025-07-10,1956-07-10,69,SP,13137.19,referral
8176,2026-05-12,1968-05-12,58,MG,4677.73,referral
8177,2023-05-16,1980-05-16,43,CE,1500.0,organic
8178,2026-06-14,1986-06-14,40,CE,6171.92,partner
8179,2025-08-22,1996-08-22,29,PE,3917.53,organic
8180,2024-05-17,1983-05-18,41,PE,1517.94,organic
8181,2023-03-05,1966-03-05,57,SP,2802.19,organic
8182,2023-04-06,1991-04-06,32,SP,3151.41,partner
8183,2025-12-31,1980-12-31,45,PE,3717.08,paid_search
8184,2023-10-05,2003-10-05,20,RJ,5335.04,organic
8185,2024-01-10,1987-01-10,37,SP,2891.36,organic
8186,2025-10-04,1989-10-04,36,PR,2615.71,partner
8187,2024-12-31,2007-01-01,18,SP,2079.52,organic
8188,2023-12-03,1981-12-03,42,MG,2310.34,organic
8189,2023-12-07,1971-12-07,52,SP,3238.24,organic
8190,2023-05-15,2000-05-15,23,CE,2513.43,paid_search
8191,2025-08-11,2007-08-12,18,MG,2061.13,organic
8192,2024-06-29,1995-06-30,29,BA,7821.6,paid_search
8193,2025-07-18,1983-07-19,42,SP,3450.78,partner
8194,2026-06-22,2006-06-22,20,PR,4807.9,paid_search
8195,2023-06-14,1988-06-14,35,MG,3894.23,organic
8196,2024-06-09,1994-06-10,30,SP,6155.39,paid_search
8197,2024-02-20,1985-02-20,39,SP,4842.71,referral
8198,2025-03-23,1992-03-23,33,PE,5916.35,referral
8199,2024-10-22,1988-10-22,36,CE,12356.65,paid_search
8200,2025-06-23,1968-06-23,57,SP,9660.32,organic
8201,2024-03-21,1971-03-22,53,BA,5849.17,organic
8202,2026-06-07,1982-06-07,44,BA,2733.1,paid_search
8203,2023-04-15,1988-04-15,35,CE,3075.56,organic
8204,2026-08-04,1999-08-05,27,MG,4037.51,social_media
8205,2025-11-10,1983-11-11,42,RS,3388.46,referral
8206,2025-12-25,1994-12-26,31,MG,1536.18,referral
8207,2023-07-12,1989-07-12,34,SP,8752.48,partner
8208,2023-11-26,1994-11-26,29,PE,3453.35,paid_search
8209,2023-12-29,1994-12-29,29,PR,7768.45,paid_search
8210,2025-04-18,1967-04-19,58,RS,9241.29,organic
8211,2025-07-15,1997-07-15,28,PE,1500.0,social_media
8212,2026-01-19,1974-01-19,52,SP,4055.66,referral
8213,2023-07-02,1981-07-02,42,PE,6934.27,referral
8214,2026-02-20,1984-02-21,42,PE,2621.73,paid_search
8215,2023-02-18,1967-02-18,56,MG,1803.97,referral
8216,2024-09-24,1987-09-25,37,RS,7703.61,partner
8217,2023-04-04,1974-04-04,49,BA,8288.94,paid_search
8218,2026-02-05,2008-02-06,18,SP,4830.78,social_media
8219,2023-02-07,1994-02-07,29,CE,3841.54,organic
8220,2024-08-24,2001-08-25,23,MG,3091.31,organic
8221,2024-12-17,2003-12-18,21,SP,2237.86,social_media
8222,2023-04-17,1996-04-17,27,PE,3056.64,social_media
8223,2025-06-03,1989-06-03,36,MG,4094.75,referral
8224,2025-06-09,1999-06-10,26,SP,2814.08,social_media
8225,2023-06-01,1992-06-01,31,PR,4033.6,referral
8226,2025-02-06,1994-02-07,31,SP,2970.66,referral
8227,2024-12-21,1989-12-22,35,PR,7013.59,organic
8228,2024-12-23,1980-12-23,44,CE,15974.98,organic
8229,2025-08-05,1969-08-05,56,RJ,11028.31,organic
8230,2023-11-03,1956-11-03,67,PR,15584.23,organic
8231,2025-04-12,1977-04-12,48,RJ,2548.98,referral
8232,2024-01-04,1996-01-04,28,RJ,2813.66,social_media
8233,2023-03-07,1992-03-07,31,BA,1500.0,organic
8234,2025-06-04,1971-06-05,54,PR,9728.05,partner
8235,2023-02-06,1992-02-07,31,RS,12159.69,referral
8236,2023-04-19,1984-04-19,39,SP,8547.31,organic
8237,2025-06-25,2007-06-26,18,MG,2628.77,organic
8238,2023-06-20,2002-06-20,21,PE,2348.35,social_media
8239,2024-12-13,1986-12-14,38,SP,1886.49,referral
8240,2026-07-20,1991-07-21,35,PE,2390.0,organic
8241,2024-06-17,1972-06-17,52,BA,9164.89,organic
8242,2024-12-16,1986-12-17,38,PR,3493.03,paid_search
8243,2023-10-02,2005-10-02,18,SP,4539.68,organic
8244,2023-05-10,2001-05-10,22,SP,3791.36,paid_search
8245,2025-09-05,1977-09-05,48,SP,12963.31,referral
8246,2025-08-22,2003-08-23,22,PR,4059.83,paid_search
8247,2026-03-26,1977-03-26,49,RJ,8367.52,partner
8248,2024-11-19,1959-11-20,65,SP,3052.7,organic
8249,2025-02-07,1986-02-08,39,SP,3489.34,organic
8250,2025-02-12,2000-02-13,25,SP,2726.33,organic
8251,2023-08-21,1975-08-21,48,RJ,5864.24,paid_search
8252,2024-09-28,1980-09-28,44,PE,4789.68,partner
8253,2024-09-08,1994-09-09,30,SP,1519.15,paid_search
8254,2023-12-21,1985-12-21,38,SP,9071.68,paid_search
8255,2023-08-29,1982-08-29,41,PR,3628.47,organic
8256,2023-09-22,2001-09-22,22,PE,1601.18,paid_search
8257,2025-08-15,1988-08-15,37,CE,6898.47,organic
8258,2026-04-19,1973-04-19,53,RS,4118.86,organic
8259,2023-04-26,1984-04-26,39,SP,8944.04,referral
8260,2025-09-05,1983-09-06,42,BA,4764.68,partner
8261,2023-03-30,1997-03-30,26,MG,3100.3,social_media
8262,2025-04-19,1994-04-20,31,BA,2519.04,referral
8263,2025-08-03,1981-08-03,44,MG,2677.92,referral
8264,2025-03-27,1985-03-27,40,SP,5219.26,organic
8265,2025-09-17,1986-09-18,39,RJ,3336.4,partner
8266,2023-02-22,1993-02-22,30,RJ,2962.56,paid_search
8267,2024-09-11,1986-09-12,38,SP,4064.47,organic
8268,2026-01-29,1998-01-29,28,SP,2061.37,paid_search
8269,2025-03-08,1992-03-08,33,PE,2450.3,organic
8270,2023-11-11,2001-11-11,22,RJ,1500.0,organic
8271,2025-02-14,2007-02-15,18,RS,3897.42,organic
8272,2024-08-23,1995-08-24,29,PR,3762.94,paid_search
8273,2025-07-22,1993-07-22,32,RS,4855.55,organic
8274,2025-06-02,1978-06-03,47,PE,6159.89,paid_search
8275,2024-05-25,1989-05-26,35,CE,2268.33,organic
8276,2025-05-12,1994-05-13,31,MG,6900.98,referral
8277,2025-05-14,1992-05-14,33,PE,2683.79,paid_search
8278,2023-09-05,1976-09-05,47,SP,5446.18,organic
8279,2024-02-24,1984-02-24,40,RJ,2640.73,paid_search
8280,2024-09-16,1997-09-17,27,SP,3962.13,organic
8281,2023-06-16,1986-06-16,37,MG,1560.88,paid_search
8282,2024-01-28,1971-01-28,53,SP,5423.06,partner
8283,2025-03-20,1976-03-20,49,RJ,8113.63,paid_search
8284,2023-08-16,1975-08-16,48,SP,10211.44,paid_search
8285,2023-06-15,1983-06-15,40,SP,3182.39,paid_search
8286,2025-09-06,1998-09-07,27,PE,2039.24,organic
8287,2026-06-04,1974-06-04,52,CE,20845.18,referral
8288,2023-12-25,1994-12-25,29,MG,9080.16,social_media
8289,2023-03-07,1984-03-07,39,RS,3919.77,paid_search
8290,2025-06-15,1979-06-16,46,PR,7528.61,organic
8291,2023-04-17,1986-04-17,37,MG,4657.44,partner
8292,2025-09-25,1987-09-26,38,SP,3667.44,partner
8293,2025-01-14,1977-01-14,48,RJ,1561.45,paid_search
8294,2024-04-21,1990-04-22,34,SP,2950.54,organic
8295,2024-01-13,1986-01-13,38,CE,3516.61,partner
8296,2025-02-16,1968-02-17,57,PR,12105.1,organic
8297,2025-03-31,1979-04-01,46,RS,7964.07,paid_search
8298,2024-06-20,1974-06-21,50,MG,7676.19,referral
8299,2025-07-10,1993-07-10,32,RJ,1717.09,organic
8300,2023-05-11,2005-05-11,18,PE,2491.98,organic
8301,2025-03-12,2007-03-13,18,RJ,2846.95,paid_search
8302,2025-07-17,1981-07-17,44,BA,8060.65,organic
8303,2025-10-02,1970-10-03,55,RJ,5063.67,organic
8304,2025-11-21,1993-11-21,32,PE,1702.06,paid_search
8305,2024-03-24,1995-03-25,29,CE,1793.54,paid_search
8306,2024-10-02,2004-10-02,20,PR,3948.16,social_media
8307,2025-11-09,1961-11-09,64,SP,5098.02,referral
8308,2025-06-22,1997-06-22,28,BA,5557.04,social_media
8309,2024-07-08,2000-07-08,24,RS,9181.5,organic
8310,2026-01-13,1993-01-13,33,RJ,1677.72,partner
8311,2024-04-12,1982-04-13,42,MG,9924.65,organic
8312,2026-06-27,1983-06-28,43,MG,8269.19,partner
8313,2024-03-07,1983-03-08,41,PE,2949.66,partner
8314,2025-07-31,1991-08-01,34,MG,7758.87,partner
8315,2026-03-31,1974-03-31,52,SP,4743.53,organic
8316,2025-02-16,1981-02-16,44,BA,3505.82,organic
8317,2023-09-03,1990-09-03,33,PE,3118.33,paid_search
8318,2024-10-23,1988-10-23,36,SP,4178.82,organic
8319,2025-10-29,1988-10-29,37,SP,4437.48,paid_search
8320,2023-02-03,2000-02-04,23,SP,4717.75,social_media
8321,2025-09-19,1996-09-19,29,SP,13404.89,social_media
8322,2025-09-24,2007-09-25,18,PR,4112.97,social_media
8323,2024-06-29,1986-06-30,38,SP,8290.87,paid_search
8324,2025-05-05,1983-05-06,42,RJ,17121.34,partner
8325,2023-09-28,1999-09-28,24,MG,3686.44,social_media
8326,2024-12-22,1984-12-22,40,SP,8761.49,partner
8327,2024-08-09,1971-08-10,53,MG,7962.21,organic
8328,2026-08-17,2001-08-17,25,RJ,3108.45,organic
8329,2025-09-29,1972-09-29,53,BA,4763.93,referral
8330,2026-03-02,1978-03-02,48,PE,5027.67,partner
8331,2023-02-09,1995-02-09,28,MG,7660.08,social_media
8332,2023-08-28,1968-08-28,55,CE,14473.55,organic
8333,2025-04-16,1983-04-17,42,PE,5365.55,organic
8334,2024-03-01,1970-03-02,54,RS,5671.56,referral
8335,2026-07-03,1992-07-03,34,CE,2984.6,referral
8336,2024-06-26,1993-06-27,31,MG,9287.01,partner
8337,2026-05-13,1983-05-14,43,PR,15893.79,partner
8338,2023-06-05,1994-06-05,29,RJ,4391.64,organic
8339,2024-06-18,1986-06-19,38,PR,2137.15,paid_search
8340,2024-01-27,1986-01-27,38,RJ,1695.48,referral
8341,2026-05-24,1974-05-24,52,SP,2050.23,partner
8342,2026-02-28,2006-02-28,20,PE,1500.0,social_media
8343,2023-12-27,1958-12-27,65,RS,1500.0,organic
8344,2026-02-11,1998-02-11,28,PE,3606.58,social_media
8345,2025-03-07,1979-03-08,46,BA,9217.76,paid_search
8346,2024-10-11,1970-10-12,54,SP,20885.82,partner
8347,2024-08-18,1984-08-18,40,PR,1839.31,organic
8348,2023-12-10,1968-12-10,55,SP,6822.7,partner
8349,2024-05-17,1980-05-17,44,PE,2777.1,partner
8350,2025-05-07,1973-05-07,52,RJ,9465.55,referral
8351,2023-02-23,1984-02-24,39,SP,5925.35,paid_search
8352,2025-08-31,1982-09-01,43,SP,2883.25,referral
8353,2025-12-22,1973-12-22,52,PE,6234.88,organic
8354,2026-06-12,1976-06-12,50,RS,2515.19,partner
8355,2026-06-26,1989-06-26,37,PR,1500.0,referral
8356,2023-03-22,1997-03-22,26,SP,3267.4,organic
8357,2024-12-11,2004-12-11,20,PR,4199.58,social_media
8358,2023-04-07,2005-04-07,18,PR,2766.88,paid_search
8359,2026-05-30,1994-05-30,32,RS,8799.19,referral
8360,2023-04-07,1990-04-07,33,SP,1743.81,organic
8361,2023-11-17,1980-11-17,43,RJ,1601.99,referral
8362,2024-10-06,1992-10-06,32,MG,4900.82,referral
8363,2024-05-29,1984-05-29,40,RJ,2986.17,partner
8364,2025-12-01,2001-12-01,24,SP,1500.0,social_media
8365,2025-04-13,1987-04-14,38,RJ,3703.33,referral
8366,2023-01-27,1984-01-28,39,MG,7969.99,organic
8367,2025-07-29,1983-07-30,42,SP,3705.54,paid_search
8368,2025-03-30,1969-03-30,56,PE,10134.7,partner
8369,2024-05-28,1968-05-28,56,MG,16598.58,partner
8370,2024-11-12,1983-11-13,41,PE,17796.23,referral
8371,2026-02-21,1999-02-22,27,SP,2618.44,social_media
8372,2024-11-02,1954-11-03,70,BA,10071.89,partner
8373,2023-05-12,1973-05-12,50,SP,13090.38,partner
8374,2024-01-23,1980-01-23,44,SP,2720.09,organic
8375,2024-12-18,1998-12-19,26,PE,5971.86,organic
8376,2023-08-03,1988-08-03,35,RJ,4842.93,paid_search
8377,2025-05-14,1984-05-14,41,CE,5926.23,referral
8378,2025-03-24,1989-03-24,36,SP,8028.1,referral
8379,2025-07-04,2001-07-04,24,PE,2215.36,organic
8380,2026-01-01,2008-01-02,18,BA,3886.13,paid_search
8381,2025-11-01,1984-11-01,41,RJ,5685.33,organic
8382,2025-05-22,1995-05-23,30,BA,4064.93,partner
8383,2024-11-06,1973-11-07,51,CE,13121.2,partner
8384,2026-08-11,1981-08-11,45,SP,4326.92,organic
8385,2025-08-30,2007-08-31,18,PR,2209.96,paid_search
8386,2025-08-04,2007-08-05,18,PE,10428.69,organic
8387,2025-11-05,1993-11-05,32,PR,6928.95,paid_search
8388,2023-12-08,1995-12-08,28,RS,5271.78,social_media
8389,2024-10-20,1993-10-21,31,RJ,3331.85,organic
8390,2026-01-10,1985-01-10,41,PE,3635.29,paid_search
8391,2023-02-24,1975-02-24,48,SP,8927.81,referral
8392,2025-04-17,1985-04-17,40,PE,10424.96,referral
8393,2026-03-01,1984-03-01,42,SP,2704.53,paid_search
8394,2025-11-21,2007-11-22,18,RJ,4426.19,organic
8395,2023-07-02,1986-07-02,37,SP,9255.09,paid_search
8396,2025-10-24,1978-10-25,47,PR,4137.34,paid_search
8397,2024-06-13,2000-06-13,24,BA,1500.0,social_media
8398,2023-11-07,1985-11-07,38,PR,6845.91,organic
8399,2025-08-13,2001-08-13,24,RJ,3195.83,organic
8400,2026-07-03,1994-07-03,32,RS,4502.96,paid_search
8401,2025-10-09,1995-10-10,30,SP,1500.0,referral
8402,2023-11-28,2005-11-28,18,SP,4489.67,organic
8403,2023-08-27,1991-08-27,32,SP,2685.82,paid_search
8404,2025-09-12,1981-09-12,44,PE,9751.1,partner
8405,2023-08-27,1993-08-27,30,MG,5817.69,organic
8406,2023-08-13,1979-08-13,44,PR,3740.34,referral
8407,2024-09-23,1998-09-24,26,SP,4144.68,organic
8408,2023-08-28,1976-08-28,47,RJ,3594.83,paid_search
8409,2023-07-14,1958-07-14,65,SP,3023.54,partner
8410,2023-12-21,1999-12-21,24,PE,3599.97,social_media
8411,2026-07-29,1987-07-30,39,SP,3424.45,partner
8412,2025-02-26,1977-02-26,48,RJ,5605.12,paid_search
8413,2026-06-02,1992-06-02,34,RS,4373.6,referral
8414,2026-07-02,2006-07-02,20,CE,5538.06,paid_search
8415,2025-01-20,1972-01-21,53,CE,9073.05,referral
8416,2024-06-21,1995-06-22,29,RS,4963.92,social_media
8417,2024-10-20,1977-10-21,47,MG,7952.97,referral
8418,2026-03-11,1964-03-11,62,BA,7081.23,partner
8419,2025-01-08,1994-01-09,31,PE,1754.73,organic
8420,2023-01-10,2000-01-11,23,SP,4290.71,organic
8421,2025-09-02,1974-09-03,51,SP,8194.91,partner
8422,2023-09-27,1985-09-27,38,PE,3721.75,partner
8423,2024-12-25,1984-12-25,40,PE,3113.17,referral
8424,2023-12-26,1983-12-26,40,SP,11778.84,paid_search
8425,2024-01-10,1984-01-10,40,BA,3584.71,organic
8426,2025-07-31,1984-07-31,41,PE,1500.0,partner
8427,2024-03-15,1992-03-15,32,SP,11944.44,organic
8428,2025-08-11,1991-08-12,34,CE,6703.22,partner
8429,2023-10-18,1988-10-18,35,RJ,15579.09,paid_search
8430,2026-02-24,1999-02-25,27,MG,7588.25,paid_search
8431,2023-06-19,1997-06-19,26,SP,2545.76,social_media
8432,2024-09-19,1984-09-19,40,RJ,8814.04,partner
8433,2025-03-11,1971-03-12,54,RS,4541.02,referral
8434,2025-07-31,1970-08-01,55,PR,3506.84,referral
8435,2025-03-19,1987-03-20,38,SP,2366.39,partner
8436,2024-04-27,1994-04-28,30,RS,4958.75,paid_search
8437,2023-01-06,1962-01-06,61,SP,5182.64,referral
8438,2024-05-24,1975-05-25,49,RJ,2754.55,paid_search
8439,2023-05-07,1982-05-07,41,PR,6731.27,organic
8440,2024-07-19,1973-07-20,51,BA,10094.45,referral
8441,2026-04-04,2007-04-05,19,PR,3035.25,organic
8442,2025-12-19,1999-12-20,26,RS,7213.54,paid_search
8443,2025-12-14,1996-12-14,29,BA,2280.36,paid_search
8444,2025-06-19,1981-06-19,44,SP,3846.34,partner
8445,2024-08-23,1989-08-24,35,SP,4271.54,paid_search
8446,2023-10-27,1979-10-27,44,PR,2546.31,partner
8447,2024-10-01,1992-10-01,32,SP,3037.09,referral
8448,2023-12-24,1990-12-24,33,SP,5126.81,referral
8449,2024-01-07,1987-01-07,37,BA,6036.31,partner
8450,2025-07-09,2007-07-10,18,MG,1942.93,paid_search
8451,2026-04-22,1988-04-22,38,CE,2653.29,organic
8452,2025-10-01,1976-10-01,49,SP,4225.71,partner
8453,2024-02-14,2004-02-14,20,CE,4142.8,organic
8454,2025-06-08,2007-06-09,18,SP,3539.57,paid_search
8455,2025-06-01,1977-06-01,48,PR,14053.95,organic
8456,2024-12-08,1987-12-09,37,BA,10987.31,paid_search
8457,2026-07-25,1980-07-25,46,RJ,5037.6,organic
8458,2024-07-03,1985-07-04,39,BA,19712.51,referral
8459,2026-07-29,1970-07-29,56,RJ,8021.97,partner
8460,2025-04-19,2007-04-20,18,PE,1600.08,paid_search
8461,2025-03-21,1963-03-22,62,SP,9196.41,referral
8462,2023-03-30,1972-03-30,51,RJ,3155.4,organic
8463,2023-09-09,1997-09-09,26,BA,1500.0,organic
8464,2023-02-26,1990-02-26,33,PE,1723.01,paid_search
8465,2026-04-28,1990-04-28,36,PE,2510.57,paid_search
8466,2026-08-07,1988-08-07,38,PE,6168.63,referral
8467,2024-01-17,1983-01-17,41,MG,3039.39,partner
8468,2025-05-04,1986-05-05,39,MG,3664.84,paid_search
8469,2025-04-10,1972-04-10,53,BA,11021.73,partner
8470,2025-07-05,2002-07-06,23,PE,7841.03,organic
8471,2024-05-21,1978-05-22,46,PE,9199.07,paid_search
8472,2023-09-16,1969-09-16,54,SP,4766.66,referral
8473,2023-09-04,1977-09-04,46,PE,5063.03,organic
8474,2024-10-26,1990-10-27,34,SP,1500.0,organic
8475,2025-06-25,1969-06-25,56,BA,6850.48,partner
8476,2024-03-05,1964-03-05,60,PR,13296.81,organic
8477,2025-07-20,1975-07-21,50,MG,4770.13,referral
8478,2024-12-17,1999-12-18,25,PE,3103.68,organic
8479,2023-08-07,1985-08-07,38,SP,12880.27,paid_search
8480,2024-06-08,1981-06-09,43,PR,2192.55,organic
8481,2024-12-01,1987-12-02,37,RS,3068.2,partner
8482,2023-08-13,1984-08-13,39,MG,7965.31,paid_search
8483,2026-07-14,1995-07-15,31,MG,2134.74,partner
8484,2023-10-01,1990-10-01,33,PR,7510.62,referral
8485,2024-12-11,1994-12-12,30,SP,3120.12,paid_search
8486,2025-06-27,2000-06-27,25,BA,1573.88,social_media
8487,2025-05-17,1986-05-18,39,SP,2014.51,referral
8488,2024-06-05,2006-06-06,18,RS,5578.18,paid_search
8489,2025-06-20,2005-06-20,20,PE,2485.09,paid_search
8490,2024-02-14,1985-02-14,39,PR,4492.38,referral
8491,2023-12-09,1998-12-09,25,CE,2164.12,organic
8492,2025-07-23,1966-07-24,59,SP,3826.29,organic
8493,2026-06-21,1966-06-21,60,MG,10622.39,partner
8494,2026-08-03,1993-08-03,33,MG,2167.99,partner
8495,2023-08-15,1983-08-15,40,PE,4868.26,partner
8496,2024-11-17,1973-11-18,51,SP,8706.18,referral
8497,2023-04-03,1975-04-03,48,MG,2781.86,partner
8498,2026-08-04,1986-08-04,40,SP,7984.29,organic
8499,2023-04-22,1978-04-22,45,BA,3508.82,partner
8500,2025-04-30,1980-04-30,45,MG,5851.91,referral
8501,2025-11-05,1999-11-06,26,SP,1500.0,organic
8502,2024-10-19,1975-10-20,49,RS,3089.63,referral
8503,2024-08-24,1980-08-24,44,SP,2734.73,partner
8504,2024-01-24,2005-01-24,19,RJ,2533.79,social_media
8505,2026-01-14,1985-01-14,41,MG,5588.66,partner
8506,2025-03-30,1974-03-31,51,SP,7814.62,organic
8507,2023-03-13,1990-03-13,33,SP,1849.73,referral
8508,2026-05-25,1992-05-25,34,PR,3525.8,referral
8509,2026-03-21,1968-03-21,58,CE,10431.25,partner
8510,2025-10-08,1970-10-09,55,SP,3307.63,partner
8511,2025-09-15,1996-09-15,29,BA,3162.62,paid_search
8512,2023-07-27,2005-07-27,18,SP,1988.51,social_media
8513,2024-03-28,1992-03-28,32,RJ,3170.74,paid_search
8514,2023-11-14,1970-11-14,53,BA,5305.46,organic
8515,2025-05-24,2007-05-25,18,PR,4465.2,social_media
8516,2024-07-13,1976-07-13,48,MG,5412.8,referral
8517,2024-06-12,1977-06-13,47,PR,11678.42,paid_search
8518,2025-11-08,1981-11-08,44,MG,4131.6,organic
8519,2024-08-09,1992-08-09,32,RJ,2636.25,paid_search
8520,2026-06-09,1995-06-10,31,PE,9091.42,partner
8521,2025-07-05,1997-07-05,28,SP,7748.57,paid_search
8522,2025-12-12,2007-12-13,18,RS,1500.0,paid_search
8523,2023-08-23,2004-08-23,19,SP,20757.75,organic
8524,2023-06-18,2005-06-18,18,RJ,7767.79,organic
8525,2023-08-22,1996-08-22,27,MG,1691.78,social_media
8526,2024-12-19,1971-12-20,53,BA,20193.63,organic
8527,2024-09-04,1990-09-05,34,RJ,1751.71,organic
8528,2025-09-12,2006-09-13,19,SP,2835.53,social_media
8529,2025-06-28,1991-06-29,34,PE,2813.36,referral
8530,2025-10-23,1978-10-24,47,MG,7233.29,partner
8531,2023-03-03,1989-03-03,34,SP,3965.29,organic
8532,2026-02-13,1990-02-13,36,MG,6248.18,paid_search
8533,2024-06-06,2005-06-07,19,SP,5181.34,organic
8534,2025-01-04,1974-01-05,51,SP,7651.6,organic
8535,2025-07-26,1978-07-27,47,RS,2703.85,organic
8536,2023-01-17,1993-01-17,30,MG,2669.91,referral
8537,2023-09-22,1986-09-22,37,BA,2535.22,partner
8538,2024-07-08,1998-07-09,26,SP,4534.79,paid_search
8539,2026-03-10,1983-03-11,43,RJ,9649.79,organic
8540,2026-01-06,1996-01-07,30,BA,2269.83,partner
8541,2023-03-13,2000-03-13,23,SP,3576.93,social_media
8542,2025-08-07,1967-08-08,58,SP,4290.27,organic
8543,2024-03-05,1991-03-06,33,PR,4336.79,referral
8544,2025-08-19,1984-08-19,41,PE,7112.98,referral
8545,2025-10-15,1990-10-16,35,RJ,1915.57,partner
8546,2023-08-30,2005-08-30,18,SP,3642.36,social_media
8547,2025-11-15,1976-11-15,49,SP,2241.44,partner
8548,2025-10-27,2000-10-27,25,SP,7706.93,paid_search
8549,2025-12-14,1994-12-15,31,SP,6829.17,paid_search
8550,2026-06-09,1994-06-09,32,SP,2597.52,organic
8551,2026-06-07,1996-06-07,30,SP,3550.33,referral
8552,2025-06-16,1991-06-17,34,RS,6473.87,paid_search
8553,2024-01-23,1977-01-23,47,RJ,5424.13,partner
8554,2023-06-12,1997-06-12,26,RJ,4055.55,organic
8555,2023-02-13,2005-02-13,18,PR,4021.71,paid_search
8556,2024-11-22,1978-11-23,46,SP,3971.76,paid_search
8557,2025-02-28,1988-02-29,37,SP,8361.08,organic
8558,2024-03-03,1995-03-04,29,RS,1500.0,social_media
8559,2023-12-27,1984-12-27,39,SP,6074.02,paid_search
8560,2025-10-04,1983-10-05,42,MG,3040.6,paid_search
8561,2025-10-17,1992-10-17,33,PE,2759.38,partner
8562,2026-03-11,2008-03-11,18,PR,8646.54,organic
8563,2025-08-22,1990-08-23,35,PE,2940.5,paid_search
8564,2026-06-21,1999-06-22,27,SP,3048.59,paid_search
8565,2025-08-29,1973-08-29,52,BA,8238.0,partner
8566,2026-05-17,2001-05-17,25,MG,2649.1,social_media
8567,2024-02-07,1978-02-07,46,RJ,3846.39,paid_search
8568,2025-06-05,1996-06-05,29,MG,1537.62,organic
8569,2023-02-09,1987-02-09,36,SP,2902.69,partner
8570,2025-07-22,1996-07-22,29,BA,6048.76,organic
8571,2025-04-08,1970-04-09,55,PE,5489.83,organic
8572,2024-08-13,1978-08-14,46,RS,9895.08,referral
8573,2026-01-02,1984-01-03,42,PE,6443.53,paid_search
8574,2026-03-30,1985-03-30,41,SP,7552.17,referral
8575,2025-12-06,1979-12-07,46,MG,6129.66,organic
8576,2023-01-15,1986-01-15,37,RJ,1593.1,paid_search
8577,2026-09-01,1970-09-01,56,RS,2822.05,partner
8578,2025-11-28,2002-11-29,23,SP,5167.0,social_media
8579,2025-11-08,1980-11-08,45,PR,3704.41,paid_search
8580,2025-09-21,1990-09-22,35,SP,1593.72,organic
8581,2025-10-12,2003-10-13,22,RJ,3517.5,organic
8582,2023-09-25,1986-09-25,37,RJ,5171.91,organic
8583,2025-02-05,1992-02-06,33,RS,6508.95,paid_search
8584,2024-05-06,1985-05-07,39,CE,6131.69,referral
8585,2023-10-23,1992-10-23,31,BA,3491.47,referral
8586,2024-07-30,1978-07-31,46,RS,11763.46,partner
8587,2025-06-03,1974-06-04,51,MG,2363.87,partner
8588,2026-07-21,2008-07-21,18,RJ,5277.49,paid_search
8589,2023-09-14,1986-09-14,37,SP,5089.25,organic
8590,2023-04-29,1988-04-29,35,CE,25354.22,organic
8591,2023-04-07,1988-04-07,35,CE,2900.76,paid_search
8592,2024-03-09,2001-03-10,23,PE,2987.3,paid_search
8593,2026-02-15,1976-02-16,50,RS,4179.35,organic
8594,2025-11-18,1968-11-18,57,PE,5146.24,partner
8595,2024-07-15,1989-07-16,35,PR,4374.92,referral
8596,2023-06-28,1984-06-28,39,RJ,3420.24,organic
8597,2025-12-08,1980-12-08,45,PR,4017.05,paid_search
8598,2023-11-26,1999-11-26,24,SP,2766.68,organic
8599,2024-01-29,1994-01-29,30,RS,4904.03,paid_search
8600,2025-09-10,1972-09-10,53,BA,8789.11,referral
8601,2024-02-11,1998-02-11,26,PE,2311.38,social_media
8602,2025-01-27,1967-01-28,58,RJ,2230.61,organic
8603,2024-02-18,1967-02-18,57,RS,3796.07,partner
8604,2024-04-05,1952-04-05,72,SP,1993.0,partner
8605,2026-04-12,1972-04-12,54,MG,5459.82,partner
8606,2024-12-09,1997-12-10,27,BA,3567.62,paid_search
8607,2026-07-06,1991-07-07,35,CE,12751.27,referral
8608,2026-01-26,1980-01-27,46,PR,4967.04,referral
8609,2024-04-28,2000-04-28,24,RJ,4291.85,organic
8610,2023-03-10,1966-03-10,57,BA,7191.4,organic
8611,2023-05-10,1968-05-10,55,PR,9121.19,referral
8612,2024-05-02,1990-05-03,34,SP,4919.85,partner
8613,2024-12-23,1997-12-24,27,SP,11749.47,social_media
8614,2023-01-20,1968-01-21,55,MG,13127.73,organic
8615,2026-03-26,1984-03-26,42,MG,4204.6,paid_search
8616,2025-01-27,1992-01-28,33,RS,4760.85,organic
8617,2026-07-13,1986-07-13,40,SP,8168.62,paid_search
8618,2024-07-16,1981-07-17,43,PE,4354.49,organic
8619,2026-08-28,1992-08-28,34,BA,5863.89,paid_search
8620,2023-08-13,1983-08-13,40,RS,4247.66,partner
8621,2024-02-20,1981-02-20,43,SP,3891.15,referral
8622,2023-09-26,1975-09-26,48,PR,13645.1,organic
8623,2024-01-14,1980-01-14,44,CE,15136.67,organic
8624,2023-03-09,1988-03-09,35,SP,4997.27,referral
8625,2026-01-10,1981-01-10,45,PE,4390.56,organic
8626,2025-12-22,1983-12-23,42,MG,3256.11,referral
8627,2023-10-07,1976-10-07,47,MG,4032.83,referral
8628,2026-04-13,1994-04-13,32,SP,4411.24,organic
8629,2025-03-04,1992-03-04,33,BA,8931.82,paid_search
8630,2025-09-20,2007-09-21,18,MG,2187.91,organic
8631,2024-02-12,2004-02-12,20,SP,1500.0,paid_search
8632,2026-08-24,2004-08-24,22,RJ,5610.82,organic
8633,2024-04-18,1978-04-19,46,MG,5422.22,paid_search
8634,2025-03-07,1987-03-08,38,RJ,3407.29,partner
8635,2024-02-27,1979-02-27,45,RS,2279.28,partner
8636,2026-01-05,1982-01-05,44,PR,8467.69,referral
8637,2024-08-12,1986-08-13,38,SP,5839.43,referral
8638,2024-12-27,1982-12-28,42,PE,5459.1,paid_search
8639,2025-12-17,1998-12-18,27,RS,5563.16,paid_search
8640,2025-11-21,1999-11-22,26,RJ,6528.57,social_media
8641,2025-09-19,1979-09-20,46,SP,3148.2,partner
8642,2025-11-30,1979-12-01,46,PR,13257.28,partner
8643,2023-12-29,1957-12-29,66,SP,6878.87,referral
8644,2025-09-13,1978-09-14,47,PE,5822.2,paid_search
8645,2025-09-03,1978-09-04,47,SP,3583.96,paid_search
8646,2024-06-21,1989-06-22,35,SP,5819.79,organic
8647,2025-11-05,1978-11-06,47,SP,5216.14,referral
8648,2023-07-10,1979-07-10,44,SP,6821.85,paid_search
8649,2025-08-28,1985-08-28,40,PR,5729.07,partner
8650,2023-07-06,1969-07-06,54,RJ,20345.63,referral
8651,2024-08-29,1986-08-30,38,RS,2631.09,referral
8652,2025-06-15,2000-06-15,25,SP,5724.61,social_media
8653,2024-10-20,1995-10-21,29,BA,3362.22,organic
8654,2023-09-03,1967-09-03,56,RS,2424.17,partner
8655,2026-03-02,1975-03-03,51,MG,9582.41,referral
8656,2025-12-26,1972-12-26,53,MG,9588.08,referral
8657,2026-04-30,1968-04-30,58,RS,9352.2,partner
8658,2025-07-15,1987-07-16,38,SP,2373.83,paid_search
8659,2025-01-30,1975-01-31,50,SP,8787.86,referral
8660,2025-02-04,1986-02-05,39,BA,3322.01,organic
8661,2024-08-21,1990-08-22,34,PE,11019.8,referral
8662,2025-12-22,1985-12-22,40,SP,8060.18,partner
8663,2024-03-20,1984-03-20,40,SP,3716.01,partner
8664,2024-07-30,1983-07-31,41,RJ,7490.79,partner
8665,2025-03-16,1998-03-17,27,SP,3082.62,paid_search
8666,2023-04-05,1985-04-05,38,SP,10384.87,referral
8667,2023-01-08,2001-01-08,22,BA,8980.0,paid_search
8668,2024-07-26,2000-07-26,24,RJ,2515.08,paid_search
8669,2025-03-08,1985-03-08,40,SP,2417.44,organic
8670,2025-12-12,1983-12-13,42,RJ,2668.6,organic
8671,2026-04-09,1979-04-10,47,SP,7064.68,partner
8672,2026-08-22,1982-08-22,44,PR,4457.05,referral
8673,2023-05-18,1990-05-18,33,BA,2116.84,paid_search
8674,2024-04-03,1973-04-04,51,CE,3988.19,organic
8675,2025-07-23,2003-07-24,22,SP,2132.52,paid_search
8676,2024-05-16,1997-05-17,27,MG,4535.79,paid_search
8677,2024-03-28,1952-03-28,72,MG,11831.24,organic
8678,2026-02-11,1980-02-12,46,MG,2072.62,paid_search
8679,2026-07-08,1997-07-08,29,MG,1629.62,paid_search
8680,2026-02-08,1979-02-09,47,RS,2587.9,partner
8681,2026-08-09,1973-08-09,53,RJ,1776.11,referral
8682,2023-04-09,1989-04-09,34,SP,11743.11,partner
8683,2024-03-10,1993-03-11,31,SP,2066.3,referral
8684,2025-07-24,1968-07-24,57,BA,10918.62,organic
8685,2024-04-24,1979-04-25,45,CE,5511.07,partner
8686,2026-03-20,1998-03-20,28,RS,2079.98,paid_search
8687,2024-04-20,2001-04-21,23,BA,3370.91,social_media
8688,2026-06-30,2008-06-30,18,SP,2107.89,paid_search
8689,2024-05-03,1988-05-03,36,PR,2661.16,paid_search
8690,2025-10-22,1986-10-23,39,MG,2110.5,paid_search
8691,2026-01-19,1989-01-19,37,CE,6356.37,partner
8692,2025-09-16,1988-09-16,37,RS,7310.72,partner
8693,2023-09-11,1979-09-11,44,SP,2231.84,organic
8694,2023-12-17,1989-12-17,34,MG,4562.94,paid_search
8695,2024-09-08,1990-09-09,34,PE,5723.72,partner
8696,2025-01-06,1976-01-07,49,MG,8974.42,partner
8697,2023-04-18,1988-04-18,35,PR,1500.0,paid_search
8698,2024-02-09,1978-02-09,46,CE,7207.73,organic
8699,2026-06-29,1994-06-29,32,PR,3614.42,referral
8700,2025-07-06,1990-07-07,35,RJ,6893.63,paid_search
8701,2024-10-07,2006-10-08,18,CE,5837.42,paid_search
8702,2023-02-22,1998-02-22,25,BA,6946.84,social_media
8703,2023-04-09,1985-04-09,38,SP,15402.12,paid_search
8704,2026-04-17,1995-04-18,31,CE,3661.99,referral
8705,2025-08-23,1975-08-24,50,CE,7391.63,referral
8706,2025-09-30,1977-09-30,48,SP,11390.87,organic
8707,2023-02-28,1962-02-28,61,MG,5572.68,organic
8708,2023-04-06,1998-04-06,25,PE,2694.94,social_media
8709,2025-11-13,1983-11-14,42,SP,1863.39,organic
8710,2023-12-05,1978-12-05,45,CE,3715.34,organic
8711,2023-10-30,1987-10-30,36,SP,1500.0,organic
8712,2026-03-27,2008-03-27,18,SP,1923.79,paid_search
8713,2024-11-13,1987-11-14,37,BA,2295.49,paid_search
8714,2025-05-13,1980-05-13,45,SP,5722.48,paid_search
8715,2025-04-14,1971-04-15,54,PR,6699.82,referral
8716,2024-08-10,1965-08-11,59,BA,10614.73,partner
8717,2024-04-29,1981-04-30,43,CE,14002.22,referral
8718,2025-07-16,2001-07-16,24,PE,8743.41,social_media
8719,2025-04-28,2003-04-29,22,MG,3742.99,paid_search
8720,2023-05-27,1997-05-27,26,PE,3032.22,social_media
8721,2023-08-03,1983-08-03,40,RJ,9948.1,referral
8722,2026-01-08,1976-01-09,50,RS,3644.48,organic
8723,2025-08-01,1984-08-01,41,PR,5073.97,organic
8724,2025-11-04,2001-11-04,24,BA,4277.55,paid_search
8725,2024-01-05,1971-01-05,53,MG,1856.51,partner
8726,2025-10-07,1989-10-07,36,SP,1757.73,partner
8727,2026-08-14,1965-08-14,61,MG,4427.79,referral
8728,2023-10-16,1995-10-16,28,CE,9089.67,paid_search
8729,2025-01-16,1995-01-17,30,RS,2652.46,partner
8730,2025-12-08,1990-12-09,35,PE,2304.46,partner
8731,2025-08-17,1998-08-18,27,SP,4792.85,organic
8732,2024-05-27,1963-05-28,61,PE,3816.11,referral
8733,2026-04-05,2008-04-05,18,SP,3000.93,paid_search
8734,2023-08-22,1978-08-22,45,RJ,2455.13,paid_search
8735,2023-03-18,1975-03-18,48,SP,4583.22,referral
8736,2023-04-25,1983-04-25,40,SP,9076.51,referral
8737,2024-06-22,1960-06-22,64,SP,2038.93,organic
8738,2023-07-30,1961-07-30,62,PR,15198.59,organic
8739,2026-03-31,1977-03-31,49,SP,5731.1,paid_search
8740,2024-02-28,1974-02-28,50,RS,7120.12,referral
8741,2025-10-13,1982-10-14,43,PE,2412.14,referral
8742,2024-11-17,1978-11-18,46,SP,7665.61,partner
8743,2023-10-26,1996-10-26,27,MG,3809.08,social_media
8744,2025-02-16,1990-02-17,35,RS,4095.93,referral
8745,2025-12-31,1968-12-31,57,PR,4445.92,organic
8746,2023-07-15,1995-07-15,28,SP,12076.11,paid_search
8747,2024-10-13,1985-10-14,39,SP,6373.42,partner
8748,2023-08-14,1992-08-14,31,SP,7419.39,referral
8749,2026-06-10,1994-06-10,32,SP,2637.08,organic
8750,2023-01-18,1984-01-19,39,SP,10153.14,referral
8751,2026-07-07,1983-07-08,43,SP,6469.91,referral
8752,2023-03-30,1974-03-30,49,PR,4019.63,referral
8753,2026-05-15,2008-05-15,18,CE,5120.19,social_media
8754,2025-03-03,1989-03-03,36,MG,2711.17,partner
8755,2025-11-20,2007-11-21,18,MG,1790.56,organic
8756,2024-09-15,1992-09-15,32,PR,7412.52,paid_search
8757,2025-03-05,2007-03-06,18,MG,2686.83,paid_search
8758,2026-08-11,2002-08-11,24,SP,10239.88,organic
8759,2023-02-07,1985-02-07,38,PR,4283.87,organic
8760,2024-11-06,1986-11-07,38,SP,1960.88,paid_search
8761,2024-02-20,1966-02-20,58,RJ,5634.03,referral
8762,2026-01-12,1995-01-13,31,SP,5197.04,partner
8763,2026-04-19,2003-04-20,23,SP,2440.72,organic
8764,2025-01-02,2003-01-03,22,RJ,4683.43,organic
8765,2023-02-05,1987-02-05,36,SP,3334.72,paid_search
8766,2023-08-18,1981-08-18,42,PE,2824.22,referral
8767,2026-08-18,1971-08-19,55,PE,11635.12,organic
8768,2023-05-30,1995-05-30,28,PE,5354.81,organic
8769,2023-07-11,1975-07-11,48,SP,4796.05,partner
8770,2024-04-19,1996-04-19,28,PE,5418.76,social_media
8771,2024-09-13,2001-09-14,23,PE,1908.06,social_media
8772,2024-09-22,2002-09-23,22,PE,1867.5,paid_search
8773,2025-05-19,1951-05-20,74,RS,2748.72,partner
8774,2024-02-14,1995-02-14,29,SP,2731.56,social_media
8775,2023-06-23,1984-06-23,39,SP,11174.05,partner
8776,2026-01-03,1987-01-04,39,RS,3977.52,partner
8777,2024-08-24,2000-08-24,24,PR,3658.16,paid_search
8778,2024-05-10,1977-05-11,47,SP,2090.95,partner
8779,2025-11-05,1983-11-06,42,RS,15764.09,organic
8780,2025-12-11,1994-12-12,31,RJ,6213.73,partner
8781,2023-04-27,1982-04-27,41,RJ,3891.59,organic
8782,2024-09-16,2005-09-17,19,CE,5005.02,paid_search
8783,2023-03-01,2000-03-01,23,SP,2166.78,social_media
8784,2026-07-02,1989-07-02,37,SP,7245.74,referral
8785,2025-07-06,1994-07-07,31,CE,2988.78,paid_search
8786,2026-05-22,2001-05-22,25,SP,2128.75,paid_search
8787,2023-01-11,1981-01-11,42,SP,5569.17,organic
8788,2025-01-02,1990-01-03,35,SP,6280.88,partner
8789,2024-05-31,1984-05-31,40,SP,7930.48,paid_search
8790,2025-02-22,1989-02-22,36,PE,8287.75,organic
8791,2024-02-13,1988-02-13,36,BA,5293.73,referral
8792,2026-02-21,1980-02-22,46,CE,2119.47,referral
8793,2025-08-31,1997-08-31,28,SP,2919.68,paid_search
8794,2023-10-27,1982-10-27,41,BA,4061.06,partner
8795,2023-05-25,1983-05-25,40,SP,4320.34,partner
8796,2023-01-21,1988-01-22,35,CE,2549.27,organic
8797,2024-03-22,1997-03-23,27,RJ,3545.79,paid_search
8798,2026-05-20,1998-05-20,28,PR,3778.13,social_media
8799,2024-09-16,1985-09-17,39,SP,4423.9,organic
8800,2023-12-27,1993-12-27,30,PR,6453.85,organic
8801,2023-10-01,1985-10-01,38,RJ,2550.08,partner
8802,2025-07-07,2002-07-08,23,MG,4137.46,organic
8803,2023-05-31,2002-05-31,21,PE,4409.13,paid_search
8804,2024-12-11,1996-12-11,28,SP,10173.14,paid_search
8805,2024-01-20,1973-01-20,51,CE,5284.49,referral
8806,2023-03-03,1969-03-03,54,SP,2843.33,partner
8807,2024-12-12,1972-12-12,52,MG,18149.63,organic
8808,2025-05-08,1996-05-08,29,RS,3259.78,social_media
8809,2025-10-25,1974-10-26,51,RJ,8521.16,partner
8810,2023-01-16,1983-01-16,40,PE,9589.17,paid_search
8811,2023-02-03,1980-02-04,43,SP,3751.24,organic
8812,2025-03-30,1992-03-30,33,SP,2297.83,paid_search
8813,2025-08-25,1998-08-26,27,SP,2394.07,paid_search
8814,2024-04-07,1989-04-08,35,SP,8836.22,partner
8815,2024-03-24,1989-03-25,35,MG,3529.83,organic
8816,2024-11-26,1997-11-27,27,PR,12354.11,social_media
8817,2025-03-28,2000-03-28,25,PE,3930.67,paid_search
8818,2026-03-10,2004-03-10,22,SP,1961.97,organic
8819,2025-10-28,1954-10-29,71,MG,4741.4,partner
8820,2025-09-28,1968-09-28,57,PE,2844.09,organic
8821,2025-03-10,2002-03-11,23,PE,8274.19,organic
8822,2024-01-08,1976-01-08,48,RJ,8276.41,partner
8823,2024-12-17,1968-12-17,56,MG,5446.83,partner
8824,2024-06-12,2002-06-13,22,BA,3761.63,paid_search
8825,2023-06-27,1986-06-27,37,SP,3216.42,referral
8826,2024-08-06,1991-08-07,33,MG,1978.96,paid_search
8827,2023-04-18,1984-04-18,39,RJ,12425.21,referral
8828,2024-11-29,1969-11-30,55,PR,1500.0,referral
8829,2023-08-12,1982-08-12,41,SP,19076.82,organic
8830,2026-05-06,2008-05-06,18,CE,2657.71,paid_search
8831,2025-11-13,2000-11-13,25,PE,3465.18,organic
8832,2026-06-29,1988-06-29,38,SP,7273.12,organic
8833,2025-07-15,1991-07-16,34,PE,3877.32,paid_search
8834,2025-10-13,1973-10-13,52,SP,2019.93,organic
8835,2025-05-25,2005-05-25,20,SP,4831.6,paid_search
8836,2025-01-31,2005-01-31,20,MG,2152.19,organic
8837,2026-01-23,1996-01-24,30,MG,5783.5,paid_search
8838,2026-02-15,1990-02-15,36,PE,3452.67,organic
8839,2024-09-13,2004-09-13,20,SP,1872.26,organic
8840,2025-07-19,1970-07-20,55,SP,9732.88,partner
8841,2025-07-14,2002-07-15,23,RJ,4265.52,organic
8842,2024-04-09,1994-04-10,30,RS,3124.02,organic
8843,2025-03-18,1993-03-18,32,SP,4703.64,partner
8844,2025-03-16,2007-03-17,18,RJ,4428.06,organic
8845,2025-04-16,1994-04-17,31,PE,5618.21,partner
8846,2024-12-30,1964-12-30,60,CE,3266.1,referral
8847,2026-07-21,2004-07-21,22,RJ,4321.75,social_media
8848,2025-09-21,1995-09-22,30,SP,2934.58,partner
8849,2023-04-13,1984-04-13,39,PE,2571.24,paid_search
8850,2025-06-06,1985-06-06,40,MG,5697.59,partner
8851,2023-11-29,1984-11-29,39,CE,15242.97,paid_search
8852,2024-03-15,2000-03-15,24,SP,6092.19,social_media
8853,2025-10-04,1983-10-05,42,PR,3114.82,organic
8854,2023-09-16,1971-09-16,52,RS,2187.21,organic
8855,2026-06-13,2000-06-13,26,SP,2985.41,social_media
8856,2026-07-31,1985-07-31,41,SP,14447.92,organic
8857,2023-05-30,1973-05-30,50,MG,7329.12,partner
8858,2024-08-22,1968-08-22,56,PE,8309.69,referral
8859,2025-09-25,1992-09-25,33,PE,6535.89,referral
8860,2023-12-06,1996-12-06,27,MG,2575.1,organic
8861,2026-08-31,2001-08-31,25,RS,3008.23,social_media
8862,2023-09-16,1986-09-16,37,RS,2483.78,partner
8863,2026-08-17,2005-08-17,21,SP,3946.05,social_media
8864,2024-08-07,1981-08-08,43,CE,2092.53,partner
8865,2023-12-21,1973-12-21,50,SP,7732.48,partner
8866,2026-08-07,1983-08-08,43,PR,11892.87,partner
8867,2026-06-04,1993-06-04,33,CE,4097.17,organic
8868,2024-06-27,1982-06-28,42,SP,3830.46,partner
8869,2025-01-17,1999-01-18,26,BA,7166.64,paid_search
8870,2025-04-30,1997-04-30,28,SP,5575.51,social_media
8871,2025-05-14,1982-05-15,43,SP,4172.01,organic
8872,2023-10-13,2003-10-13,20,PE,12058.32,paid_search
8873,2023-02-20,1966-02-20,57,PR,6479.53,organic
8874,2024-02-02,2006-02-02,18,RS,3389.71,paid_search
8875,2025-03-23,1970-03-24,55,BA,1654.14,partner
8876,2023-02-01,1985-02-01,38,CE,4033.32,referral
8877,2024-03-01,1990-03-02,34,PE,1840.86,organic
8878,2026-05-14,1979-05-15,47,SP,3009.55,paid_search
8879,2026-04-10,1973-04-10,53,PE,8631.06,referral
8880,2023-03-23,1992-03-23,31,PR,1741.4,organic
8881,2026-02-13,2000-02-14,26,RJ,6878.52,organic
8882,2024-04-04,1984-04-04,40,PR,7710.5,organic
8883,2026-05-19,1978-05-19,48,RJ,1817.19,paid_search
8884,2026-05-15,1987-05-16,39,RS,5206.58,referral
8885,2023-09-22,1985-09-22,38,CE,3866.22,referral
8886,2023-11-24,1989-11-24,34,RJ,3819.8,partner
8887,2025-10-03,1981-10-03,44,PE,5587.72,organic
8888,2024-05-23,1990-05-24,34,CE,4322.08,organic
8889,2026-03-07,2004-03-07,22,CE,4141.19,social_media
8890,2024-06-25,1967-06-26,57,MG,7356.23,partner
8891,2023-02-26,1988-02-27,35,RS,4714.77,paid_search
8892,2023-10-02,1997-10-02,26,PE,6457.92,organic
8893,2024-07-22,1982-07-23,42,MG,8454.33,referral
8894,2024-11-22,1997-11-23,27,BA,2310.9,social_media
8895,2023-08-23,1987-08-23,36,SP,13145.33,organic
8896,2025-11-14,1995-11-15,30,SP,4118.03,partner
8897,2023-08-22,1981-08-22,42,RJ,6577.08,paid_search
8898,2024-11-27,1999-11-28,25,SP,3801.76,social_media
8899,2023-11-03,1979-11-03,44,PE,4185.75,partner
8900,2025-01-15,1988-01-16,37,MG,3768.62,partner
8901,2023-02-22,1993-02-22,30,RS,15711.88,paid_search
8902,2026-05-16,1988-05-16,38,PE,2912.74,organic
8903,2023-05-23,1986-05-23,37,PE,11628.77,paid_search
8904,2025-06-01,1994-06-02,31,BA,3555.17,partner
8905,2024-01-06,1985-01-06,39,SP,3636.09,paid_search
8906,2025-05-05,1991-05-06,34,SP,5770.96,organic
8907,2026-03-31,1972-03-31,54,MG,8577.83,partner
8908,2023-05-17,1976-05-17,47,PR,7580.78,organic
8909,2023-05-21,1989-05-21,34,SP,1500.0,paid_search
8910,2026-03-08,2002-03-08,24,MG,3513.8,paid_search
8911,2025-08-02,1964-08-02,61,CE,3488.27,partner
8912,2025-10-29,1976-10-29,49,RS,8317.82,partner
8913,2026-06-16,1995-06-17,31,RJ,3877.04,partner
8914,2025-12-21,1984-12-21,41,PR,2886.91,organic
8915,2024-01-21,1977-01-21,47,SP,9088.43,referral
8916,2024-05-27,1992-05-27,32,RJ,8945.53,organic
8917,2026-04-07,1995-04-08,31,SP,2761.2,organic
8918,2023-12-25,1978-12-25,45,SP,5511.49,referral
8919,2024-11-09,1985-11-10,39,RJ,15110.65,referral
8920,2026-01-01,1989-01-01,37,SP,1500.0,partner
8921,2024-08-11,1992-08-11,32,PE,9084.08,referral
8922,2024-05-28,1997-05-29,27,RJ,3788.02,social_media
8923,2025-11-13,1987-11-14,38,BA,8609.55,referral
8924,2024-01-24,2002-01-24,22,SP,3409.84,organic
8925,2023-08-18,1959-08-18,64,CE,8617.71,organic
8926,2025-12-01,1986-12-02,39,MG,6777.0,referral
8927,2025-05-13,2007-05-14,18,PE,3509.23,organic
8928,2024-12-07,2004-12-07,20,BA,1835.52,social_media
8929,2026-06-12,1985-06-12,41,SP,3599.14,partner
8930,2024-08-14,1986-08-15,38,PR,7412.16,organic
8931,2025-02-18,1992-02-19,33,RS,4056.57,referral
8932,2023-12-02,1997-12-02,26,CE,2278.17,paid_search
8933,2026-08-25,1981-08-25,45,RJ,2341.87,partner
8934,2024-12-23,2006-12-24,18,SP,3549.76,social_media
8935,2023-11-28,1990-11-28,33,SP,11787.27,referral
8936,2023-08-21,2005-08-21,18,SP,2742.18,social_media
8937,2024-05-16,1981-05-17,43,SP,3704.39,partner
8938,2026-02-03,1977-02-03,49,RJ,9466.12,paid_search
8939,2023-04-20,1995-04-20,28,CE,8101.22,organic
8940,2024-07-13,1961-07-14,63,SP,23180.45,organic
8941,2026-07-03,2000-07-03,26,RS,3124.67,organic
8942,2023-11-29,1980-11-29,43,RJ,3128.54,partner
8943,2024-09-05,1988-09-05,36,CE,3095.22,referral
8944,2023-11-03,2004-11-03,19,SP,2173.8,organic
8945,2024-04-20,1970-04-21,54,MG,10702.75,referral
8946,2026-08-25,1988-08-25,38,SP,4734.55,organic
8947,2023-12-03,1983-12-03,40,SP,3729.99,partner
8948,2023-12-03,1985-12-03,38,BA,5021.57,partner
8949,2023-04-08,1966-04-08,57,PE,13683.71,partner
8950,2023-05-02,1975-05-02,48,BA,29460.18,organic
8951,2025-01-09,1988-01-10,37,PR,7691.53,organic
8952,2024-04-27,1991-04-28,33,PR,4296.61,partner
8953,2024-08-23,1979-08-24,45,SP,5110.55,paid_search
8954,2024-04-16,1983-04-17,41,RJ,2855.05,organic
8955,2025-10-16,1999-10-17,26,CE,1829.72,social_media
8956,2024-05-22,1999-05-23,25,PE,4623.84,social_media
8957,2025-07-17,1986-07-18,39,RS,4675.15,partner
8958,2023-04-16,1984-04-16,39,BA,3840.55,paid_search
8959,2023-03-14,1997-03-14,26,BA,5548.73,organic
8960,2025-12-14,1995-12-15,30,SP,2886.97,partner
8961,2024-07-14,1990-07-15,34,SP,3738.66,partner
8962,2024-03-01,1980-03-01,44,SP,6687.28,organic
8963,2025-02-19,1998-02-20,27,SP,2018.37,paid_search
8964,2024-05-21,2006-05-22,18,BA,10337.64,organic
8965,2023-07-02,1987-07-02,36,PE,1565.78,paid_search
8966,2023-04-16,1987-04-16,36,RJ,5626.74,partner
8967,2024-08-21,1977-08-22,47,SP,4492.29,organic
8968,2025-10-07,1981-10-07,44,PE,2185.17,partner
8969,2024-02-04,1985-02-04,39,SP,3036.27,paid_search
8970,2024-10-19,2000-10-19,24,SP,1500.0,social_media
8971,2023-11-09,1996-11-09,27,SP,6018.25,social_media
8972,2023-04-26,2005-04-26,18,MG,4183.68,organic
8973,2024-04-08,1990-04-09,34,PE,1983.67,referral
8974,2023-04-27,1982-04-27,41,PE,7448.45,organic
8975,2026-02-04,1989-02-04,37,SP,1500.0,partner
8976,2026-03-05,1973-03-05,53,PR,11236.94,partner
8977,2023-05-17,1980-05-17,43,PE,1806.23,referral
8978,2023-02-21,1977-02-21,46,MG,3734.0,paid_search
8979,2026-04-30,1990-04-30,36,PE,2902.24,paid_search
8980,2024-01-15,1996-01-15,28,PE,2944.68,social_media
8981,2023-02-20,1992-02-21,31,CE,4382.39,partner
8982,2025-11-14,1988-11-14,37,RJ,2290.0,paid_search
8983,2025-07-02,1985-07-02,40,BA,2636.73,paid_search
8984,2025-03-10,1985-03-10,40,BA,4610.1,partner
8985,2025-11-18,1974-11-19,51,SP,17300.02,referral
8986,2024-10-19,1995-10-20,29,RJ,1976.21,organic
8987,2024-11-28,1980-11-28,44,CE,2994.21,paid_search
8988,2024-08-10,1980-08-10,44,SP,5353.98,organic
8989,2025-05-22,1977-05-22,48,RS,2300.13,referral
8990,2023-04-13,2000-04-13,23,MG,5523.1,social_media
8991,2025-10-14,1994-10-15,31,BA,11029.58,organic
8992,2025-05-26,1975-05-27,50,SP,4124.35,partner
8993,2024-12-12,1976-12-12,48,BA,5971.58,partner
8994,2023-04-05,1985-04-05,38,PR,10202.19,organic
8995,2026-05-30,2008-05-30,18,SP,2206.73,paid_search
8996,2023-07-20,1995-07-20,28,PR,2624.58,social_media
8997,2024-01-09,1997-01-09,27,MG,4701.2,paid_search
8998,2023-12-30,1983-12-30,40,RS,5053.56,paid_search
8999,2025-05-26,1998-05-27,27,SP,2247.55,paid_search
9000,2026-03-14,1994-03-14,32,RJ,9107.38,referral
9001,2025-03-07,1976-03-07,49,RS,6130.09,partner
9002,2025-04-21,1986-04-22,39,RS,7698.53,organic
9003,2025-04-30,1990-05-01,35,BA,3530.26,organic
9004,2024-06-18,1984-06-18,40,SP,5481.62,paid_search
9005,2024-03-30,1981-03-31,43,MG,6554.65,paid_search
9006,2023-06-02,1970-06-02,53,BA,5738.56,referral
9007,2024-03-20,2000-03-20,24,RS,3258.36,organic
9008,2026-05-16,1992-05-16,34,PR,4782.9,partner
9009,2026-02-04,1986-02-04,40,PE,11613.1,referral
9010,2024-02-14,2000-02-14,24,PR,8069.77,social_media
9011,2026-05-08,1997-05-08,29,RJ,5485.38,paid_search
9012,2026-05-26,1991-05-27,35,BA,2223.04,paid_search
9013,2024-07-26,1998-07-27,26,MG,1860.81,organic
9014,2024-07-31,1975-08-01,49,SP,4041.52,partner
9015,2023-12-31,1966-12-31,57,PE,9219.04,referral
9016,2025-01-25,1990-01-26,35,RJ,4687.72,organic
9017,2023-03-14,1979-03-14,44,PE,5792.9,partner
9018,2023-05-04,1963-05-04,60,PR,5694.32,partner
9019,2025-01-15,1990-01-16,35,PE,5570.09,partner
9020,2025-02-10,1985-02-10,40,CE,6515.38,referral
9021,2024-04-09,1998-04-10,26,BA,9331.13,organic
9022,2023-07-03,1978-07-03,45,PE,4906.78,paid_search
9023,2026-08-12,1971-08-13,55,MG,3504.16,organic
9024,2025-09-03,2006-09-04,19,SP,8941.51,paid_search
9025,2025-04-08,1989-04-08,36,RJ,5750.08,partner
9026,2026-04-11,1977-04-11,49,CE,4421.99,paid_search
9027,2025-10-14,1985-10-14,40,PR,5199.61,organic
9028,2023-02-21,1977-02-21,46,BA,8747.82,partner
9029,2023-02-27,1995-02-27,28,RS,2839.27,paid_search
9030,2026-01-19,1981-01-19,45,RJ,3893.54,referral
9031,2025-10-23,1989-10-23,36,CE,5048.16,referral
9032,2023-04-23,1980-04-23,43,MG,4320.26,organic
9033,2024-02-19,1992-02-19,32,PE,9217.56,organic
9034,2026-07-20,1986-07-20,40,SP,15870.95,paid_search
9035,2025-07-13,1980-07-13,45,SP,9971.73,organic
9036,2026-04-24,1996-04-24,30,RJ,6511.32,organic
9037,2026-05-20,1976-05-20,50,SP,3928.81,organic
9038,2026-01-24,1995-01-25,31,SP,5576.75,paid_search
9039,2024-07-22,1990-07-23,34,PR,3184.96,referral
9040,2026-03-11,1979-03-12,47,RJ,4153.59,organic
9041,2023-06-20,1956-06-20,67,SP,21436.94,organic
9042,2025-12-23,1985-12-23,40,PE,11896.88,organic
9043,2023-12-02,1978-12-02,45,BA,5124.32,paid_search
9044,2024-04-20,1966-04-21,58,SP,3025.1,organic
9045,2023-12-05,1977-12-05,46,MG,7989.65,organic
9046,2024-03-04,1970-03-05,54,PE,4048.26,referral
9047,2023-06-27,1968-06-27,55,PR,4320.83,partner
9048,2024-01-21,1987-01-21,37,PE,2894.97,referral
9049,2025-06-16,1970-06-17,55,BA,8422.13,partner
9050,2024-04-19,1992-04-19,32,BA,7850.58,referral
9051,2025-07-07,2007-07-08,18,SP,3671.32,paid_search
9052,2024-11-18,1992-11-18,32,MG,1803.59,referral
9053,2023-11-12,1978-11-12,45,PE,3315.12,paid_search
9054,2023-12-22,1982-12-22,41,PR,21139.07,referral
9055,2024-02-15,1972-02-15,52,BA,3920.04,partner
9056,2023-07-21,1991-07-21,32,MG,1950.08,organic
9057,2023-02-27,2005-02-27,18,RJ,4132.34,social_media
9058,2023-02-08,1988-02-09,35,PR,3822.48,organic
9059,2026-07-13,2000-07-13,26,PR,2809.52,organic
9060,2023-06-13,1996-06-13,27,SP,8549.46,organic
9061,2023-06-06,1999-06-06,24,BA,7277.44,social_media
9062,2026-03-24,1966-03-24,60,RJ,5034.34,organic
9063,2025-12-31,1997-12-31,28,MG,1827.73,paid_search
9064,2026-06-07,1971-06-08,55,SP,4787.73,organic
9065,2026-04-13,1993-04-13,33,MG,4894.81,partner
9066,2025-12-31,1989-12-31,36,RJ,4771.12,referral
9067,2026-06-13,1970-06-13,56,RJ,5299.35,partner
9068,2026-03-16,2003-03-17,23,SP,5217.02,social_media
9069,2025-02-27,2003-02-28,22,PR,2564.26,paid_search
9070,2023-07-14,1992-07-14,31,CE,9821.0,referral
9071,2025-08-08,1982-08-09,43,MG,3802.23,paid_search
9072,2023-12-11,1985-12-11,38,BA,2230.14,partner
9073,2026-01-02,2008-01-03,18,PE,4854.52,organic
9074,2025-08-11,2007-08-12,18,SP,5198.64,organic
9075,2025-03-22,1970-03-23,55,BA,2389.04,referral
9076,2023-11-05,2003-11-05,20,SP,4465.21,paid_search
9077,2023-12-11,1985-12-11,38,MG,7084.06,partner
9078,2023-09-23,1985-09-23,38,RJ,3936.22,referral
9079,2026-04-06,1995-04-07,31,MG,3553.88,partner
9080,2024-06-07,1996-06-07,28,SP,10077.17,social_media
9081,2025-11-03,1986-11-04,39,PE,2568.68,referral
9082,2025-11-23,2002-11-24,23,SP,2114.55,paid_search
9083,2026-03-31,1994-03-31,32,MG,1500.0,organic
9084,2026-04-11,2001-04-11,25,CE,1500.0,social_media
9085,2025-07-14,1993-07-14,32,CE,6288.32,paid_search
9086,2024-03-13,2000-03-13,24,MG,5864.86,paid_search
9087,2023-01-06,1982-01-06,41,RJ,23496.26,referral
9088,2023-12-21,2005-12-21,18,CE,2569.86,social_media
9089,2026-06-25,2008-06-25,18,PE,2689.91,social_media
9090,2023-03-14,1995-03-14,28,MG,11264.89,social_media
9091,2025-10-14,1972-10-14,53,SP,8077.02,referral
9092,2026-01-21,1986-01-21,40,PE,6530.2,partner
9093,2023-08-03,1990-08-03,33,MG,1959.04,paid_search
9094,2025-10-08,1973-10-08,52,MG,8566.13,organic
9095,2025-03-23,2007-03-24,18,PE,6331.35,organic
9096,2024-09-04,1992-09-04,32,SP,3589.81,paid_search
9097,2023-12-16,1978-12-16,45,SP,3838.94,referral
9098,2025-08-03,1968-08-03,57,PE,20444.87,organic
9099,2025-09-21,1991-09-22,34,PR,6621.47,referral
9100,2023-04-20,1974-04-20,49,CE,3236.13,paid_search
9101,2024-07-06,1989-07-07,35,RJ,6570.33,organic
9102,2026-02-09,1984-02-10,42,PE,5806.59,partner
9103,2024-01-01,1987-01-01,37,CE,3293.87,paid_search
9104,2025-04-17,1990-04-18,35,BA,1653.38,partner
9105,2024-01-05,1987-01-05,37,SP,2320.92,organic
9106,2026-04-26,1995-04-27,31,SP,2989.88,referral
9107,2024-08-31,1975-09-01,49,RJ,5417.22,paid_search
9108,2026-03-19,1988-03-19,38,PR,10628.3,partner
9109,2023-12-21,1983-12-21,40,BA,4552.84,partner
9110,2023-03-17,2005-03-17,18,RJ,1737.32,social_media
9111,2023-02-05,1983-02-05,40,SP,3910.71,organic
9112,2025-06-12,1978-06-13,47,BA,1803.43,organic
9113,2024-06-04,1983-06-05,41,SP,4280.54,organic
9114,2024-04-18,1982-04-19,42,CE,12110.35,paid_search
9115,2026-04-29,1984-04-29,42,RJ,2447.78,paid_search
9116,2025-08-04,1987-08-05,38,PE,11364.32,paid_search
9117,2024-09-01,1999-09-02,25,RS,5492.76,social_media
9118,2023-09-19,1985-09-19,38,SP,3305.92,organic
9119,2025-05-12,1989-05-12,36,PR,2770.5,referral
9120,2023-11-30,1995-11-30,28,SP,1998.23,organic
9121,2025-01-14,1999-01-15,26,SP,4221.43,organic
9122,2023-03-28,1980-03-28,43,PR,4093.42,partner
9123,2024-12-31,1998-01-01,27,RJ,2463.93,paid_search
9124,2025-08-01,2000-08-01,25,SP,1902.98,paid_search
9125,2025-02-11,1998-02-12,27,SP,4159.37,paid_search
9126,2025-11-11,1980-11-11,45,PE,8369.01,referral
9127,2023-10-18,1979-10-18,44,BA,6614.69,paid_search
9128,2024-08-04,1976-08-04,48,BA,2786.73,organic
9129,2024-09-19,1988-09-19,36,SP,4450.69,organic
9130,2023-04-19,1984-04-19,39,SP,4584.02,paid_search
9131,2025-05-15,2001-05-15,24,SP,1500.0,social_media
9132,2026-01-04,1973-01-04,53,RS,5221.99,organic
9133,2025-07-25,1990-07-26,35,SP,2088.23,referral
9134,2023-05-01,1987-05-01,36,MG,7872.84,referral
9135,2023-12-25,1979-12-25,44,PR,7130.37,referral
9136,2023-01-06,1987-01-06,36,CE,11803.59,organic
9137,2025-01-07,1996-01-08,29,MG,15493.03,organic
9138,2023-12-21,1972-12-21,51,RS,2725.23,partner
9139,2024-03-19,1989-03-20,35,MG,2011.79,organic
9140,2024-02-24,1984-02-24,40,SP,2463.26,referral
9141,2024-02-16,1998-02-16,26,RS,1500.0,organic
9142,2026-06-28,1991-06-29,35,SP,6833.0,partner
9143,2024-11-23,1966-11-24,58,CE,11342.92,partner
9144,2023-12-31,1975-12-31,48,SP,3040.2,organic
9145,2023-12-21,1980-12-21,43,PR,8795.68,paid_search
9146,2025-01-12,1982-01-13,43,SP,5517.69,partner
9147,2024-04-03,1971-04-04,53,SP,8886.79,referral
9148,2024-06-06,1977-06-07,47,BA,3352.25,paid_search
9149,2026-05-23,1982-05-23,44,BA,4149.58,referral
9150,2024-04-09,1981-04-10,43,MG,8976.62,partner
9151,2023-01-05,1960-01-06,63,SP,3543.45,partner
9152,2025-07-14,1974-07-15,51,SP,6511.33,referral
9153,2023-02-27,2000-02-28,23,RS,5584.0,social_media
9154,2024-03-08,1985-03-09,39,CE,2865.55,referral
9155,2023-05-10,1978-05-10,45,RJ,6774.92,referral
9156,2025-03-02,1996-03-02,29,SP,1540.42,organic
9157,2025-05-22,2007-05-23,18,RS,4650.57,social_media
9158,2024-11-28,1998-11-29,26,PR,3707.94,paid_search
9159,2023-01-10,1994-01-10,29,BA,4770.4,social_media
9160,2026-03-04,1987-03-05,39,SP,6767.71,partner
9161,2024-05-23,1996-05-23,28,SP,6660.34,organic
9162,2025-04-08,1980-04-08,45,BA,6773.73,paid_search
9163,2026-01-20,1998-01-20,28,RJ,2275.17,organic
9164,2025-01-04,1993-01-04,32,MG,6023.33,paid_search
9165,2026-03-13,1990-03-13,36,CE,4571.87,paid_search
9166,2025-12-26,1962-12-27,63,RS,3274.53,partner
9167,2025-01-23,1988-01-24,37,SP,3417.0,partner
9168,2024-07-30,2006-07-31,18,SP,3161.07,paid_search
9169,2026-01-16,1981-01-16,45,RJ,1914.34,paid_search
9170,2024-04-19,1982-04-20,42,RS,7595.75,referral
9171,2024-03-16,1986-03-17,38,PR,11386.55,partner
9172,2023-02-24,1995-02-24,28,SP,2061.19,organic
9173,2023-10-30,1985-10-30,38,SP,10040.02,partner
9174,2024-07-24,1981-07-25,43,SP,3230.92,organic
9175,2024-01-29,1995-01-29,29,PR,4303.48,paid_search
9176,2025-01-08,2002-01-09,23,MG,3083.73,paid_search
9177,2025-11-23,1975-11-24,50,MG,4551.26,partner
9178,2025-11-30,1976-11-30,49,PR,10882.66,organic
9179,2026-03-05,1990-03-05,36,PE,6291.44,referral
9180,2023-08-15,1997-08-15,26,PR,2521.54,organic
9181,2025-07-01,2003-07-02,22,PE,3532.53,paid_search
9182,2023-03-30,1983-03-30,40,BA,2705.55,organic
9183,2026-02-13,1985-02-13,41,BA,6486.28,paid_search
9184,2024-12-23,1979-12-24,45,RJ,5689.15,referral
9185,2024-06-21,1980-06-21,44,RJ,7857.27,referral
9186,2026-06-07,1992-06-07,34,CE,11111.48,referral
9187,2023-08-26,1976-08-26,47,BA,4854.57,referral
9188,2025-06-27,1973-06-27,52,RS,8034.09,referral
9189,2025-10-28,1983-10-29,42,PE,4078.44,paid_search
9190,2025-07-17,1967-07-18,58,PR,6880.6,referral
9191,2025-02-10,1986-02-11,39,BA,3891.18,paid_search
9192,2026-06-17,1996-06-17,30,MG,4790.62,partner
9193,2026-07-22,1985-07-22,41,SP,2187.2,partner
9194,2023-12-22,1977-12-22,46,SP,9742.46,referral
9195,2025-01-03,1983-01-04,42,SP,3514.28,paid_search
9196,2025-01-17,1981-01-17,44,MG,7375.35,referral
9197,2024-10-05,1983-10-06,41,PR,2366.48,partner
9198,2023-12-31,1991-12-31,32,PR,10113.66,paid_search
9199,2026-05-14,2007-05-15,19,BA,2926.24,organic
9200,2025-01-19,1988-01-20,37,BA,6293.83,partner
9201,2024-03-17,1984-03-17,40,MG,3933.31,referral
9202,2024-12-30,1983-12-31,41,RS,4470.34,paid_search
9203,2026-05-04,1976-05-04,50,PE,7887.62,partner
9204,2025-05-16,1999-05-17,26,MG,6053.79,organic
9205,2025-02-09,1985-02-09,40,RJ,4091.12,partner
9206,2023-04-21,1976-04-21,47,SP,6374.24,organic
9207,2025-07-23,1995-07-24,30,RS,7158.02,partner
9208,2024-11-10,1974-11-11,50,MG,2680.41,organic
9209,2025-08-18,1992-08-18,33,SP,2797.45,organic
9210,2024-05-18,1983-05-19,41,RS,6288.61,partner
9211,2023-02-27,1979-02-27,44,RJ,5485.43,partner
9212,2024-06-12,1996-06-12,28,SP,4341.83,paid_search
9213,2024-06-12,1957-06-13,67,RJ,7914.82,partner
9214,2025-05-06,1978-05-07,47,PE,1552.35,referral
9215,2024-01-09,1982-01-09,42,PE,2426.19,paid_search
9216,2023-04-21,1994-04-21,29,PE,4187.76,social_media
9217,2025-11-18,1962-11-19,63,MG,4994.55,organic
9218,2023-09-10,1990-09-10,33,SP,1929.93,partner
9219,2023-03-01,1996-03-01,27,PR,2962.66,paid_search
9220,2025-02-23,2007-02-24,18,PR,6138.98,social_media
9221,2025-05-26,1977-05-26,48,RS,6902.48,referral
9222,2023-07-15,1982-07-15,41,PE,2501.99,referral
9223,2023-02-15,1976-02-16,47,MG,6391.74,organic
9224,2024-07-13,2004-07-13,20,SP,3532.56,social_media
9225,2024-10-19,1984-10-19,40,BA,8913.02,referral
9226,2025-01-03,1974-01-04,51,SP,2502.93,referral
9227,2024-05-23,1982-05-24,42,RS,6845.53,partner
9228,2026-01-29,1991-01-30,35,MG,8026.2,paid_search
9229,2024-11-02,1979-11-03,45,SP,7328.44,referral
9230,2025-04-15,1990-04-16,35,PE,7359.09,referral
9231,2025-06-18,1972-06-18,53,SP,2697.24,organic
9232,2026-04-22,1983-04-23,43,RJ,5187.86,paid_search
9233,2026-05-02,1989-05-02,37,PR,5905.6,organic
9234,2025-08-06,2007-08-07,18,MG,3557.74,organic
9235,2024-06-21,1987-06-22,37,PE,2609.12,partner
9236,2023-08-23,1968-08-23,55,RS,12866.37,partner
9237,2023-03-06,1996-03-06,27,SP,2315.01,social_media
9238,2025-11-05,2002-11-06,23,SP,2801.76,social_media
9239,2023-03-06,2005-03-06,18,RS,5267.47,organic
9240,2026-08-20,1990-08-20,36,BA,4232.6,organic
9241,2023-04-01,1986-04-01,37,MG,2002.53,referral
9242,2024-06-06,1986-06-07,38,SP,6735.92,partner
9243,2025-08-20,1966-08-21,59,RS,2141.75,partner
9244,2023-09-28,1961-09-28,62,SP,14044.92,referral
9245,2023-05-26,1995-05-26,28,SP,3133.34,social_media
9246,2023-01-01,1979-01-01,44,PE,11100.98,partner
9247,2026-08-08,2006-08-08,20,PE,2235.82,paid_search
9248,2024-10-29,1977-10-30,47,CE,4225.58,paid_search
9249,2023-06-10,1980-06-10,43,SP,2911.29,organic
9250,2025-10-05,1996-10-05,29,SP,3001.51,organic
9251,2023-05-28,2005-05-28,18,BA,3104.53,social_media
9252,2023-12-15,2004-12-15,19,PR,1500.0,paid_search
9253,2024-10-14,1977-10-15,47,SP,9702.33,referral
9254,2023-05-20,1998-05-20,25,MG,4007.89,social_media
9255,2025-10-10,1990-10-11,35,RS,4147.99,partner
9256,2026-06-29,1966-06-29,60,PR,14832.51,referral
9257,2023-08-02,2000-08-02,23,PE,2323.83,organic
9258,2023-03-07,1988-03-07,35,SP,3499.2,partner
9259,2023-04-03,1986-04-03,37,BA,8981.01,partner
9260,2025-09-06,1976-09-06,49,BA,2803.91,referral
9261,2026-04-18,1991-04-19,35,PR,4237.37,partner
9262,2024-03-15,1985-03-16,39,CE,1500.0,organic
9263,2025-04-05,1976-04-05,49,PR,7640.89,partner
9264,2025-03-01,2003-03-02,22,RJ,4932.31,social_media
9265,2024-06-26,1979-06-27,45,PE,7179.87,referral
9266,2024-08-19,1973-08-20,51,SP,12966.28,organic
9267,2025-04-05,1973-04-05,52,SP,5409.05,referral
9268,2023-10-26,1986-10-26,37,PE,5997.76,organic
9269,2024-07-23,1988-07-23,36,MG,10616.37,partner
9270,2024-05-30,1981-05-31,43,RS,6825.57,partner
9271,2023-12-11,1987-12-11,36,SP,3847.52,partner
9272,2025-03-02,1964-03-02,61,PR,4603.36,referral
9273,2023-04-19,1978-04-19,45,MG,1500.0,partner
9274,2024-06-28,1983-06-29,41,PR,7479.83,organic
9275,2023-09-27,1988-09-27,35,PE,4281.39,organic
9276,2025-06-17,2005-06-17,20,PR,3298.04,organic
9277,2025-06-29,1983-06-30,42,SP,7407.48,partner
9278,2025-06-30,1992-06-30,33,SP,12749.48,partner
9279,2023-05-08,1976-05-08,47,PE,5787.6,referral
9280,2024-07-09,1981-07-10,43,MG,9655.63,referral
9281,2023-05-19,1998-05-19,25,PR,2521.28,paid_search
9282,2023-05-14,1980-05-14,43,BA,9519.45,partner
9283,2023-07-09,2000-07-09,23,RJ,4831.28,social_media
9284,2025-08-29,1986-08-30,39,SP,3941.76,referral
9285,2024-06-15,1995-06-16,29,SP,3235.5,organic
9286,2025-04-15,1985-04-15,40,SP,4891.86,organic
9287,2023-03-14,1996-03-14,27,SP,3322.58,paid_search
9288,2026-08-07,1959-08-08,67,RS,7659.59,referral
9289,2026-08-10,1992-08-10,34,SP,1983.61,organic
9290,2026-01-08,2008-01-09,18,RJ,1500.0,social_media
9291,2024-07-28,1976-07-28,48,PE,2294.58,organic
9292,2026-03-18,1994-03-18,32,SP,4153.66,partner
9293,2023-07-07,1993-07-07,30,SP,5704.24,paid_search
9294,2025-05-26,1989-05-26,36,CE,6515.21,organic
9295,2023-06-07,2000-06-07,23,MG,5687.97,organic
9296,2024-02-20,1992-02-20,32,SP,2124.15,referral
9297,2023-12-07,1985-12-07,38,BA,5522.07,organic
9298,2024-11-02,2004-11-02,20,PR,2246.23,organic
9299,2026-07-04,2004-07-04,22,SP,3356.77,organic
9300,2025-03-02,2002-03-03,23,PE,2587.35,organic
9301,2026-04-22,2008-04-22,18,BA,5950.64,organic
9302,2025-08-03,1980-08-03,45,SP,5698.19,referral
9303,2025-01-27,1979-01-28,46,CE,6773.21,partner
9304,2024-06-20,1976-06-20,48,MG,6508.08,paid_search
9305,2023-02-17,1972-02-18,51,RS,3628.43,referral
9306,2023-10-04,1991-10-04,32,PR,4874.8,paid_search
9307,2023-12-13,2005-12-13,18,RS,8788.0,social_media
9308,2024-12-20,1989-12-21,35,RS,4522.75,organic
9309,2024-04-26,1985-04-27,39,MG,1883.74,paid_search
9310,2023-08-09,1978-08-09,45,PE,8805.62,partner
9311,2023-10-14,1968-10-14,55,RS,4118.01,organic
9312,2023-04-21,1992-04-21,31,RJ,5399.54,paid_search
9313,2025-01-28,1989-01-28,36,RS,1629.0,paid_search
9314,2023-04-11,1993-04-11,30,RJ,4469.05,paid_search
9315,2024-02-28,1970-02-28,54,PE,5706.02,referral
9316,2026-07-14,1983-07-15,43,MG,1568.2,paid_search
9317,2023-02-06,1971-02-06,52,RJ,5923.35,organic
9318,2025-11-03,2005-11-03,20,MG,3624.51,social_media
9319,2024-10-12,1971-10-13,53,CE,5511.82,organic
9320,2024-05-23,1995-05-24,29,RS,2445.49,social_media
9321,2025-01-12,1973-01-12,52,PR,3957.59,organic
9322,2025-06-11,1989-06-11,36,RJ,3948.45,organic
9323,2024-01-01,1989-01-01,35,SP,11140.67,partner
9324,2024-07-10,1974-07-11,50,RJ,7414.11,partner
9325,2023-03-01,1974-03-01,49,PR,9026.67,paid_search
9326,2023-11-10,1996-11-10,27,RS,5284.32,organic
9327,2023-03-17,1974-03-17,49,MG,7247.46,paid_search
9328,2025-04-02,1980-04-02,45,SP,10122.99,referral
9329,2026-06-29,2004-06-29,22,SP,6757.32,social_media
9330,2024-07-13,1974-07-14,50,PE,3634.96,partner
9331,2024-11-28,1976-11-28,48,RJ,9169.58,paid_search
9332,2026-08-28,1991-08-29,35,BA,7213.63,referral
9333,2024-12-06,1988-12-06,36,BA,1885.86,partner
9334,2025-04-15,1991-04-16,34,PR,8179.18,partner
9335,2025-03-07,2000-03-07,25,CE,10853.39,paid_search
9336,2023-09-09,1973-09-09,50,PE,1956.57,organic
9337,2024-11-26,1966-11-27,58,SP,4673.77,partner
9338,2024-12-21,2003-12-22,21,SP,9111.74,paid_search
9339,2023-02-16,1994-02-16,29,SP,4747.23,paid_search
9340,2025-12-29,1993-12-29,32,MG,5920.77,organic
9341,2025-12-27,1980-12-27,45,RJ,3569.96,paid_search
9342,2025-06-04,1981-06-04,44,MG,10332.59,organic
9343,2026-07-25,1975-07-26,51,MG,6174.33,partner
9344,2024-12-28,1983-12-29,41,CE,11116.56,partner
9345,2025-08-17,1990-08-18,35,CE,2832.37,organic
9346,2026-03-06,1976-03-06,50,BA,4868.34,partner
9347,2023-03-02,1960-03-02,63,PR,11398.8,referral
9348,2023-07-02,1965-07-02,58,CE,5480.54,organic
9349,2025-09-24,1993-09-24,32,RJ,2331.92,referral
9350,2024-04-25,2002-04-26,22,BA,1756.3,organic
9351,2024-10-17,1980-10-17,44,SP,5893.51,partner
9352,2025-11-19,1989-11-19,36,BA,3354.91,organic
9353,2025-01-31,1984-02-01,41,BA,1930.32,partner
9354,2025-11-11,1993-11-11,32,SP,2636.53,referral
9355,2023-04-05,1973-04-05,50,PE,7411.11,partner
9356,2024-06-08,1980-06-08,44,PE,6044.78,organic
9357,2026-08-17,2004-08-17,22,BA,2121.36,social_media
9358,2026-04-23,1968-04-23,58,SP,2718.66,referral
9359,2025-08-14,1995-08-15,30,SP,4761.91,referral
9360,2025-07-03,1983-07-04,42,BA,5253.5,partner
9361,2026-07-28,1996-07-28,30,CE,3855.54,partner
9362,2024-08-07,1988-08-07,36,SP,10633.81,partner
9363,2024-06-24,1968-06-24,56,MG,8191.11,referral
9364,2025-06-24,1995-06-25,30,PE,2548.72,organic
9365,2023-10-24,1987-10-24,36,SP,6278.28,paid_search
9366,2025-06-17,1998-06-18,27,SP,5390.4,organic
9367,2023-02-11,1986-02-11,37,PR,4686.61,paid_search
9368,2025-03-19,1982-03-20,43,SP,2707.15,organic
9369,2025-03-27,1986-03-28,39,RJ,3433.33,referral
9370,2025-10-23,1962-10-24,63,SP,9781.46,referral
9371,2023-01-08,1965-01-08,58,MG,5422.33,organic
9372,2024-11-14,1990-11-15,34,RJ,5348.1,partner
9373,2025-05-05,1960-05-05,65,BA,9280.99,organic
9374,2024-01-19,2003-01-19,21,RJ,6358.09,paid_search
9375,2026-07-31,1994-07-31,32,BA,11010.74,organic
9376,2026-03-07,2008-03-07,18,RJ,4880.3,organic
9377,2026-07-12,1988-07-12,38,MG,7257.56,paid_search
9378,2024-05-13,1985-05-14,39,RJ,7077.22,paid_search
9379,2024-07-28,1967-07-29,57,PE,3298.62,organic
9380,2025-02-14,1987-02-15,38,SP,3852.2,referral
9381,2024-10-20,2006-10-21,18,BA,4935.91,organic
9382,2024-11-04,1973-11-05,51,PE,3802.23,organic
9383,2025-12-05,1973-12-05,52,SP,20457.2,partner
9384,2026-03-29,2005-03-29,21,SP,3370.51,social_media
9385,2023-09-19,2001-09-19,22,SP,12154.88,social_media
9386,2024-08-29,1990-08-30,34,RS,7022.05,organic
9387,2023-09-09,1985-09-09,38,RS,2841.05,paid_search
9388,2026-01-01,1969-01-01,57,MG,9963.67,organic
9389,2025-05-08,1991-05-09,34,BA,2700.13,referral
9390,2023-08-12,1978-08-12,45,SP,2440.11,organic
9391,2024-10-12,1981-10-13,43,MG,2244.25,paid_search
9392,2024-01-12,2004-01-12,20,SP,3385.56,social_media
9393,2026-08-05,1972-08-05,54,SP,4031.04,referral
9394,2023-05-02,1994-05-02,29,SP,2359.7,paid_search
9395,2024-07-22,1980-07-22,44,PR,7344.18,referral
9396,2025-01-20,1988-01-21,37,PE,5194.93,organic
9397,2023-03-19,1993-03-19,30,SP,1500.0,organic
9398,2024-03-26,2005-03-27,19,PE,2922.91,organic
9399,2025-01-29,1997-01-29,28,PE,2399.87,paid_search
9400,2023-01-04,1966-01-04,57,PR,9651.1,referral
9401,2025-02-06,1971-02-07,54,SP,3465.63,referral
9402,2024-04-04,2006-04-05,18,BA,3569.56,social_media
9403,2023-09-18,1985-09-18,38,BA,11286.49,organic
9404,2024-03-21,1979-03-22,45,MG,5772.19,referral
9405,2025-11-04,1980-11-04,45,SP,1500.0,organic
9406,2025-03-14,1994-03-15,31,PR,7945.26,referral
9407,2024-04-03,1999-04-04,25,PE,4651.99,paid_search
9408,2024-01-02,2006-01-02,18,PR,9698.47,social_media
9409,2024-08-23,1965-08-24,59,MG,19369.84,organic
9410,2026-08-19,1998-08-19,28,SP,6834.79,organic
9411,2025-08-17,1968-08-17,57,RS,5510.58,organic
9412,2023-08-06,1993-08-06,30,MG,11758.6,organic
9413,2023-08-10,1998-08-10,25,SP,1831.35,paid_search
9414,2023-04-17,1968-04-17,55,PE,10803.21,referral
9415,2025-04-12,1988-04-12,37,CE,5169.47,organic
9416,2026-06-15,1977-06-15,49,MG,8150.17,paid_search
9417,2025-06-06,1987-06-07,38,BA,4861.25,partner
9418,2023-09-25,1992-09-25,31,SP,6551.44,organic
9419,2026-07-29,1993-07-29,33,BA,3671.62,partner
9420,2025-06-29,1977-06-29,48,CE,4187.98,referral
9421,2024-07-09,1988-07-09,36,PE,10659.97,referral
9422,2024-02-18,1992-02-18,32,SP,5955.78,partner
9423,2023-03-31,1993-03-31,30,SP,3374.4,partner
9424,2026-02-02,1986-02-02,40,PR,10154.84,organic
9425,2023-10-07,1983-10-07,40,BA,3418.46,paid_search
9426,2025-04-06,1993-04-06,32,BA,3652.02,referral
9427,2024-10-16,1989-10-17,35,PR,5769.51,referral
9428,2026-01-12,1994-01-12,32,SP,3602.52,paid_search
9429,2025-06-17,1997-06-17,28,RJ,3260.37,paid_search
9430,2023-07-16,1988-07-16,35,PR,2835.56,partner
9431,2026-02-27,1999-02-28,27,SP,2053.69,social_media
9432,2023-02-12,1986-02-12,37,MG,1737.16,paid_search
9433,2024-03-04,1962-03-05,62,SP,4879.19,organic
9434,2025-01-13,1965-01-13,60,SP,4087.32,referral
9435,2024-06-12,1987-06-13,37,PR,3464.57,referral
9436,2023-06-11,1975-06-11,48,MG,4878.67,paid_search
9437,2026-05-25,1985-05-25,41,SP,1500.0,paid_search
9438,2023-02-05,2005-02-05,18,MG,2295.88,organic
9439,2023-06-27,1979-06-27,44,PE,2271.95,referral
9440,2026-04-10,1975-04-11,51,SP,4004.61,organic
9441,2024-04-29,1976-04-29,48,SP,5089.06,referral
9442,2023-11-15,1972-11-15,51,RJ,17274.54,organic
9443,2024-03-25,1977-03-26,47,RS,8321.98,referral
9444,2025-06-23,1987-06-24,38,RJ,8310.1,organic
9445,2025-06-08,1983-06-09,42,SP,5691.73,referral
9446,2026-02-28,1974-02-28,52,BA,4410.42,referral
9447,2025-10-29,2007-10-30,18,SP,2445.02,social_media
9448,2025-06-07,2001-06-07,24,CE,1727.18,paid_search
9449,2025-03-10,1985-03-10,40,RS,2385.97,paid_search
9450,2024-02-19,1970-02-19,54,SP,2264.18,referral
9451,2025-07-27,1996-07-27,29,PR,10065.6,organic
9452,2024-08-08,2001-08-09,23,PR,2406.75,organic
9453,2025-06-26,1977-06-26,48,CE,2432.88,partner
9454,2023-11-01,1986-11-01,37,SP,4211.86,organic
9455,2025-03-15,1972-03-15,53,RJ,9436.4,partner
9456,2024-10-08,1971-10-09,53,RS,4856.98,referral
9457,2024-05-13,1995-05-14,29,SP,3714.71,paid_search
9458,2026-03-14,1981-03-14,45,PR,4576.88,paid_search
9459,2026-06-15,1983-06-16,43,RS,3227.6,partner
9460,2026-05-15,1994-05-15,32,RS,4140.15,referral
9461,2025-05-01,1982-05-02,43,CE,5507.53,partner
9462,2026-07-15,1975-07-16,51,SP,5258.24,organic
9463,2024-05-21,2006-05-22,18,PE,7856.69,organic
9464,2023-04-03,1971-04-03,52,SP,2615.22,organic
9465,2023-07-24,2003-07-24,20,BA,2770.2,organic
9466,2026-01-11,1980-01-12,46,MG,7254.15,partner
9467,2023-08-12,1996-08-12,27,SP,6868.77,social_media
9468,2025-12-07,1988-12-07,37,BA,3468.84,partner
9469,2024-09-18,2006-09-19,18,SP,1500.0,organic
9470,2023-12-13,1976-12-13,47,RS,4476.89,organic
9471,2026-06-27,1982-06-27,44,RJ,3353.6,referral
9472,2025-06-10,1989-06-10,36,SP,2157.52,partner
9473,2023-04-01,1962-04-01,61,RJ,5822.77,organic
9474,2024-02-04,1997-02-04,27,SP,5541.74,paid_search
9475,2025-07-30,1991-07-31,34,BA,5321.25,organic
9476,2023-11-17,1997-11-17,26,SP,4996.14,social_media
9477,2024-06-07,1976-06-07,48,SP,1727.85,organic
9478,2025-07-21,2000-07-21,25,RJ,5671.66,paid_search
9479,2023-07-17,1990-07-17,33,PE,9748.17,referral
9480,2026-08-14,1975-08-15,51,RJ,3041.72,referral
9481,2025-10-02,1979-10-03,46,SP,2583.68,partner
9482,2025-09-16,1988-09-16,37,PE,2903.88,organic
9483,2025-12-27,1987-12-28,38,RJ,4815.28,partner
9484,2026-03-10,1994-03-10,32,SP,4662.87,partner
9485,2026-03-17,1985-03-17,41,SP,9626.16,partner
9486,2024-03-12,1985-03-13,39,MG,5355.42,referral
9487,2023-04-23,1978-04-23,45,PE,4053.26,organic
9488,2024-02-17,2006-02-17,18,PR,2802.96,organic
9489,2024-12-16,1977-12-17,47,PE,21584.23,organic
9490,2024-08-18,1960-08-18,64,PR,11092.41,referral
9491,2024-10-06,1979-10-07,45,SP,12186.13,partner
9492,2025-01-07,1999-01-08,26,RJ,5798.39,organic
9493,2024-05-14,1991-05-15,33,SP,6397.88,partner
9494,2026-03-09,1989-03-09,37,BA,3506.43,referral
9495,2024-07-04,2000-07-04,24,RS,10091.45,paid_search
9496,2025-06-15,1965-06-15,60,RS,4285.61,partner
9497,2024-12-23,1983-12-24,41,RJ,7974.67,partner
9498,2025-05-19,2000-05-19,25,SP,2338.94,social_media
9499,2025-11-24,1977-11-24,48,PR,6291.37,organic
9500,2025-08-01,1994-08-02,31,SP,5627.61,referral
9501,2025-03-21,1996-03-21,29,MG,5060.51,organic
9502,2026-07-19,1991-07-20,35,RS,6744.65,organic
9503,2024-05-11,1987-05-12,37,PR,2865.51,referral
9504,2025-04-09,1981-04-09,44,SP,7918.24,paid_search
9505,2024-05-05,1995-05-06,29,PR,3024.2,social_media
9506,2023-05-22,1976-05-22,47,SP,5203.58,paid_search
9507,2025-12-22,2003-12-23,22,PR,4779.29,social_media
9508,2024-05-31,2000-05-31,24,SP,1944.18,social_media
9509,2023-09-02,1987-09-02,36,SP,4780.9,organic
9510,2023-01-31,1989-01-31,34,PR,5670.47,partner
9511,2025-08-10,1990-08-11,35,RS,2759.33,partner
9512,2023-05-26,1977-05-26,46,SP,3310.93,partner
9513,2024-02-28,1986-02-28,38,BA,13993.77,paid_search
9514,2024-03-12,1984-03-12,40,PE,3042.38,partner
9515,2025-10-14,1980-10-14,45,RJ,1714.05,organic
9516,2024-02-09,1975-02-09,49,SP,1564.49,paid_search
9517,2023-03-31,1997-03-31,26,MG,9557.93,paid_search
9518,2023-10-07,1977-10-07,46,SP,9814.01,organic
9519,2026-07-11,1977-07-11,49,BA,9194.35,organic
9520,2023-05-14,1980-05-14,43,RS,10774.37,partner
9521,2026-02-01,1996-02-02,30,SP,10630.79,referral
9522,2025-03-02,1977-03-02,48,SP,11840.11,partner
9523,2025-12-23,1982-12-24,43,CE,6530.26,organic
9524,2024-05-06,1981-05-07,43,RS,3269.65,referral
9525,2024-04-20,1997-04-21,27,RJ,6805.82,paid_search
9526,2023-03-04,1986-03-04,37,SP,6510.28,paid_search
9527,2025-01-22,1997-01-22,28,RJ,2930.81,organic
9528,2024-06-29,1998-06-30,26,SP,4030.23,paid_search
9529,2025-07-21,1979-07-22,46,BA,9174.17,paid_search
9530,2023-01-14,1999-01-14,24,RS,4134.37,social_media
9531,2026-01-02,1970-01-02,56,SP,7382.4,organic
9532,2024-04-14,1983-04-15,41,MG,7850.47,referral
9533,2025-02-08,2007-02-09,18,RJ,4673.68,paid_search
9534,2023-03-23,1979-03-23,44,MG,7131.58,referral
9535,2026-07-18,1982-07-18,44,PR,24591.77,referral
9536,2024-03-20,1968-03-20,56,RS,4919.24,organic
9537,2023-06-12,1969-06-12,54,RJ,12053.17,organic
9538,2023-05-07,1993-05-07,30,SP,7593.23,referral
9539,2024-12-13,1983-12-14,41,SP,3008.86,organic
9540,2024-08-10,2002-08-11,22,MG,3817.58,organic
9541,2023-12-21,1974-12-21,49,SP,5361.13,partner
9542,2026-05-16,1980-05-16,46,BA,3172.48,organic
9543,2024-06-16,1975-06-17,49,MG,4787.83,organic
9544,2023-03-03,1977-03-03,46,SP,2323.46,partner
9545,2024-01-01,1980-01-01,44,CE,2482.31,partner
9546,2026-01-16,1999-01-17,27,BA,3069.73,paid_search
9547,2026-02-03,1997-02-03,29,RS,2798.52,social_media
9548,2023-10-25,1978-10-25,45,RS,1500.0,paid_search
9549,2024-07-21,1992-07-21,32,SP,2269.02,referral
9550,2024-06-27,1975-06-28,49,BA,1500.0,organic
9551,2026-05-09,2000-05-09,26,BA,3634.62,social_media
9552,2025-12-27,1996-12-27,29,MG,2848.74,paid_search
9553,2026-04-27,2008-04-27,18,SP,4889.36,paid_search
9554,2025-07-01,1972-07-01,53,BA,7721.63,partner
9555,2024-01-25,1993-01-25,31,RS,5214.64,paid_search
9556,2024-12-05,2006-12-06,18,MG,10035.11,organic
9557,2025-07-02,1974-07-03,51,PE,4701.61,referral
9558,2025-02-25,1993-02-25,32,SP,6812.56,paid_search
9559,2025-12-08,1967-12-09,58,SP,8936.37,partner
9560,2023-08-16,1979-08-16,44,PE,6354.21,paid_search
9561,2026-02-17,1986-02-17,40,PR,10358.26,paid_search
9562,2024-11-12,1968-11-12,56,BA,13591.52,organic
9563,2025-08-09,1991-08-10,34,SP,1500.0,referral
9564,2026-01-28,1972-01-29,54,SP,9061.27,partner
9565,2026-07-11,1989-07-11,37,RJ,3563.76,referral
9566,2025-06-06,1971-06-07,54,RJ,3029.96,partner
9567,2026-02-21,1999-02-22,27,SP,7037.31,social_media
9568,2024-09-20,1988-09-20,36,PR,4296.49,paid_search
9569,2025-03-20,2000-03-20,25,RJ,4289.86,paid_search
9570,2026-02-25,2008-02-26,18,MG,1634.11,paid_search
9571,2024-04-23,1996-04-23,28,MG,2216.64,organic
9572,2025-11-04,1975-11-05,50,RJ,18303.83,referral
9573,2026-02-28,1984-02-29,42,SP,7285.46,partner
9574,2023-02-26,1987-02-26,36,PE,4933.82,referral
9575,2025-05-23,1976-05-23,49,RS,3265.72,partner
9576,2023-11-11,1986-11-11,37,SP,2695.72,paid_search
9577,2026-06-02,1970-06-02,56,RS,1995.63,partner
9578,2025-01-21,1993-01-21,32,RS,3503.56,paid_search
9579,2025-06-20,1975-06-21,50,PE,2894.81,referral
9580,2025-11-05,1990-11-06,35,RS,2503.3,referral
9581,2024-02-26,2006-02-26,18,RJ,4814.01,organic
9582,2023-05-09,1977-05-09,46,BA,4234.59,organic
9583,2025-10-23,2007-10-24,18,RS,3298.15,organic
9584,2026-04-22,1996-04-22,30,PR,5412.68,paid_search
9585,2024-04-28,1997-04-29,27,SP,3845.39,organic
9586,2025-01-15,1996-01-16,29,RJ,3015.36,social_media
9587,2023-08-06,1982-08-06,41,PE,1659.59,referral
9588,2023-04-02,1985-04-02,38,RJ,3280.99,referral
9589,2026-04-26,1985-04-26,41,RS,1500.0,organic
9590,2023-04-21,1985-04-21,38,SP,12328.29,paid_search
9591,2024-03-20,2006-03-21,18,SP,7803.58,social_media
9592,2023-08-15,1980-08-15,43,BA,10366.36,organic
9593,2023-10-26,1987-10-26,36,SP,3149.89,paid_search
9594,2026-07-02,1987-07-03,39,SP,3954.81,paid_search
9595,2025-03-05,1964-03-05,61,CE,4250.19,referral
9596,2024-05-30,1960-05-30,64,BA,10827.94,referral
9597,2023-10-29,1989-10-29,34,CE,4528.24,partner
9598,2025-12-02,2001-12-02,24,MG,1680.68,social_media
9599,2024-12-16,1980-12-16,44,RJ,4747.3,referral
9600,2025-07-03,1991-07-04,34,RJ,4592.48,paid_search
9601,2024-08-31,1995-09-01,29,SP,4124.41,organic
9602,2024-03-19,1972-03-19,52,SP,2467.12,referral
9603,2023-09-24,1992-09-24,31,PR,6132.86,partner
9604,2024-10-16,1989-10-17,35,SP,4108.83,referral
9605,2024-08-07,1986-08-08,38,RS,6545.0,referral
9606,2024-01-29,1989-01-29,35,SP,2634.34,organic
9607,2025-09-03,1965-09-03,60,BA,3396.6,referral
9608,2024-07-22,1982-07-23,42,BA,1832.55,organic
9609,2025-08-24,1982-08-25,43,MG,4747.57,paid_search
9610,2025-02-22,2000-02-23,25,RS,2474.38,paid_search
9611,2023-10-14,1997-10-14,26,RJ,3555.71,paid_search
9612,2026-03-24,1988-03-24,38,RS,3123.22,referral
9613,2024-07-15,1999-07-16,25,CE,2450.74,organic
9614,2024-10-06,1992-10-06,32,CE,8292.97,paid_search
9615,2023-04-06,1980-04-06,43,SP,2105.43,referral
9616,2024-04-27,1985-04-28,39,RS,5918.68,partner
9617,2023-02-04,2001-02-04,22,SP,2201.61,organic
9618,2024-06-16,1987-06-17,37,PE,2530.14,partner
9619,2026-02-14,1984-02-15,42,SP,4600.78,referral
9620,2025-03-25,1999-03-26,26,PE,5488.68,social_media
9621,2026-01-22,1980-01-23,46,SP,4849.68,organic
9622,2024-11-01,1992-11-01,32,PE,9109.67,organic
9623,2024-11-13,2001-11-14,23,SP,2444.73,social_media
9624,2025-08-02,1996-08-02,29,CE,4660.98,organic
9625,2023-07-22,1991-07-22,32,CE,4910.0,paid_search
9626,2026-02-12,1988-02-13,38,RS,2574.33,referral
9627,2025-08-27,1998-08-28,27,SP,10806.11,paid_search
9628,2024-08-17,1992-08-17,32,SP,1827.34,paid_search
9629,2025-11-30,1999-12-01,26,PR,3614.96,organic
9630,2025-07-21,1990-07-22,35,SP,4802.84,paid_search
9631,2026-02-04,1996-02-05,30,RS,6364.12,organic
9632,2026-04-18,2006-04-18,20,BA,3682.56,social_media
9633,2026-07-22,1987-07-23,39,BA,3451.52,partner
9634,2024-10-10,1994-10-11,30,RS,1500.0,paid_search
9635,2023-01-14,1963-01-14,60,SP,4471.88,partner
9636,2026-08-26,1983-08-27,43,RJ,1500.0,referral
9637,2023-06-18,1986-06-18,37,RS,8783.83,paid_search
9638,2026-05-07,1991-05-08,35,SP,6858.55,organic
9639,2023-12-28,2004-12-28,19,RS,14400.71,organic
9640,2023-04-22,1978-04-22,45,SP,3203.32,paid_search
9641,2023-12-14,1986-12-14,37,PR,4032.89,paid_search
9642,2024-12-07,1997-12-08,27,RJ,2542.89,paid_search
9643,2025-12-23,1981-12-23,44,SP,17426.57,paid_search
9644,2023-02-03,1980-02-04,43,RJ,7247.29,organic
9645,2023-06-06,1990-06-06,33,SP,6957.64,partner
9646,2024-12-18,1992-12-18,32,CE,1887.13,referral
9647,2024-11-12,1976-11-12,48,BA,6313.23,organic
9648,2023-05-17,1964-05-17,59,MG,7449.99,organic
9649,2023-02-27,1997-02-27,26,SP,2184.67,paid_search
9650,2023-08-08,1986-08-08,37,SP,3638.85,referral
9651,2023-05-03,1978-05-03,45,RJ,1651.42,partner
9652,2024-05-19,1987-05-20,37,MG,3791.58,referral
9653,2026-05-24,1975-05-25,51,RS,4057.89,referral
9654,2024-06-07,1990-06-08,34,SP,5125.98,organic
9655,2025-10-10,1993-10-10,32,PE,3370.77,referral
9656,2026-01-09,1977-01-09,49,BA,3412.68,paid_search
9657,2025-08-15,1992-08-15,33,SP,1500.0,organic
9658,2024-12-25,1979-12-26,45,SP,3470.58,referral
9659,2025-09-02,1999-09-03,26,BA,4095.24,paid_search
9660,2026-02-01,1970-02-01,56,SP,7462.64,organic
9661,2025-02-11,1979-02-12,46,PE,7145.48,referral
9662,2025-12-16,1992-12-16,33,CE,4207.92,referral
9663,2024-12-18,1991-12-19,33,CE,3752.64,partner
9664,2025-05-22,1986-05-23,39,CE,4195.36,partner
9665,2023-05-27,1965-05-27,58,SP,10787.24,referral
9666,2024-05-26,1979-05-27,45,PE,1766.79,referral
9667,2024-04-24,2000-04-24,24,RS,10076.61,social_media
9668,2025-08-14,1993-08-14,32,CE,5883.03,organic
9669,2025-05-28,1991-05-29,34,RJ,1695.09,referral
9670,2024-10-06,1989-10-07,35,PE,1500.0,organic
9671,2024-06-13,1990-06-14,34,PR,2798.59,paid_search
9672,2025-03-29,1978-03-30,47,SP,4483.96,referral
9673,2023-07-16,2001-07-16,22,PE,7210.57,social_media
9674,2024-01-22,1996-01-22,28,SP,6639.79,paid_search
9675,2023-06-12,1990-06-12,33,SP,2179.94,partner
9676,2023-07-02,1976-07-02,47,SP,5476.1,partner
9677,2023-08-29,1975-08-29,48,PE,3602.52,partner
9678,2025-10-24,1993-10-24,32,RJ,8087.98,partner
9679,2025-12-10,1997-12-10,28,MG,2076.7,paid_search
9680,2025-08-24,2000-08-24,25,SP,2838.98,social_media
9681,2026-05-26,2003-05-27,23,CE,4121.95,paid_search
9682,2025-04-16,2006-04-17,19,BA,2737.16,social_media
9683,2025-01-14,1989-01-14,36,RS,4752.39,partner
9684,2024-02-09,2006-02-09,18,RJ,3489.81,organic
9685,2023-01-23,1986-01-23,37,PE,3314.92,organic
9686,2025-10-12,1982-10-13,43,RJ,5437.71,paid_search
9687,2023-03-07,1987-03-07,36,RS,6478.85,organic
9688,2023-08-26,1986-08-26,37,BA,2964.53,partner
9689,2024-07-31,1995-08-01,29,SP,2627.41,paid_search
9690,2024-08-24,1984-08-24,40,BA,6837.9,referral
9691,2025-02-13,1993-02-13,32,RJ,2066.13,organic
9692,2023-01-22,1979-01-22,44,RJ,5203.34,paid_search
9693,2025-06-12,2007-06-13,18,PE,4576.12,paid_search
9694,2023-10-21,1991-10-21,32,SP,6874.02,partner
9695,2025-08-24,2005-08-24,20,RJ,4177.62,organic
9696,2025-06-06,1996-06-06,29,RS,6709.79,paid_search
9697,2023-02-02,1981-02-02,42,MG,3164.47,partner
9698,2026-08-10,2001-08-10,25,BA,1645.73,organic
9699,2024-03-07,1978-03-08,46,PE,6743.27,paid_search
9700,2023-06-10,1978-06-10,45,CE,3546.63,organic
9701,2026-04-25,1995-04-26,31,SP,6286.41,partner
9702,2025-01-08,2005-01-08,20,RJ,3453.96,organic
9703,2024-05-06,1979-05-07,45,CE,3883.44,partner
9704,2023-06-08,2005-06-08,18,SP,2032.52,paid_search
9705,2024-12-05,2002-12-06,22,MG,6399.86,organic
9706,2023-11-23,1989-11-23,34,PR,7349.62,organic
9707,2026-01-25,1979-01-26,47,BA,3816.77,paid_search
9708,2025-11-25,1990-11-26,35,RJ,15713.55,organic
9709,2023-04-26,1999-04-26,24,RJ,6276.68,organic
9710,2024-05-20,1987-05-21,37,SP,7551.31,organic
9711,2026-01-08,2001-01-08,25,SP,1500.0,paid_search
9712,2024-11-04,1980-11-04,44,RS,10507.34,partner
9713,2026-08-20,1982-08-20,44,RS,1500.0,paid_search
9714,2024-09-27,1979-09-28,45,PR,4821.92,partner
9715,2023-03-31,1981-03-31,42,BA,5010.77,referral
9716,2025-01-14,1984-01-15,41,SP,6246.66,paid_search
9717,2025-03-10,1991-03-11,34,RJ,5900.42,referral
9718,2025-04-18,1981-04-18,44,RJ,9444.91,partner
9719,2025-01-19,1990-01-20,35,SP,6792.26,partner
9720,2024-02-01,1987-02-01,37,RJ,3342.6,organic
9721,2023-11-23,1977-11-23,46,SP,7109.06,partner
9722,2026-08-03,2005-08-03,21,RS,1761.32,organic
9723,2023-10-06,1979-10-06,44,RS,1730.65,partner
9724,2025-12-12,1981-12-12,44,RS,7809.73,paid_search
9725,2026-03-27,2002-03-27,24,SP,6368.92,social_media
9726,2026-08-10,1984-08-10,42,PE,5701.45,partner
9727,2025-04-25,2007-04-26,18,SP,4349.01,paid_search
9728,2026-02-21,1991-02-22,35,SP,4152.95,partner
9729,2024-01-20,1982-01-20,42,RJ,13965.26,referral
9730,2025-01-18,1979-01-19,46,SP,7970.46,referral
9731,2025-09-01,1980-09-01,45,SP,2349.88,partner
9732,2025-10-20,1976-10-20,49,PE,9245.83,referral
9733,2024-07-10,1993-07-11,31,MG,4523.09,paid_search
9734,2024-07-11,1970-07-12,54,RJ,9926.51,organic
9735,2025-01-30,1960-01-31,65,BA,13182.87,referral
9736,2026-01-04,1994-01-04,32,PE,5946.4,paid_search
9737,2024-05-17,1998-05-18,26,MG,3032.45,paid_search
9738,2024-02-10,1998-02-10,26,SP,5047.56,social_media
9739,2026-03-28,1977-03-28,49,CE,5774.16,referral
9740,2023-08-28,1977-08-28,46,MG,8462.26,paid_search
9741,2024-07-18,1995-07-19,29,RS,5310.36,organic
9742,2025-12-04,1983-12-05,42,PE,3236.8,partner
9743,2023-04-04,1989-04-04,34,BA,5326.22,referral
9744,2025-10-01,2000-10-01,25,SP,2991.07,social_media
9745,2025-06-18,1980-06-18,45,PE,2605.49,partner
9746,2024-05-23,1973-05-24,51,SP,4040.87,organic
9747,2025-11-05,1952-11-05,73,MG,10865.3,referral
9748,2024-09-25,1993-09-26,31,PE,3525.02,paid_search
9749,2024-10-28,1992-10-28,32,PE,5643.64,partner
9750,2026-05-08,1987-05-09,39,RS,5650.84,paid_search
9751,2026-05-01,1984-05-01,42,SP,9181.36,organic
9752,2026-02-07,1984-02-08,42,CE,2444.26,organic
9753,2023-04-24,1984-04-24,39,BA,3529.61,referral
9754,2024-03-10,1995-03-11,29,SP,2264.75,social_media
9755,2026-07-16,1982-07-16,44,RJ,2888.63,paid_search
9756,2024-08-08,1995-08-09,29,PR,2663.42,paid_search
9757,2024-08-09,1980-08-09,44,RS,5833.99,paid_search
9758,2023-11-21,1988-11-21,35,MG,5493.23,paid_search
9759,2023-11-04,1991-11-04,32,PE,10580.89,referral
9760,2024-07-11,1996-07-11,28,BA,1724.12,social_media
9761,2026-06-30,1983-07-01,43,RS,11985.33,paid_search
9762,2024-08-14,2000-08-14,24,BA,5629.2,social_media
9763,2023-12-16,2005-12-16,18,SP,3878.46,social_media
9764,2025-11-16,2007-11-17,18,BA,4424.26,paid_search
9765,2026-06-19,2008-06-19,18,PR,4343.57,paid_search
9766,2025-06-25,1994-06-26,31,RJ,3499.9,referral
9767,2024-12-04,1989-12-05,35,SP,3072.6,partner
9768,2024-03-31,1967-04-01,57,RJ,5132.03,referral
9769,2024-02-23,1977-02-23,47,SP,4903.07,partner
9770,2026-07-30,1990-07-30,36,MG,6663.2,referral
9771,2023-07-09,1984-07-09,39,CE,9412.75,organic
9772,2023-10-25,1969-10-25,54,RS,4796.94,partner
9773,2026-06-14,2008-06-14,18,PR,1500.0,paid_search
9774,2023-07-11,1967-07-11,56,SP,8555.94,referral
9775,2024-04-16,1984-04-16,40,SP,1810.49,referral
9776,2024-11-20,1995-11-21,29,PE,1500.0,paid_search
9777,2023-08-20,1985-08-20,38,BA,5791.47,paid_search
9778,2025-06-22,1992-06-22,33,SP,4957.83,paid_search
9779,2023-09-28,1953-09-28,70,RJ,18069.91,referral
9780,2023-09-16,1979-09-16,44,MG,9441.12,partner
9781,2025-05-12,1985-05-12,40,PE,5702.38,referral
9782,2026-01-18,1969-01-18,57,CE,4967.95,organic
9783,2026-06-04,2002-06-04,24,CE,3901.3,social_media
9784,2026-07-03,1989-07-03,37,MG,2004.5,organic
9785,2023-06-26,1979-06-26,44,CE,2730.41,paid_search
9786,2024-10-17,1988-10-17,36,PE,4735.91,partner
9787,2025-01-25,1981-01-25,44,SP,3138.69,partner
9788,2024-01-27,1971-01-27,53,RS,6407.31,referral
9789,2024-05-11,1990-05-12,34,PR,2834.54,partner
9790,2026-06-01,2008-06-01,18,PE,1500.0,paid_search
9791,2024-09-25,1971-09-26,53,CE,2699.19,organic
9792,2024-05-31,2000-05-31,24,RS,7893.32,social_media
9793,2024-01-28,2001-01-28,23,RS,4473.46,paid_search
9794,2026-04-12,2003-04-13,23,PE,3681.43,paid_search
9795,2023-01-07,1983-01-07,40,PE,8364.51,paid_search
9796,2026-02-27,1982-02-27,44,PE,6358.14,partner
9797,2024-05-17,1968-05-17,56,PE,4049.21,organic
9798,2026-08-14,1972-08-14,54,MG,1627.76,organic
9799,2023-01-17,1995-01-17,28,SP,3949.49,social_media
9800,2024-05-02,1964-05-02,60,BA,7419.08,organic
9801,2026-02-18,2008-02-19,18,BA,2227.08,organic
9802,2026-08-03,2008-08-03,18,PE,1713.21,social_media
9803,2023-01-12,1958-01-12,65,RS,10395.03,partner
9804,2026-02-27,2005-02-27,21,RJ,5591.78,organic
9805,2025-06-15,2001-06-15,24,PR,1500.0,organic
9806,2024-05-08,2006-05-09,18,PE,2567.62,organic
9807,2026-07-18,1990-07-18,36,SP,1721.52,paid_search
9808,2025-08-26,1981-08-26,44,PE,10471.62,paid_search
9809,2026-08-11,1989-08-11,37,CE,6583.49,paid_search
9810,2025-07-27,1989-07-27,36,RS,3185.71,referral
9811,2024-09-24,1975-09-25,49,RJ,8421.63,partner
9812,2023-01-19,2005-01-19,18,PR,4995.74,organic
9813,2025-02-24,1987-02-25,38,RJ,4294.43,referral
9814,2025-09-12,1985-09-12,40,SP,3328.11,paid_search
9815,2026-05-13,1972-05-13,54,PE,2956.69,organic
9816,2026-01-21,1973-01-21,53,PE,3133.56,partner
9817,2026-02-11,1996-02-12,30,BA,7140.73,referral
9818,2025-12-20,1988-12-20,37,RJ,2890.74,referral
9819,2023-09-26,1979-09-26,44,PE,3435.82,paid_search
9820,2024-01-29,1978-01-29,46,RS,2244.98,referral
9821,2025-06-15,1989-06-15,36,PR,1500.0,referral
9822,2023-09-12,1985-09-12,38,RJ,3234.44,organic
9823,2026-01-13,2003-01-14,23,RJ,3682.26,social_media
9824,2026-03-07,1952-03-07,74,PE,9648.89,partner
9825,2024-06-19,2006-06-20,18,PE,1500.0,organic
9826,2025-08-31,1969-08-31,56,SP,5955.66,organic
9827,2023-07-30,2005-07-30,18,BA,1889.9,organic
9828,2025-02-08,1979-02-09,46,RS,10402.67,partner
9829,2025-02-13,2006-02-14,19,MG,6612.11,organic
9830,2026-07-31,1979-08-01,47,CE,3139.23,referral
9831,2025-04-20,2003-04-21,22,CE,3771.46,paid_search
9832,2024-10-03,2000-10-03,24,RJ,2502.08,paid_search
9833,2026-02-17,1985-02-17,41,PE,4585.29,paid_search
9834,2025-01-11,1988-01-12,37,RS,7430.78,paid_search
9835,2025-09-20,1981-09-20,44,RS,2512.22,referral
9836,2024-04-10,1980-04-10,44,CE,3938.5,partner
9837,2026-07-27,1978-07-27,48,PR,4876.28,partner
9838,2025-07-19,1983-07-20,42,MG,7196.97,organic
9839,2024-01-29,1979-01-29,45,PE,8562.4,organic
9840,2023-02-27,1984-02-28,39,MG,3797.64,paid_search
9841,2025-10-26,1992-10-26,33,MG,3252.82,partner
9842,2023-11-27,1987-11-27,36,RJ,4638.83,paid_search
9843,2023-05-26,1995-05-26,28,SP,4196.38,paid_search
9844,2025-02-20,1994-02-21,31,SP,5845.7,organic
9845,2025-05-13,1993-05-13,32,PE,8121.94,referral
9846,2023-12-03,1975-12-03,48,PR,2669.9,referral
9847,2023-10-23,1984-10-23,39,CE,7554.68,organic
9848,2023-02-25,1972-02-26,51,PE,5485.42,partner
9849,2023-04-25,1999-04-25,24,PR,4511.94,organic
9850,2024-02-28,1978-02-28,46,RJ,6033.62,referral
9851,2024-08-31,1959-09-01,65,CE,8037.74,partner
9852,2023-11-13,1995-11-13,28,PE,3835.71,social_media
9853,2026-07-30,1983-07-31,43,PE,3394.98,partner
9854,2025-05-08,2003-05-09,22,PR,9226.88,paid_search
9855,2023-02-03,2001-02-03,22,SP,2855.58,social_media
9856,2024-11-20,1981-11-21,43,SP,13270.09,referral
9857,2026-03-20,1955-03-21,71,SP,8141.86,organic
9858,2025-03-07,1992-03-07,33,PE,4850.69,partner
9859,2026-06-02,1996-06-02,30,SP,3106.98,referral
9860,2023-08-08,2005-08-08,18,MG,2252.81,organic
9861,2023-03-31,2005-03-31,18,PE,2807.03,social_media
9862,2024-06-28,1990-06-29,34,PE,7092.12,partner
9863,2023-06-10,1972-06-10,51,SP,3804.32,partner
9864,2023-12-20,1994-12-20,29,RJ,2904.36,social_media
9865,2025-03-02,1988-03-02,37,SP,4502.58,referral
9866,2025-05-01,1978-05-02,47,RS,6359.16,organic
9867,2024-11-02,1970-11-03,54,SP,4924.91,referral
9868,2026-07-14,1991-07-15,35,RJ,6745.22,organic
9869,2025-06-17,2002-06-18,23,CE,6059.08,social_media
9870,2023-10-13,2005-10-13,18,SP,5995.83,social_media
9871,2026-06-16,1996-06-16,30,SP,11125.22,partner
9872,2023-05-18,1987-05-18,36,SP,1994.17,referral
9873,2026-05-31,1997-05-31,29,CE,15985.63,organic
9874,2023-02-08,1979-02-08,44,SP,1920.59,partner
9875,2026-06-24,2008-06-24,18,BA,1854.45,social_media
9876,2026-08-27,1982-08-27,44,SP,5755.84,organic
9877,2025-04-06,1990-04-07,35,SP,3752.97,referral
9878,2023-05-12,1982-05-12,41,SP,3708.19,paid_search
9879,2025-10-24,1988-10-24,37,SP,6986.31,paid_search
9880,2025-12-12,1990-12-13,35,RS,6009.28,partner
9881,2026-04-15,1999-04-16,27,SP,3224.68,organic
9882,2024-07-15,1986-07-16,38,RS,5019.56,referral
9883,2025-02-09,1986-02-10,39,MG,5348.51,partner
9884,2023-10-08,1975-10-08,48,MG,4713.21,organic
9885,2023-10-02,1980-10-02,43,PE,13312.49,referral
9886,2023-05-19,1981-05-19,42,MG,2823.94,paid_search
9887,2025-02-07,2002-02-08,23,SP,2720.74,social_media
9888,2025-08-12,2002-08-13,23,RJ,4685.6,paid_search
9889,2023-09-20,1973-09-20,50,SP,2128.08,referral
9890,2023-05-15,1975-05-15,48,SP,3344.58,organic
9891,2025-01-12,1980-01-13,45,PR,5716.36,organic
9892,2024-06-11,1994-06-12,30,RS,8581.17,paid_search
9893,2023-06-10,1981-06-10,42,SP,4147.08,paid_search
9894,2026-04-08,2007-04-09,19,SP,4982.55,organic
9895,2023-12-08,1978-12-08,45,PR,7420.92,paid_search
9896,2026-01-02,1994-01-02,32,RJ,4313.71,paid_search
9897,2023-06-07,1976-06-07,47,RS,3714.06,paid_search
9898,2025-06-23,1987-06-24,38,SP,11414.22,organic
9899,2023-07-27,2005-07-27,18,PE,7216.69,organic
9900,2026-07-07,1994-07-07,32,MG,1770.46,referral
9901,2023-04-25,1975-04-25,48,PR,3322.89,partner
9902,2024-05-10,1981-05-11,43,CE,9186.06,organic
9903,2025-07-20,1992-07-20,33,CE,1951.66,referral
9904,2026-08-09,1988-08-09,38,PE,3429.17,referral
9905,2024-04-22,1991-04-23,33,PE,7197.4,partner
9906,2023-06-19,1960-06-19,63,SP,4729.5,partner
9907,2024-10-12,1985-10-13,39,MG,1500.0,organic
9908,2026-07-08,1972-07-08,54,MG,3454.08,organic
9909,2025-04-13,1992-04-13,33,SP,5457.83,organic
9910,2025-11-04,1991-11-05,34,SP,4827.22,referral
9911,2025-04-25,1983-04-26,42,RJ,5907.9,partner
9912,2023-09-13,2000-09-13,23,PE,3123.04,social_media
9913,2023-07-11,1974-07-11,49,SP,2771.54,partner
9914,2025-04-02,2007-04-03,18,SP,7891.42,social_media
9915,2026-05-31,2004-05-31,22,RJ,3833.2,social_media
9916,2026-08-30,1963-08-31,63,SP,5290.07,partner
9917,2025-02-26,1955-02-27,70,RS,10115.81,organic
9918,2026-08-31,1994-08-31,32,MG,4931.29,partner
9919,2023-12-15,1994-12-15,29,BA,3461.67,organic
9920,2024-03-24,1973-03-25,51,SP,13278.1,referral
9921,2023-04-06,1970-04-06,53,MG,29694.59,partner
9922,2025-12-06,1984-12-06,41,RS,4264.02,organic
9923,2023-07-18,1961-07-18,62,RS,2378.66,organic
9924,2023-06-25,1985-06-25,38,PE,5006.07,referral
9925,2024-11-30,1978-12-01,46,RJ,6589.16,partner
9926,2024-04-07,2000-04-07,24,RJ,2776.11,organic
9927,2024-07-18,1977-07-19,47,PE,4529.25,paid_search
9928,2023-04-07,1997-04-07,26,PE,6155.96,social_media
9929,2025-08-11,1984-08-11,41,PR,4259.27,organic
9930,2025-11-27,2005-11-27,20,PE,1500.0,organic
9931,2023-01-26,1966-01-26,57,RJ,9266.01,partner
9932,2025-12-14,1995-12-15,30,SP,5764.94,referral
9933,2025-01-16,2007-01-17,18,PE,2234.78,social_media
9934,2025-08-29,1979-08-30,46,SP,9184.01,organic
9935,2023-12-27,1974-12-27,49,MG,6813.17,partner
9936,2026-03-08,1989-03-08,37,SP,4202.56,referral
9937,2026-02-03,2002-02-03,24,SP,6117.63,organic
9938,2023-12-18,2003-12-18,20,RJ,2123.17,social_media
9939,2025-12-20,1979-12-21,46,RS,7767.78,organic
9940,2023-10-07,1965-10-07,58,SP,3239.83,organic
9941,2024-10-02,1981-10-03,43,SP,8098.05,referral
9942,2023-08-26,1986-08-26,37,SP,1500.0,organic
9943,2023-05-07,1978-05-07,45,SP,2496.38,organic
9944,2026-03-07,1996-03-07,30,SP,4045.29,referral
9945,2023-07-18,1973-07-18,50,RJ,10601.21,referral
9946,2023-12-29,1975-12-29,48,RS,5823.06,partner
9947,2026-03-29,1983-03-30,43,SP,4327.62,partner
9948,2025-08-06,1994-08-07,31,SP,5012.16,partner
9949,2025-06-22,2007-06-23,18,BA,3137.03,organic
9950,2025-09-21,2004-09-21,21,PR,1500.0,organic
9951,2023-10-07,2005-10-07,18,BA,2870.7,paid_search
9952,2024-05-22,1984-05-22,40,SP,4831.69,paid_search
9953,2023-07-18,1965-07-18,58,SP,7566.27,organic
9954,2025-02-22,1975-02-23,50,RJ,2118.56,partner
9955,2024-10-01,1980-10-01,44,SP,6506.93,referral
9956,2025-03-01,1988-03-01,37,PE,3994.63,paid_search
9957,2023-10-25,1988-10-25,35,SP,2628.09,referral
9958,2025-03-01,1990-03-02,35,BA,8521.93,organic
9959,2023-08-11,2002-08-11,21,MG,3659.95,social_media
9960,2024-10-14,1988-10-14,36,CE,5421.54,paid_search
9961,2025-10-07,1988-10-07,37,MG,2642.05,paid_search
9962,2024-01-19,1985-01-19,39,PE,3945.61,paid_search
9963,2023-12-16,1983-12-16,40,RJ,8225.76,partner
9964,2026-02-27,1982-02-27,44,MG,7063.12,partner
9965,2024-04-14,1975-04-15,49,PR,13359.15,partner
9966,2023-08-13,1986-08-13,37,MG,9149.05,organic
9967,2025-02-18,1982-02-19,43,PE,3151.94,paid_search
9968,2025-04-13,1977-04-13,48,BA,3851.11,organic
9969,2025-06-30,1986-07-01,39,CE,3913.06,paid_search
9970,2023-06-24,1979-06-24,44,PR,1739.89,partner
9971,2026-08-25,1973-08-25,53,SP,3408.63,partner
9972,2025-08-30,1992-08-30,33,SP,2320.55,paid_search
9973,2026-02-08,1985-02-08,41,RJ,4227.74,partner
9974,2025-10-21,1993-10-21,32,PR,4221.43,paid_search
9975,2025-08-20,1978-08-21,47,MG,4774.57,referral
9976,2025-12-13,1987-12-14,38,MG,11623.22,organic
9977,2023-10-25,1992-10-25,31,SP,6788.99,organic
9978,2026-04-25,2003-04-26,23,RJ,6185.75,paid_search
9979,2025-10-24,2007-10-25,18,SP,2669.57,organic
9980,2023-10-01,1975-10-01,48,BA,5595.69,paid_search
9981,2025-12-16,1991-12-17,34,SP,5451.17,paid_search
9982,2025-10-02,2001-10-02,24,RJ,4647.32,social_media
9983,2025-05-13,1987-05-14,38,CE,1607.84,partner
9984,2025-06-25,2007-06-26,18,SP,5404.75,social_media
9985,2025-09-21,1996-09-21,29,SP,5304.22,organic
9986,2025-09-20,2004-09-20,21,SP,2046.29,organic
9987,2024-09-21,1989-09-22,35,SP,1655.25,partner
9988,2025-04-02,1988-04-02,37,SP,12496.26,partner
9989,2023-10-21,1994-10-21,29,SP,2184.18,organic
9990,2023-01-30,1993-01-30,30,SP,10542.03,referral
9991,2023-01-03,1969-01-03,54,PR,6777.78,referral
9992,2024-04-09,1991-04-10,33,RJ,6852.23,paid_search
9993,2024-01-14,1987-01-14,37,SP,8099.48,paid_search
9994,2024-08-03,1988-08-03,36,RS,2890.75,paid_search
9995,2025-07-14,1981-07-14,44,CE,7745.7,organic
9996,2023-10-23,2000-10-23,23,SP,3136.86,social_media
9997,2025-04-25,1997-04-25,28,SP,2862.94,organic
9998,2023-09-26,1982-09-26,41,SP,16585.58,referral
9999,2026-08-09,2006-08-09,20,RJ,3351.74,paid_search
10000,2026-03-29,1970-03-29,56,SP,1743.75,referral
